datetime,PM2.5,PM10,NO2,CO,temperature,humidity,wind_speed,AQI,AQI_Category
2025-01-01 00:00:00,185.8,188.6,56.7,1.907,8.1,100,0.8055555555555555,197,Moderate
2025-01-01 01:00:00,174.6,177.4,44.8,1.669,7.7,100,0.888888888888889,198,Moderate
2025-01-01 02:00:00,164.4,166.7,34.6,1.493,7.5,100,1.25,199,Moderate
2025-01-01 03:00:00,156.5,158.8,26.7,1.401,7.8,99,1.6666666666666665,200,Moderate
2025-01-01 04:00:00,149.5,151.8,20.6,1.372,7.3,100,1.8888888888888888,200,Moderate
2025-01-01 05:00:00,156.5,158.3,33.3,1.387,7.6,99,2.0277777777777777,201,Poor
2025-01-01 06:00:00,144.4,146.2,31.4,1.486,8.1,99,1.3333333333333333,201,Poor
2025-01-01 07:00:00,138.3,140.6,28.7,1.629,8.0,99,1.1111111111111112,201,Poor
2025-01-01 08:00:00,136.4,138.8,26.0,1.683,8.4,99,1.8055555555555556,200,Moderate
2025-01-01 09:00:00,141.1,143.0,23.3,1.556,9.4,97,2.2222222222222223,200,Moderate
2025-01-01 10:00:00,129.9,132.2,20.5,1.338,11.3,89,2.4444444444444446,200,Moderate
2025-01-01 11:00:00,122.5,125.3,18.2,1.169,13.1,81,2.25,200,Moderate
2025-01-01 12:00:00,115.5,118.3,15.4,1.079,14.6,77,1.75,200,Moderate
2025-01-01 13:00:00,108.7,111.8,13.1,1.037,15.8,73,1.7222222222222223,200,Moderate
2025-01-01 14:00:00,103.6,106.6,14.1,1.085,16.5,72,1.75,201,Poor
2025-01-01 15:00:00,99.4,102.7,21.0,1.291,16.9,70,1.9166666666666667,201,Poor
2025-01-01 16:00:00,100.4,102.9,31.3,1.586,16.5,72,1.6666666666666665,201,Poor
2025-01-01 17:00:00,148.5,151.8,52.6,1.813,14.9,80,1.3055555555555556,202,Poor
2025-01-01 18:00:00,157.4,160.7,55.0,1.91,12.2,88,0.7777777777777777,202,Poor
2025-01-01 19:00:00,162.1,165.3,58.0,1.939,11.4,90,1.0,201,Poor
2025-01-01 20:00:00,167.6,170.4,58.6,1.917,10.9,92,1.1111111111111112,200,Moderate
2025-01-01 21:00:00,171.8,174.6,55.1,1.833,10.4,93,1.2222222222222223,199,Moderate
2025-01-01 22:00:00,175.1,178.3,49.2,1.699,10.1,94,1.3333333333333333,198,Moderate
2025-01-01 23:00:00,174.2,177.0,42.6,1.573,9.6,96,1.5,198,Moderate
2025-01-02 00:00:00,167.6,170.4,35.3,1.469,9.3,96,1.6388888888888888,197,Moderate
2025-01-02 01:00:00,163.0,165.8,27.3,1.373,8.9,97,1.472222222222222,197,Moderate
2025-01-02 02:00:00,157.9,160.7,21.0,1.306,8.7,97,1.7222222222222223,197,Moderate
2025-01-02 03:00:00,151.8,154.6,17.0,1.263,8.4,98,2.0277777777777777,196,Moderate
2025-01-02 04:00:00,146.7,149.5,14.6,1.248,8.4,98,2.1666666666666665,196,Moderate
2025-01-02 05:00:00,147.1,149.9,15.3,1.298,8.8,98,2.4722222222222223,196,Moderate
2025-01-02 06:00:00,143.4,146.7,19.6,1.479,8.6,98,2.1666666666666665,196,Moderate
2025-01-02 07:00:00,146.7,150.4,25.4,1.725,8.5,98,2.111111111111111,196,Moderate
2025-01-02 08:00:00,148.1,151.8,28.4,1.865,9.7,95,2.5,196,Moderate
2025-01-02 09:00:00,149.5,152.7,26.2,1.804,11.6,90,1.75,196,Moderate
2025-01-02 10:00:00,139.2,143.9,21.2,1.638,13.4,83,1.5277777777777777,197,Moderate
2025-01-02 11:00:00,129.5,134.6,17.0,1.488,15.1,77,1.5,197,Moderate
2025-01-02 12:00:00,118.5,123.9,13.7,1.358,16.5,73,1.6666666666666665,197,Moderate
2025-01-02 13:00:00,107.1,112.9,11.2,1.244,17.6,69,1.8611111111111112,197,Moderate
2025-01-02 14:00:00,100.4,105.7,12.5,1.253,18.3,66,2.111111111111111,197,Moderate
2025-01-02 15:00:00,97.8,102.4,20.6,1.486,18.4,66,2.1944444444444446,197,Moderate
2025-01-02 16:00:00,100.8,104.3,32.6,1.842,17.9,71,1.5833333333333333,197,Moderate
2025-01-02 17:00:00,131.3,136.4,50.7,2.121,16.0,79,1.2222222222222223,197,Moderate
2025-01-02 18:00:00,144.4,148.5,55.9,2.239,13.6,83,1.2222222222222223,197,Moderate
2025-01-02 19:00:00,155.5,159.7,63.1,2.28,13.2,84,1.3055555555555556,196,Moderate
2025-01-02 20:00:00,169.0,173.2,68.0,2.292,12.4,86,1.3055555555555556,196,Moderate
2025-01-02 21:00:00,182.5,187.2,68.9,2.293,11.9,88,1.0555555555555556,196,Moderate
2025-01-02 22:00:00,194.6,198.8,67.6,2.266,11.2,90,0.8333333333333333,196,Moderate
2025-01-02 23:00:00,196.5,200.2,64.7,2.206,10.5,93,0.75,197,Moderate
2025-01-03 00:00:00,189.1,192.8,60.1,2.094,9.6,96,1.1111111111111112,197,Moderate
2025-01-03 01:00:00,182.5,186.3,53.9,1.948,9.4,96,1.1111111111111112,198,Moderate
2025-01-03 02:00:00,176.5,180.2,47.6,1.823,9.1,97,1.25,198,Moderate
2025-01-03 03:00:00,171.4,175.1,40.4,1.697,8.9,98,1.1944444444444444,199,Moderate
2025-01-03 04:00:00,167.2,170.9,33.1,1.592,8.6,100,1.5277777777777777,199,Moderate
2025-01-03 05:00:00,168.1,171.8,29.7,1.624,8.1,100,1.4166666666666665,199,Moderate
2025-01-03 06:00:00,163.0,167.2,34.2,1.939,9.0,100,1.472222222222222,200,Moderate
2025-01-03 07:00:00,167.6,171.8,40.1,2.392,8.8,99,1.3611111111111112,201,Poor
2025-01-03 08:00:00,171.4,175.6,43.0,2.664,9.5,98,1.3888888888888888,202,Poor
2025-01-03 09:00:00,168.6,172.3,40.3,2.582,10.4,99,0.9166666666666666,203,Poor
2025-01-03 10:00:00,157.9,163.0,34.5,2.319,12.2,96,0.7777777777777777,203,Poor
2025-01-03 11:00:00,136.4,143.9,29.1,2.07,14.5,86,0.6944444444444444,204,Poor
2025-01-03 12:00:00,111.5,121.5,23.3,1.836,16.6,77,0.888888888888889,204,Poor
2025-01-03 13:00:00,94.3,106.4,17.9,1.618,18.2,70,1.0,204,Poor
2025-01-03 14:00:00,83.4,96.4,18.5,1.609,19.0,67,1.1388888888888888,204,Poor
2025-01-03 15:00:00,79.4,91.7,29.9,2.006,19.2,66,1.1944444444444444,203,Poor
2025-01-03 16:00:00,85.7,95.2,47.4,2.613,18.7,74,0.7777777777777777,202,Poor
2025-01-03 17:00:00,133.2,151.3,83.7,3.04,16.6,80,1.0,201,Poor
2025-01-03 18:00:00,160.2,177.4,89.8,3.11,14.4,84,0.9166666666666666,202,Poor
2025-01-03 19:00:00,181.6,198.4,98.1,2.999,13.6,87,0.8333333333333333,202,Poor
2025-01-03 20:00:00,197.0,213.7,103.3,2.851,12.7,90,0.7777777777777777,203,Poor
2025-01-03 21:00:00,211.4,228.2,103.6,2.688,11.9,93,0.75,204,Poor
2025-01-03 22:00:00,225.4,241.2,100.8,2.487,11.0,95,1.0,206,Poor
2025-01-03 23:00:00,228.2,244.0,95.7,2.32,10.6,96,1.0,207,Poor
2025-01-04 00:00:00,213.7,229.1,87.2,2.22,10.1,97,1.3055555555555556,208,Poor
2025-01-04 01:00:00,197.4,212.8,76.3,2.155,9.7,98,1.3333333333333333,209,Poor
2025-01-04 02:00:00,184.4,198.8,66.9,2.098,8.4,100,1.3333333333333333,210,Poor
2025-01-04 03:00:00,174.6,188.1,59.5,1.984,8.0,100,1.2222222222222223,210,Poor
2025-01-04 04:00:00,169.5,183.5,53.5,1.879,7.8,100,0.9166666666666666,210,Poor
2025-01-04 05:00:00,172.3,187.2,53.3,1.955,7.6,100,1.1666666666666667,210,Poor
2025-01-04 06:00:00,178.8,195.6,55.7,2.39,8.2,99,0.1388888888888889,211,Poor
2025-01-04 07:00:00,199.8,218.4,58.8,3.005,8.4,99,0.3055555555555556,211,Poor
2025-01-04 08:00:00,211.9,227.7,60.1,3.1689999999999996,9.6,93,0.3055555555555556,213,Poor
2025-01-04 09:00:00,194.6,206.3,58.5,3.1689999999999996,10.6,95,0.4722222222222222,214,Poor
2025-01-04 10:00:00,178.3,188.6,55.0,3.1689999999999996,12.2,98,0.4722222222222222,215,Poor
2025-01-04 11:00:00,133.2,143.0,50.5,3.1689999999999996,14.4,93,0.6666666666666666,216,Poor
2025-01-04 12:00:00,97.3,104.1,41.5,2.847,17.0,80,0.9444444444444444,216,Poor
2025-01-04 13:00:00,77.3,81.5,31.5,2.318,18.8,73,0.8611111111111112,216,Poor
2025-01-04 14:00:00,68.7,71.5,31.8,2.059,19.9,68,0.8333333333333333,215,Poor
2025-01-04 15:00:00,67.1,69.2,51.2,2.349,20.1,67,0.9166666666666666,214,Poor
2025-01-04 16:00:00,82.7,84.3,80.9,2.91,19.5,73,0.9166666666666666,214,Poor
2025-01-04 17:00:00,167.2,176.5,110.1,3.1689999999999996,17.1,81,1.25,214,Poor
2025-01-04 18:00:00,201.6,210.0,122.8,3.1689999999999996,14.3,84,1.4444444444444444,215,Poor
2025-01-04 19:00:00,218.9,226.8,134.8,3.1,13.8,87,1.6666666666666665,217,Poor
2025-01-04 20:00:00,218.4,225.4,134.8,2.883,13.0,90,1.75,218,Poor
2025-01-04 21:00:00,205.8,212.3,134.6,2.666,12.2,93,1.7222222222222223,219,Poor
2025-01-04 22:00:00,195.1,201.6,112.8,2.418,11.6,95,1.7222222222222223,219,Poor
2025-01-04 23:00:00,187.2,193.2,92.6,2.199,10.9,95,1.7222222222222223,218,Poor
2025-01-05 00:00:00,179.7,185.3,77.6,2.024,9.7,96,1.4166666666666665,216,Poor
2025-01-05 01:00:00,176.5,182.5,64.3,1.877,8.8,97,1.3611111111111112,215,Poor
2025-01-05 02:00:00,178.3,184.9,53.5,1.775,8.3,98,1.1388888888888888,214,Poor
2025-01-05 03:00:00,181.1,188.1,45.4,1.736,8.2,98,0.6111111111111112,213,Poor
2025-01-05 04:00:00,182.5,189.5,39.8,1.742,7.9,100,0.6111111111111112,214,Poor
2025-01-05 05:00:00,221.2,229.1,60.1,1.75,7.8,100,0.9444444444444444,214,Poor
2025-01-05 06:00:00,204.4,211.9,58.2,1.76,8.4,99,1.3333333333333333,216,Poor
2025-01-05 07:00:00,204.4,210.0,55.2,1.772,8.4,99,1.8611111111111112,217,Poor
2025-01-05 08:00:00,200.7,205.4,50.9,1.749,9.0,99,2.4722222222222223,218,Poor
2025-01-05 09:00:00,187.7,193.2,44.4,1.657,10.0,98,2.5833333333333335,217,Poor
2025-01-05 10:00:00,178.8,184.9,36.5,1.528,11.6,90,2.5277777777777777,217,Poor
2025-01-05 11:00:00,160.7,168.1,29.7,1.424,13.7,85,1.6388888888888888,217,Poor
2025-01-05 12:00:00,136.9,144.8,23.4,1.347,15.6,80,1.2777777777777777,218,Poor
2025-01-05 13:00:00,120.6,128.5,18.2,1.294,17.0,76,1.2777777777777777,220,Poor
2025-01-05 14:00:00,114.6,122.0,17.8,1.315,18.0,72,1.2777777777777777,221,Poor
2025-01-05 15:00:00,112.2,119.0,26.4,1.474,18.3,71,1.3888888888888888,223,Poor
2025-01-05 16:00:00,115.3,120.6,39.8,1.707,17.9,74,1.5833333333333333,225,Poor
2025-01-05 17:00:00,116.2,120.1,44.5,1.877,16.2,80,1.8055555555555556,227,Poor
2025-01-05 18:00:00,129.9,133.2,46.9,1.927,14.0,87,2.111111111111111,224,Poor
2025-01-05 19:00:00,135.0,138.3,50.0,1.915,13.2,90,2.0,221,Poor
2025-01-05 20:00:00,137.4,140.2,51.1,1.87,12.6,91,1.9166666666666667,218,Poor
2025-01-05 21:00:00,138.3,141.1,48.6,1.776,12.1,92,1.75,215,Poor
2025-01-05 22:00:00,141.1,143.9,44.1,1.651,11.4,94,1.2777777777777777,212,Poor
2025-01-05 23:00:00,143.9,146.7,39.5,1.578,10.6,95,1.1111111111111112,210,Poor
2025-01-06 00:00:00,142.5,145.3,34.9,1.624,10.2,97,0.6111111111111112,208,Poor
2025-01-06 01:00:00,143.0,145.3,30.2,1.724,9.7,98,0.6944444444444444,206,Poor
2025-01-06 02:00:00,143.9,146.2,27.3,1.762,9.5,98,1.1388888888888888,205,Poor
2025-01-06 03:00:00,144.8,146.7,26.8,1.648,8.6,99,1.1944444444444444,203,Poor
2025-01-06 04:00:00,149.9,151.8,28.0,1.474,8.9,99,0.2777777777777778,202,Poor
2025-01-06 05:00:00,142.0,143.4,22.3,1.396,8.8,100,0.38888888888888884,200,Moderate
2025-01-06 06:00:00,145.3,146.7,28.3,1.538,9.4,100,0.5,199,Moderate
2025-01-06 07:00:00,153.7,154.6,36.4,1.777,10.1,99,0.9722222222222222,197,Moderate
2025-01-06 08:00:00,156.5,157.4,41.3,1.904,10.4,99,1.5833333333333333,196,Moderate
2025-01-06 09:00:00,152.7,154.1,40.1,1.81,11.9,93,0.5,195,Moderate
2025-01-06 10:00:00,143.9,145.3,35.7,1.603,13.4,91,0.3333333333333333,194,Moderate
2025-01-06 11:00:00,123.9,126.7,31.7,1.401,15.4,82,0.41666666666666663,194,Moderate
2025-01-06 12:00:00,117.6,121.1,27.9,1.212,16.5,78,0.7222222222222222,193,Moderate
2025-01-06 13:00:00,109.7,113.4,24.5,1.029,17.2,73,1.0,192,Moderate
2025-01-06 14:00:00,102.4,106.6,25.7,0.942,18.0,69,1.25,192,Moderate
2025-01-06 15:00:00,99.2,103.1,36.1,1.019,18.1,71,1.9444444444444444,192,Moderate
2025-01-06 16:00:00,101.3,104.8,51.2,1.194,17.5,75,2.2777777777777777,192,Moderate
2025-01-06 17:00:00,152.7,157.4,60.8,1.354,16.2,80,2.2222222222222223,191,Moderate
2025-01-06 18:00:00,163.9,167.6,59.3,1.49,14.3,85,1.8888888888888888,192,Moderate
2025-01-06 19:00:00,164.8,168.1,57.1,1.612,13.6,87,1.6944444444444442,193,Moderate
2025-01-06 20:00:00,163.4,166.7,53.5,1.642,13.5,87,1.972222222222222,193,Moderate
2025-01-06 21:00:00,160.7,163.4,48.0,1.516,13.1,88,2.2222222222222223,194,Moderate
2025-01-06 22:00:00,158.8,161.1,41.3,1.298,12.5,91,2.4722222222222223,195,Moderate
2025-01-06 23:00:00,152.3,154.6,34.4,1.104,11.9,94,2.5,195,Moderate
2025-01-07 00:00:00,141.6,143.4,27.3,0.968,11.6,95,2.638888888888889,195,Moderate
2025-01-07 01:00:00,132.2,133.6,20.1,0.856,11.3,96,2.7777777777777777,195,Moderate
2025-01-07 02:00:00,125.7,127.1,14.6,0.776,11.0,96,2.75,195,Moderate
2025-01-07 03:00:00,122.5,123.9,11.3,0.732,10.7,97,2.694444444444444,194,Moderate
2025-01-07 04:00:00,121.1,122.5,9.6,0.719,10.4,97,2.75,194,Moderate
2025-01-07 05:00:00,126.2,127.6,11.1,0.74,10.2,97,2.888888888888889,193,Moderate
2025-01-07 06:00:00,124.8,126.2,15.5,0.819,11.2,99,3.3055555555555554,193,Moderate
2025-01-07 07:00:00,128.1,129.0,21.3,0.931,11.0,100,3.1666666666666665,193,Moderate
2025-01-07 08:00:00,129.9,130.9,24.4,0.997,11.2,98,2.5277777777777777,192,Moderate
2025-01-07 09:00:00,123.4,124.8,22.1,0.979,11.6,97,2.5277777777777777,191,Moderate
2025-01-07 10:00:00,111.3,112.5,17.0,0.916,13.1,91,2.6666666666666665,191,Moderate
2025-01-07 11:00:00,102.4,103.6,12.9,0.845,14.2,87,3.0277777777777777,190,Moderate
2025-01-07 12:00:00,95.2,96.4,10.5,0.754,15.6,79,3.5833333333333335,190,Moderate
2025-01-07 13:00:00,89.4,90.6,9.0,0.655,17.0,71,3.638888888888889,189,Moderate
2025-01-07 14:00:00,83.8,84.8,9.8,0.624,17.8,68,2.833333333333333,189,Moderate
2025-01-07 15:00:00,80.8,81.7,14.7,0.719,17.8,69,2.611111111111111,188,Moderate
2025-01-07 16:00:00,80.3,81.0,22.0,0.881,17.1,72,2.5833333333333335,188,Moderate
2025-01-07 17:00:00,86.8,87.5,36.7,1.01,15.9,78,2.388888888888889,187,Moderate
2025-01-07 18:00:00,97.3,98.0,38.5,1.071,13.9,85,1.5833333333333333,186,Moderate
2025-01-07 19:00:00,103.8,104.5,40.8,1.098,13.6,87,1.75,184,Moderate
2025-01-07 20:00:00,107.6,108.3,40.8,1.093,12.9,89,1.9444444444444444,183,Moderate
2025-01-07 21:00:00,108.3,109.2,36.9,1.047,12.4,91,2.138888888888889,182,Moderate
2025-01-07 22:00:00,107.8,108.7,30.7,0.969,11.9,92,2.2222222222222223,181,Moderate
2025-01-07 23:00:00,104.1,105.2,25.0,0.891,11.4,91,2.4166666666666665,180,Moderate
2025-01-08 00:00:00,96.9,98.0,20.5,0.813,10.8,90,2.5555555555555554,179,Moderate
2025-01-08 01:00:00,90.1,91.7,16.4,0.734,10.2,89,2.4166666666666665,178,Moderate
2025-01-08 02:00:00,84.3,85.9,13.4,0.682,9.8,89,2.5,177,Moderate
2025-01-08 03:00:00,79.6,81.3,11.4,0.655,9.4,89,2.6666666666666665,176,Moderate
2025-01-08 04:00:00,76.1,77.8,10.5,0.655,9.2,88,2.7777777777777777,175,Moderate
2025-01-08 05:00:00,76.6,78.2,12.4,0.717,9.1,87,2.861111111111111,174,Moderate
2025-01-08 06:00:00,74.7,76.1,17.7,0.907,8.9,89,2.8055555555555554,173,Moderate
2025-01-08 07:00:00,78.5,79.9,24.9,1.16,8.8,89,2.6666666666666665,172,Moderate
2025-01-08 08:00:00,81.0,82.0,28.7,1.313,9.7,85,2.75,171,Moderate
2025-01-08 09:00:00,80.3,81.3,26.1,1.28,11.3,81,2.2777777777777777,169,Moderate
2025-01-08 10:00:00,74.0,75.0,20.1,1.148,13.1,74,2.388888888888889,169,Moderate
2025-01-08 11:00:00,64.5,65.2,15.1,1.016,15.0,68,2.5,168,Moderate
2025-01-08 12:00:00,53.0,53.4,11.6,0.88,16.6,62,2.694444444444444,167,Moderate
2025-01-08 13:00:00,42.4,42.7,9.0,0.743,17.8,57,2.944444444444444,166,Moderate
2025-01-08 14:00:00,35.4,35.6,9.8,0.717,18.3,53,2.9166666666666665,165,Moderate
2025-01-08 15:00:00,31.9,32.0,15.9,0.892,18.2,53,2.694444444444444,164,Moderate
2025-01-08 16:00:00,32.2,32.4,25.4,1.178,17.5,58,1.8888888888888888,163,Moderate
2025-01-08 17:00:00,59.6,60.1,42.1,1.411,15.4,68,1.5555555555555554,162,Moderate
2025-01-08 18:00:00,71.0,71.5,49.8,1.529,14.9,71,1.6388888888888888,161,Moderate
2025-01-08 19:00:00,78.0,78.5,60.4,1.594,14.1,74,1.611111111111111,161,Moderate
2025-01-08 20:00:00,82.7,84.3,67.9,1.628,13.2,76,1.5,160,Moderate
2025-01-08 21:00:00,87.3,90.1,69.6,1.632,12.4,79,1.3888888888888888,159,Moderate
2025-01-08 22:00:00,95.0,98.7,68.2,1.606,11.6,81,1.2777777777777777,159,Moderate
2025-01-08 23:00:00,101.0,105.0,66.1,1.565,10.9,83,1.1944444444444444,159,Moderate
2025-01-09 00:00:00,102.7,106.9,63.6,1.501,10.3,84,0.8611111111111112,159,Moderate
2025-01-09 01:00:00,105.0,109.2,60.3,1.424,9.6,87,0.6388888888888888,159,Moderate
2025-01-09 02:00:00,106.9,111.3,57.2,1.376,8.8,90,0.8055555555555555,159,Moderate
2025-01-09 03:00:00,109.0,113.4,54.3,1.282,8.3,91,1.0,160,Moderate
2025-01-09 04:00:00,110.4,114.8,51.6,1.217,7.9,91,0.7777777777777777,160,Moderate
2025-01-09 05:00:00,122.0,127.1,58.3,1.456,7.6,92,0.6944444444444444,161,Moderate
2025-01-09 06:00:00,117.8,122.5,59.8,2.384,7.2,97,0.5277777777777778,162,Moderate
2025-01-09 07:00:00,132.7,137.4,61.4,3.1689999999999996,6.7,99,0.5555555555555556,163,Moderate
2025-01-09 08:00:00,156.5,160.2,59.7,3.1689999999999996,7.8,99,0.5277777777777778,164,Moderate
2025-01-09 09:00:00,135.5,139.2,51.8,3.1689999999999996,10.2,97,0.41666666666666663,166,Moderate
2025-01-09 10:00:00,102.4,105.5,40.6,2.711,13.4,86,0.5555555555555556,167,Moderate
2025-01-09 11:00:00,94.1,94.5,31.2,1.851,15.6,74,0.6666666666666666,168,Moderate
2025-01-09 12:00:00,82.2,82.4,23.1,1.428,17.0,66,0.5277777777777778,168,Moderate
2025-01-09 13:00:00,69.8,70.3,16.8,1.214,17.9,61,0.3055555555555556,169,Moderate
2025-01-09 14:00:00,62.2,62.6,19.5,1.306,18.4,59,0.08333333333333333,169,Moderate
2025-01-09 15:00:00,58.3,58.7,37.1,1.778,18.4,58,0.05555555555555556,170,Moderate
2025-01-09 16:00:00,63.8,64.0,63.5,2.558,18.1,60,0.2777777777777778,171,Moderate
2025-01-09 17:00:00,198.4,199.8,116.2,3.1689999999999996,16.1,70,0.16666666666666666,171,Moderate
2025-01-09 18:00:00,238.4,240.3,134.0,3.1689999999999996,15.2,73,0.5,174,Moderate
2025-01-09 19:00:00,245.0,285.0,134.8,3.1689999999999996,14.4,74,0.38888888888888884,178,Moderate
2025-01-09 20:00:00,245.0,326.0,134.8,3.1689999999999996,13.2,78,0.41666666666666663,183,Moderate
2025-01-09 21:00:00,245.0,356.7,134.8,3.1689999999999996,12.2,82,0.25,188,Moderate
2025-01-09 22:00:00,245.0,374.4,134.8,3.1689999999999996,11.3,86,0.3333333333333333,194,Moderate
2025-01-09 23:00:00,245.0,369.7,134.8,3.1689999999999996,10.4,90,0.4722222222222222,200,Moderate
2025-01-10 00:00:00,245.0,352.0,134.8,3.1689999999999996,9.6,94,0.5833333333333334,211,Poor
2025-01-10 01:00:00,245.0,339.0,134.8,3.1689999999999996,8.9,96,0.5,221,Poor
2025-01-10 02:00:00,245.0,327.8,128.7,2.966,8.4,98,0.4444444444444445,230,Poor
2025-01-10 03:00:00,245.0,319.4,118.3,2.713,7.9,100,0.3611111111111111,239,Poor
2025-01-10 04:00:00,245.0,313.9,109.7,2.706,7.8,100,0.22222222222222224,248,Poor
2025-01-10 05:00:00,245.0,308.3,90.4,2.775,7.4,100,0.41666666666666663,256,Poor
2025-01-10 06:00:00,245.0,293.4,87.1,2.945,7.9,100,1.0,264,Poor
2025-01-10 07:00:00,245.0,273.8,82.1,3.1689999999999996,7.4,99,1.2222222222222223,271,Poor
2025-01-10 08:00:00,245.0,276.6,75.7,3.1689999999999996,7.8,99,1.1111111111111112,277,Poor
2025-01-10 09:00:00,245.0,270.1,67.1,3.01,9.4,100,1.0833333333333333,282,Poor
2025-01-10 10:00:00,244.0,244.9,57.0,2.586,11.6,95,1.0833333333333333,288,Poor
2025-01-10 11:00:00,217.5,218.9,47.7,2.177,14.0,84,1.0,294,Poor
2025-01-10 12:00:00,185.8,187.7,37.4,1.776,15.9,76,1.0833333333333333,299,Poor
2025-01-10 13:00:00,153.7,156.0,28.0,1.39,17.0,68,1.1388888888888888,303,Very Poor
2025-01-10 14:00:00,133.6,135.5,27.3,1.227,17.5,62,1.0555555555555556,307,Very Poor
2025-01-10 15:00:00,124.8,127.1,42.2,1.463,17.5,60,1.1944444444444444,310,Very Poor
2025-01-10 16:00:00,139.2,141.1,65.7,1.921,17.0,64,1.0833333333333333,312,Very Poor
2025-01-10 17:00:00,231.9,235.6,86.3,2.282,15.2,75,0.7222222222222222,315,Very Poor
2025-01-10 18:00:00,245.0,265.4,95.8,2.439,13.4,83,0.9722222222222222,317,Very Poor
2025-01-10 19:00:00,245.0,285.0,108.4,2.499,12.3,88,1.1388888888888888,318,Very Poor
2025-01-10 20:00:00,245.0,296.2,114.6,2.456,11.4,91,1.1666666666666667,318,Very Poor
2025-01-10 21:00:00,245.0,295.2,109.6,2.268,11.0,92,1.2777777777777777,317,Very Poor
2025-01-10 22:00:00,245.0,284.1,98.3,1.978,10.4,93,1.3333333333333333,314,Very Poor
2025-01-10 23:00:00,245.0,270.1,85.1,1.71,10.1,93,1.4444444444444444,310,Very Poor
2025-01-11 00:00:00,245.0,253.3,70.0,1.496,9.6,93,1.4444444444444444,306,Very Poor
2025-01-11 01:00:00,238.4,240.3,53.2,1.303,9.2,94,1.472222222222222,302,Very Poor
2025-01-11 02:00:00,231.4,233.3,39.5,1.158,8.9,94,1.5833333333333333,298,Poor
2025-01-11 03:00:00,225.4,226.8,30.5,1.06,7.9,96,1.5,294,Poor
2025-01-11 04:00:00,217.9,219.8,24.6,1.01,7.6,96,1.472222222222222,291,Poor
2025-01-11 05:00:00,213.3,214.7,22.6,1.035,7.5,97,1.611111111111111,287,Poor
2025-01-11 06:00:00,193.7,194.6,27.4,1.212,8.9,98,2.305555555555556,283,Poor
2025-01-11 07:00:00,183.5,184.9,33.9,1.464,9.0,99,2.7222222222222223,279,Poor
2025-01-11 08:00:00,172.3,173.2,37.4,1.586,9.9,98,2.9166666666666665,275,Poor
2025-01-11 09:00:00,154.1,155.5,34.6,1.445,11.1,94,2.944444444444444,271,Poor
2025-01-11 10:00:00,136.0,137.4,28.7,1.174,13.2,84,3.4722222222222223,266,Poor
2025-01-11 11:00:00,129.5,131.3,25.0,0.972,15.1,80,1.8333333333333333,261,Poor
2025-01-11 12:00:00,125.3,127.1,25.2,0.875,16.0,76,1.0833333333333333,258,Poor
2025-01-11 13:00:00,127.1,129.9,27.5,0.848,16.6,73,0.3333333333333333,255,Poor
2025-01-11 14:00:00,129.0,131.8,31.8,0.981,17.0,71,0.11111111111111112,254,Poor
2025-01-11 15:00:00,124.3,128.1,40.2,1.451,16.8,72,0.5277777777777778,254,Poor
2025-01-11 16:00:00,129.9,133.2,50.6,2.081,16.5,74,0.6111111111111112,254,Poor
2025-01-11 17:00:00,139.7,144.4,70.4,2.431,15.1,84,1.4444444444444444,254,Poor
2025-01-11 18:00:00,113.4,118.3,64.1,2.24,13.6,90,0.8611111111111112,250,Poor
2025-01-11 19:00:00,111.1,115.0,55.2,1.769,13.1,93,2.833333333333333,243,Poor
2025-01-11 20:00:00,101.5,105.5,47.5,1.358,12.9,86,2.6666666666666665,236,Poor
2025-01-11 21:00:00,97.1,100.6,42.9,1.129,12.2,88,1.2777777777777777,228,Poor
2025-01-11 22:00:00,95.7,99.0,39.4,0.959,11.6,91,1.0,220,Poor
2025-01-11 23:00:00,90.1,93.6,35.2,0.824,11.6,91,1.25,212,Poor
2025-01-12 00:00:00,80.1,83.8,28.7,0.71,11.4,92,1.0,205,Poor
2025-01-12 01:00:00,72.2,75.9,21.4,0.631,10.1,94,1.4166666666666665,199,Moderate
2025-01-12 02:00:00,67.5,71.0,16.1,0.599,10.8,93,1.611111111111111,195,Moderate
2025-01-12 03:00:00,66.1,69.4,13.6,0.548,10.8,94,1.3611111111111112,192,Moderate
2025-01-12 04:00:00,68.7,71.7,13.1,0.544,10.5,91,0.25,188,Moderate
2025-01-12 05:00:00,69.2,71.5,16.8,0.801,10.1,94,1.3055555555555556,185,Moderate
2025-01-12 06:00:00,69.2,71.2,27.1,1.664,11.2,93,0.4722222222222222,182,Moderate
2025-01-12 07:00:00,78.5,80.8,40.9,2.789,11.0,93,0.8055555555555555,179,Moderate
2025-01-12 08:00:00,92.2,94.1,49.1,3.1689999999999996,12.1,93,1.0833333333333333,177,Moderate
2025-01-12 09:00:00,89.4,91.5,46.1,2.81,13.9,88,0.7222222222222222,175,Moderate
2025-01-12 10:00:00,82.9,85.2,37.4,1.707,14.9,87,0.9722222222222222,173,Moderate
2025-01-12 11:00:00,79.2,81.5,30.0,0.861,16.5,78,1.1111111111111112,172,Moderate
2025-01-12 12:00:00,74.7,77.5,24.3,0.561,17.5,71,0.9166666666666666,171,Moderate
2025-01-12 13:00:00,74.0,76.6,20.1,0.519,18.0,71,0.16666666666666666,170,Moderate
2025-01-12 14:00:00,73.1,75.7,23.1,0.683,18.0,68,0.5,169,Moderate
2025-01-12 15:00:00,74.0,76.4,40.7,1.204,18.1,66,0.38888888888888884,168,Moderate
2025-01-12 16:00:00,77.8,80.1,65.6,1.931,18.0,65,0.5555555555555556,167,Moderate
2025-01-12 17:00:00,101.5,104.1,48.6,2.364,16.3,75,1.5555555555555554,165,Moderate
2025-01-12 18:00:00,111.3,113.4,48.6,2.204,12.9,93,0.9444444444444444,165,Moderate
2025-01-12 19:00:00,113.2,115.3,48.4,1.749,12.7,93,1.4444444444444444,165,Moderate
2025-01-12 20:00:00,112.5,114.3,47.5,1.396,12.5,93,1.5277777777777777,165,Moderate
2025-01-12 21:00:00,111.1,112.9,45.7,1.31,12.0,95,1.5277777777777777,165,Moderate
2025-01-12 22:00:00,115.3,117.1,43.2,1.326,11.4,95,1.6666666666666665,165,Moderate
2025-01-12 23:00:00,119.7,121.1,40.0,1.34,10.9,96,1.6388888888888888,166,Moderate
2025-01-13 00:00:00,116.4,118.0,35.6,1.323,10.2,96,1.3888888888888888,166,Moderate
2025-01-13 01:00:00,115.0,116.6,30.6,1.304,10.0,96,1.5,167,Moderate
2025-01-13 02:00:00,115.0,116.4,26.5,1.271,9.7,97,1.5833333333333333,168,Moderate
2025-01-13 03:00:00,114.8,115.9,23.4,1.183,9.6,98,1.8055555555555556,169,Moderate
2025-01-13 04:00:00,112.7,113.9,21.3,1.081,9.4,98,2.055555555555556,170,Moderate
2025-01-13 05:00:00,110.6,111.3,20.7,1.07,9.1,98,1.9444444444444444,171,Moderate
2025-01-13 06:00:00,109.4,110.1,23.2,1.258,10.1,98,2.138888888888889,172,Moderate
2025-01-13 07:00:00,112.9,113.6,26.5,1.538,9.9,97,2.138888888888889,173,Moderate
2025-01-13 08:00:00,110.1,110.8,28.1,1.696,10.8,95,2.305555555555556,174,Moderate
2025-01-13 09:00:00,107.1,107.8,26.5,1.613,12.5,89,1.6944444444444442,174,Moderate
2025-01-13 10:00:00,96.4,97.1,23.2,1.408,14.1,84,1.6388888888888888,174,Moderate
2025-01-13 11:00:00,85.0,85.4,20.4,1.228,15.8,77,1.6666666666666665,175,Moderate
2025-01-13 12:00:00,78.5,79.2,17.5,1.098,17.3,72,1.5833333333333333,175,Moderate
2025-01-13 13:00:00,70.3,71.0,15.1,0.993,18.5,68,1.5833333333333333,175,Moderate
2025-01-13 14:00:00,63.1,63.8,17.1,0.988,19.0,65,1.7222222222222223,175,Moderate
2025-01-13 15:00:00,59.6,60.3,27.2,1.174,19.1,64,1.8888888888888888,175,Moderate
2025-01-13 16:00:00,61.7,62.4,41.6,1.459,18.6,68,1.6666666666666665,174,Moderate
2025-01-13 17:00:00,71.7,72.2,45.9,1.644,16.9,78,1.3888888888888888,174,Moderate
2025-01-13 18:00:00,84.5,84.8,49.9,1.632,15.8,81,1.8611111111111112,173,Moderate
2025-01-13 19:00:00,89.2,89.4,55.0,1.52,15.1,84,2.111111111111111,173,Moderate
2025-01-13 20:00:00,88.9,89.2,56.8,1.393,14.4,86,2.2777777777777777,172,Moderate
2025-01-13 21:00:00,85.9,86.1,52.5,1.269,13.6,87,2.388888888888889,172,Moderate
2025-01-13 22:00:00,83.4,83.6,44.7,1.131,12.9,89,2.388888888888889,171,Moderate
2025-01-13 23:00:00,79.9,80.3,37.2,1.013,12.3,91,2.361111111111111,170,Moderate
2025-01-14 00:00:00,75.7,75.9,30.6,0.925,11.7,92,2.1944444444444446,170,Moderate
2025-01-14 01:00:00,74.3,74.5,24.2,0.857,11.2,93,2.2222222222222223,169,Moderate
2025-01-14 02:00:00,74.5,74.7,19.3,0.818,10.8,94,2.1944444444444446,168,Moderate
2025-01-14 03:00:00,75.9,76.1,16.1,0.782,10.2,95,1.972222222222222,167,Moderate
2025-01-14 04:00:00,77.3,77.5,14.4,0.776,9.8,95,2.0,166,Moderate
2025-01-14 05:00:00,75.9,76.1,14.4,0.886,9.2,95,1.8611111111111112,165,Moderate
2025-01-14 06:00:00,79.2,79.4,22.5,1.243,9.2,96,1.6666666666666665,164,Moderate
2025-01-14 07:00:00,91.0,91.3,33.5,1.717,8.9,97,1.6944444444444442,164,Moderate
2025-01-14 08:00:00,102.9,103.1,39.5,2.006,10.0,95,2.0,163,Moderate
2025-01-14 09:00:00,102.4,102.7,35.9,1.933,11.6,91,1.25,163,Moderate
2025-01-14 10:00:00,97.6,98.0,27.4,1.675,13.6,83,1.0555555555555556,163,Moderate
2025-01-14 11:00:00,92.4,92.9,20.3,1.455,15.3,76,0.9722222222222222,163,Moderate
2025-01-14 12:00:00,84.3,84.8,15.1,1.311,16.6,71,0.8611111111111112,163,Moderate
2025-01-14 13:00:00,74.5,75.2,11.3,1.205,17.6,68,0.75,163,Moderate
2025-01-14 14:00:00,66.6,67.3,13.9,1.25,18.2,65,0.75,163,Moderate
2025-01-14 15:00:00,62.2,63.1,27.3,1.55,18.4,64,0.888888888888889,164,Moderate
2025-01-14 16:00:00,65.2,65.9,47.2,2.001,18.0,65,0.8611111111111112,164,Moderate
2025-01-14 17:00:00,115.5,116.4,74.7,2.398,16.1,77,1.0,164,Moderate
2025-01-14 18:00:00,149.9,150.9,87.5,2.694,15.2,80,1.25,165,Moderate
2025-01-14 19:00:00,180.7,181.6,105.1,2.935,14.6,81,0.8055555555555555,166,Moderate
2025-01-14 20:00:00,207.7,208.2,117.5,3.063,13.8,83,0.75,168,Moderate
2025-01-14 21:00:00,230.5,232.4,119.6,2.987,13.2,86,1.4444444444444444,171,Moderate
2025-01-14 22:00:00,245.0,254.3,116.5,2.796,12.4,89,0.41666666666666663,174,Moderate
2025-01-14 23:00:00,245.0,267.3,113.5,2.699,11.4,93,0.6388888888888888,178,Moderate
2025-01-15 00:00:00,245.0,269.2,112.8,2.815,10.6,96,0.3055555555555556,182,Moderate
2025-01-15 01:00:00,245.0,269.2,112.1,3.025,10.4,97,0.16666666666666666,186,Moderate
2025-01-15 02:00:00,245.0,267.3,109.9,3.1689999999999996,9.8,100,0.08333333333333333,190,Moderate
2025-01-15 03:00:00,245.0,265.4,105.2,3.1689999999999996,9.0,100,0.16666666666666666,194,Moderate
2025-01-15 04:00:00,245.0,278.5,99.1,3.1689999999999996,8.9,99,0.3055555555555556,198,Moderate
2025-01-15 05:00:00,245.0,293.4,97.2,3.138,8.4,100,0.22222222222222224,204,Poor
2025-01-15 06:00:00,245.0,261.7,91.6,3.1689999999999996,8.4,99,0.5,213,Poor
2025-01-15 07:00:00,212.3,212.8,83.8,3.1689999999999996,8.3,100,0.7777777777777777,221,Poor
2025-01-15 08:00:00,214.7,215.1,77.9,3.11,8.5,97,0.75,226,Poor
2025-01-15 09:00:00,221.7,221.7,77.7,2.676,10.3,97,1.1666666666666667,230,Poor
2025-01-15 10:00:00,204.4,204.9,79.3,2.072,11.6,99,1.2222222222222223,235,Poor
2025-01-15 11:00:00,202.1,202.6,75.5,1.557,14.8,86,1.3888888888888888,240,Poor
2025-01-15 12:00:00,187.2,187.7,58.1,1.183,17.1,77,1.5277777777777777,244,Poor
2025-01-15 13:00:00,145.3,146.7,35.3,0.898,17.9,70,1.4166666666666665,249,Poor
2025-01-15 14:00:00,108.7,111.8,24.0,0.804,18.4,66,1.25,252,Poor
2025-01-15 15:00:00,103.8,107.3,33.7,1.031,18.4,66,1.3888888888888888,253,Poor
2025-01-15 16:00:00,109.2,112.7,55.0,1.448,18.0,68,1.3333333333333333,255,Poor
2025-01-15 17:00:00,148.1,152.3,64.0,1.766,16.4,80,0.9444444444444444,257,Poor
2025-01-15 18:00:00,171.4,175.1,79.1,1.893,14.3,83,1.4166666666666665,258,Poor
2025-01-15 19:00:00,196.0,199.8,99.6,1.921,14.1,84,1.4444444444444444,259,Poor
2025-01-15 20:00:00,212.3,216.1,112.8,1.84,13.1,88,1.0555555555555556,260,Poor
2025-01-15 21:00:00,216.1,219.3,112.4,1.589,13.4,89,0.8333333333333333,260,Poor
2025-01-15 22:00:00,210.5,213.3,104.7,1.229,12.9,93,1.6944444444444442,260,Poor
2025-01-15 23:00:00,196.5,199.8,95.5,0.93,11.9,95,0.41666666666666663,258,Poor
2025-01-16 00:00:00,195.6,198.8,86.3,0.759,11.8,95,0.5833333333333334,255,Poor
2025-01-16 01:00:00,195.1,197.9,75.7,0.65,11.4,95,0.08333333333333333,252,Poor
2025-01-16 02:00:00,183.5,186.7,64.8,0.568,11.1,97,1.1388888888888888,250,Poor
2025-01-16 03:00:00,176.0,178.8,52.1,0.477,11.4,95,1.0,246,Poor
2025-01-16 04:00:00,170.9,174.2,39.1,0.414,11.4,94,0.5555555555555556,243,Poor
2025-01-16 05:00:00,135.5,137.8,33.0,0.458,11.6,95,0.9722222222222222,238,Poor
2025-01-16 06:00:00,117.8,119.7,36.8,0.726,12.1,98,1.4166666666666665,232,Poor
2025-01-16 07:00:00,117.8,119.7,41.9,1.101,12.2,95,1.6666666666666665,226,Poor
2025-01-16 08:00:00,120.6,122.5,44.2,1.317,12.5,95,1.0555555555555556,222,Poor
2025-01-16 09:00:00,119.0,120.1,41.0,1.219,13.2,93,1.6388888888888888,218,Poor
2025-01-16 10:00:00,101.0,102.7,35.0,0.961,14.2,88,1.0555555555555556,214,Poor
2025-01-16 11:00:00,90.1,92.2,30.1,0.746,16.1,76,1.1111111111111112,210,Poor
2025-01-16 12:00:00,93.4,96.2,26.7,0.613,17.2,69,0.75,205,Poor
2025-01-16 13:00:00,99.7,102.7,24.3,0.523,17.9,66,0.4444444444444445,201,Poor
2025-01-16 14:00:00,103.4,106.4,26.1,0.553,18.4,63,0.11111111111111112,199,Moderate
2025-01-16 15:00:00,105.9,108.7,35.2,0.773,18.4,62,0.75,199,Moderate
2025-01-16 16:00:00,109.0,111.5,48.4,1.113,18.0,64,1.1111111111111112,199,Moderate
2025-01-16 17:00:00,93.6,94.8,50.4,1.449,16.9,74,0.5277777777777778,199,Moderate
2025-01-16 18:00:00,118.3,119.7,58.3,1.782,14.8,81,1.1111111111111112,198,Moderate
2025-01-16 19:00:00,132.2,133.6,69.0,2.11,14.1,82,1.2222222222222223,197,Moderate
2025-01-16 20:00:00,140.2,141.1,75.0,2.304,13.4,85,1.2777777777777777,196,Moderate
2025-01-16 21:00:00,141.1,142.0,72.6,2.296,12.6,88,1.2222222222222223,194,Moderate
2025-01-16 22:00:00,140.2,140.6,65.6,2.153,12.1,88,1.2222222222222223,192,Moderate
2025-01-16 23:00:00,138.3,138.8,57.9,1.952,11.4,90,1.2222222222222223,191,Moderate
2025-01-17 00:00:00,130.9,131.3,50.5,1.674,11.0,92,1.3888888888888888,190,Moderate
2025-01-17 01:00:00,125.7,126.2,42.4,1.337,10.7,92,1.5277777777777777,188,Moderate
2025-01-17 02:00:00,122.9,123.4,35.0,1.068,10.4,93,1.777777777777778,187,Moderate
2025-01-17 03:00:00,119.0,119.7,27.8,0.896,10.2,93,2.1666666666666665,185,Moderate
2025-01-17 04:00:00,112.9,113.6,21.2,0.793,10.0,92,2.361111111111111,184,Moderate
2025-01-17 05:00:00,105.0,105.7,16.8,0.799,9.6,91,2.2222222222222223,183,Moderate
2025-01-17 06:00:00,99.7,100.4,21.0,1.007,9.6,95,1.9166666666666667,182,Moderate
2025-01-17 07:00:00,101.7,102.7,26.6,1.325,9.4,95,1.972222222222222,182,Moderate
2025-01-17 08:00:00,105.7,106.4,29.6,1.514,10.5,92,2.1666666666666665,181,Moderate
2025-01-17 09:00:00,105.5,106.2,27.6,1.449,12.1,88,1.4166666666666665,181,Moderate
2025-01-17 10:00:00,99.0,99.9,23.1,1.256,14.1,82,1.1666666666666667,181,Moderate
2025-01-17 11:00:00,88.5,89.4,19.1,1.071,16.0,75,1.3888888888888888,181,Moderate
2025-01-17 12:00:00,72.9,73.8,16.0,0.912,17.6,68,1.777777777777778,181,Moderate
2025-01-17 13:00:00,63.6,64.7,13.5,0.761,18.5,60,1.9444444444444444,180,Moderate
2025-01-17 14:00:00,59.4,60.5,13.7,0.707,19.0,57,2.2777777777777777,179,Moderate
2025-01-17 15:00:00,58.1,59.4,18.5,0.825,18.9,58,2.388888888888889,178,Moderate
2025-01-17 16:00:00,59.1,60.3,26.1,1.04,18.1,62,2.0277777777777777,177,Moderate
2025-01-17 17:00:00,95.0,97.8,30.4,1.215,16.4,70,1.75,176,Moderate
2025-01-17 18:00:00,102.2,104.5,34.3,1.303,14.4,76,1.9166666666666667,176,Moderate
2025-01-17 19:00:00,106.6,108.7,39.6,1.352,13.5,79,2.0833333333333335,176,Moderate
2025-01-17 20:00:00,110.8,112.9,42.9,1.366,12.6,83,2.1666666666666665,175,Moderate
2025-01-17 21:00:00,113.9,115.7,42.4,1.335,11.9,86,2.055555555555556,175,Moderate
2025-01-17 22:00:00,117.8,119.7,40.0,1.268,10.8,90,1.3888888888888888,174,Moderate
2025-01-17 23:00:00,120.1,121.5,37.4,1.202,10.2,93,1.3333333333333333,174,Moderate
2025-01-18 00:00:00,119.2,120.6,35.2,1.142,9.8,95,1.3888888888888888,173,Moderate
2025-01-18 01:00:00,121.1,122.5,32.9,1.083,8.8,97,1.0833333333333333,173,Moderate
2025-01-18 02:00:00,123.4,124.8,30.6,1.037,8.4,98,1.1666666666666667,173,Moderate
2025-01-18 03:00:00,124.3,125.3,27.6,1.003,8.2,100,1.6666666666666665,173,Moderate
2025-01-18 04:00:00,122.0,123.4,24.6,0.983,7.9,100,2.055555555555556,173,Moderate
2025-01-18 05:00:00,137.8,138.8,33.3,0.997,7.8,100,1.8611111111111112,173,Moderate
2025-01-18 06:00:00,133.2,134.1,34.6,1.074,9.4,99,1.3888888888888888,174,Moderate
2025-01-18 07:00:00,136.9,138.3,36.2,1.184,9.3,100,1.472222222222222,175,Moderate
2025-01-18 08:00:00,135.5,136.9,36.1,1.258,9.9,98,2.0277777777777777,176,Moderate
2025-01-18 09:00:00,127.6,129.0,32.7,1.265,10.6,97,1.4444444444444444,176,Moderate
2025-01-18 10:00:00,119.2,120.6,27.7,1.237,12.3,89,1.0,177,Moderate
2025-01-18 11:00:00,103.1,105.2,23.4,1.196,13.9,83,0.5555555555555556,177,Moderate
2025-01-18 12:00:00,89.6,92.4,18.8,1.082,15.7,75,0.75,177,Moderate
2025-01-18 13:00:00,80.1,83.6,15.1,0.955,17.1,69,0.6944444444444444,178,Moderate
2025-01-18 14:00:00,73.3,77.3,18.2,1.021,17.9,64,1.2222222222222223,178,Moderate
2025-01-18 15:00:00,69.2,73.3,32.7,1.354,18.0,60,0.8611111111111112,178,Moderate
2025-01-18 16:00:00,71.0,75.0,54.1,1.88,17.7,62,0.6111111111111112,179,Moderate
2025-01-18 17:00:00,116.4,120.6,76.9,2.577,16.1,73,0.2777777777777778,179,Moderate
2025-01-18 18:00:00,157.9,162.1,94.8,3.1689999999999996,15.2,81,0.3055555555555556,179,Moderate
2025-01-18 19:00:00,197.4,201.6,119.0,3.1689999999999996,14.0,84,0.16666666666666666,181,Moderate
2025-01-18 20:00:00,231.9,236.1,134.2,3.1689999999999996,12.7,89,0.3611111111111111,183,Moderate
2025-01-18 21:00:00,245.0,261.7,132.3,3.1689999999999996,11.9,92,0.6666666666666666,185,Moderate
2025-01-18 22:00:00,245.0,271.0,121.4,3.1689999999999996,11.1,95,0.7777777777777777,188,Moderate
2025-01-18 23:00:00,238.4,241.2,110.3,3.1689999999999996,10.1,100,0.75,192,Moderate
2025-01-19 00:00:00,219.8,223.5,101.2,3.1689999999999996,9.4,100,1.1111111111111112,194,Moderate
2025-01-19 01:00:00,210.9,214.7,91.8,3.1689999999999996,9.1,100,1.0,197,Moderate
2025-01-19 02:00:00,207.2,210.9,84.3,2.753,8.5,100,0.8055555555555555,198,Moderate
2025-01-19 03:00:00,206.8,210.9,79.9,2.423,8.4,100,0.5833333333333334,201,Poor
2025-01-19 04:00:00,204.9,209.1,77.4,2.259,8.2,100,0.7222222222222222,204,Poor
2025-01-19 05:00:00,241.2,245.9,93.5,2.265,8.1,97,0.6388888888888888,208,Poor
2025-01-19 06:00:00,241.2,245.9,93.4,2.565,9.7,98,0.5833333333333334,212,Poor
2025-01-19 07:00:00,245.0,262.6,92.8,3.035,9.6,99,0.7777777777777777,216,Poor
2025-01-19 08:00:00,245.0,275.7,88.0,3.1689999999999996,9.9,97,0.7222222222222222,221,Poor
2025-01-19 09:00:00,206.8,210.0,75.9,3.1689999999999996,11.1,96,0.5277777777777778,227,Poor
2025-01-19 10:00:00,155.1,159.3,59.8,2.88,13.1,93,0.3611111111111111,230,Poor
2025-01-19 11:00:00,124.8,128.5,45.8,2.505,15.2,89,0.5,232,Poor
2025-01-19 12:00:00,102.7,105.9,34.2,2.004,18.1,75,0.6388888888888888,233,Poor
2025-01-19 13:00:00,92.2,94.8,24.8,1.439,20.0,67,0.75,233,Poor
2025-01-19 14:00:00,88.5,90.6,23.0,1.145,21.0,63,1.0555555555555556,234,Poor
2025-01-19 15:00:00,86.8,88.9,33.8,1.325,21.2,63,1.2222222222222223,234,Poor
2025-01-19 16:00:00,90.3,92.0,52.2,1.774,20.9,67,1.1388888888888888,235,Poor
2025-01-19 17:00:00,122.9,124.8,63.6,2.212,19.0,78,1.0,236,Poor
2025-01-19 18:00:00,144.4,145.8,73.4,2.576,18.5,81,1.2777777777777777,236,Poor
2025-01-19 19:00:00,159.7,161.1,86.6,2.929,17.5,84,1.1388888888888888,236,Poor
2025-01-19 20:00:00,170.4,171.8,94.3,3.1689999999999996,16.6,86,0.9166666666666666,234,Poor
2025-01-19 21:00:00,180.2,181.6,92.3,3.1689999999999996,15.8,87,0.7777777777777777,232,Poor
2025-01-19 22:00:00,185.8,187.2,84.9,3.1689999999999996,14.9,90,1.1111111111111112,228,Poor
2025-01-19 23:00:00,183.0,184.4,75.9,3.1689999999999996,14.8,89,1.4444444444444444,225,Poor
2025-01-20 00:00:00,170.0,171.4,65.8,2.689,14.4,89,1.6388888888888888,223,Poor
2025-01-20 01:00:00,156.0,156.9,54.1,1.993,13.9,89,1.7222222222222223,221,Poor
2025-01-20 02:00:00,143.4,144.4,43.9,1.451,13.4,90,1.8333333333333333,218,Poor
2025-01-20 03:00:00,135.0,136.0,35.6,1.186,12.9,91,1.8611111111111112,216,Poor
2025-01-20 04:00:00,127.6,128.5,28.7,1.074,12.7,91,2.0277777777777777,213,Poor
2025-01-20 05:00:00,114.3,115.0,21.4,1.095,12.6,91,2.0833333333333335,209,Poor
2025-01-20 06:00:00,109.2,109.9,24.8,1.333,12.2,93,2.138888888888889,204,Poor
2025-01-20 07:00:00,111.3,112.0,29.3,1.705,11.9,93,2.2222222222222223,199,Moderate
2025-01-20 08:00:00,112.9,113.6,31.4,1.936,12.8,92,2.305555555555556,196,Moderate
2025-01-20 09:00:00,114.6,115.0,28.9,1.895,14.6,87,1.5555555555555554,193,Moderate
2025-01-20 10:00:00,111.3,112.0,24.0,1.715,16.9,80,1.3888888888888888,191,Moderate
2025-01-20 11:00:00,100.8,101.5,19.3,1.518,19.0,74,1.8611111111111112,190,Moderate
2025-01-20 12:00:00,82.7,83.4,14.7,1.307,20.5,70,2.25,189,Moderate
2025-01-20 13:00:00,70.1,70.8,10.3,1.079,21.6,67,2.5,189,Moderate
2025-01-20 14:00:00,64.5,65.2,9.9,0.954,22.2,63,2.861111111111111,188,Moderate
2025-01-20 15:00:00,62.2,62.9,16.1,1.007,22.2,61,2.861111111111111,188,Moderate
2025-01-20 16:00:00,64.0,64.7,26.2,1.162,21.5,65,2.361111111111111,187,Moderate
2025-01-20 17:00:00,81.0,81.5,33.8,1.313,19.8,74,1.8611111111111112,186,Moderate
2025-01-20 18:00:00,90.6,91.0,38.0,1.448,19.0,78,2.0277777777777777,186,Moderate
2025-01-20 19:00:00,96.2,96.6,43.5,1.578,18.2,82,2.1944444444444446,184,Moderate
2025-01-20 20:00:00,99.0,99.4,45.9,1.634,17.5,85,2.1666666666666665,183,Moderate
2025-01-20 21:00:00,99.4,100.1,42.4,1.569,16.9,86,2.305555555555556,181,Moderate
2025-01-20 22:00:00,99.7,100.6,35.8,1.43,16.1,87,2.2777777777777777,180,Moderate
2025-01-20 23:00:00,98.3,99.4,29.5,1.288,15.4,88,2.2222222222222223,178,Moderate
2025-01-21 00:00:00,94.8,95.7,24.4,1.148,14.6,90,2.111111111111111,176,Moderate
2025-01-21 01:00:00,92.4,93.1,19.6,1.004,14.1,91,2.1666666666666665,174,Moderate
2025-01-21 02:00:00,91.0,91.5,16.1,0.911,13.6,91,2.055555555555556,173,Moderate
2025-01-21 03:00:00,90.1,90.6,13.8,0.878,13.1,91,2.2222222222222223,172,Moderate
2025-01-21 04:00:00,89.6,89.9,12.8,0.895,12.7,91,2.1944444444444446,171,Moderate
2025-01-21 05:00:00,88.9,89.4,13.1,0.987,12.3,91,2.1666666666666665,170,Moderate
2025-01-21 06:00:00,90.3,90.6,19.1,1.223,11.8,90,2.1944444444444446,169,Moderate
2025-01-21 07:00:00,97.1,97.3,27.1,1.534,11.4,90,2.305555555555556,169,Moderate
2025-01-21 08:00:00,102.0,102.4,31.6,1.733,12.4,87,2.5277777777777777,169,Moderate
2025-01-21 09:00:00,104.3,104.8,29.5,1.73,14.1,82,1.8888888888888888,168,Moderate
2025-01-21 10:00:00,100.4,101.0,23.9,1.615,16.5,75,1.6944444444444442,168,Moderate
2025-01-21 11:00:00,91.5,92.4,18.8,1.475,18.7,67,1.8055555555555556,168,Moderate
2025-01-21 12:00:00,75.9,76.8,14.7,1.296,20.4,62,1.9166666666666667,168,Moderate
2025-01-21 13:00:00,58.6,59.8,11.1,1.091,21.5,56,2.138888888888889,168,Moderate
2025-01-21 14:00:00,47.6,48.8,11.0,0.987,22.0,53,2.361111111111111,167,Moderate
2025-01-21 15:00:00,43.7,44.8,16.8,1.067,22.0,53,2.4722222222222223,167,Moderate
2025-01-21 16:00:00,44.5,45.5,26.0,1.249,21.1,58,2.1666666666666665,167,Moderate
2025-01-21 17:00:00,65.7,67.5,35.9,1.408,19.2,68,1.8055555555555556,166,Moderate
2025-01-21 18:00:00,75.0,76.6,40.1,1.517,18.2,72,2.0277777777777777,166,Moderate
2025-01-21 19:00:00,79.9,81.3,45.7,1.605,17.4,76,2.1666666666666665,165,Moderate
2025-01-21 20:00:00,82.9,84.5,48.7,1.631,16.5,79,2.111111111111111,165,Moderate
2025-01-21 21:00:00,85.2,87.1,46.9,1.563,15.8,80,2.0833333333333335,165,Moderate
2025-01-21 22:00:00,88.5,91.0,42.5,1.435,15.1,81,2.1944444444444446,164,Moderate
2025-01-21 23:00:00,89.9,93.1,37.4,1.304,14.4,84,2.0277777777777777,164,Moderate
2025-01-22 00:00:00,87.8,91.3,31.7,1.178,13.8,86,1.8055555555555556,164,Moderate
2025-01-22 01:00:00,86.6,90.1,25.4,1.05,13.2,88,1.8055555555555556,164,Moderate
2025-01-22 02:00:00,85.7,88.9,20.6,0.96,12.6,90,1.6388888888888888,164,Moderate
2025-01-22 03:00:00,84.5,87.5,17.7,0.891,12.1,91,1.7222222222222223,164,Moderate
2025-01-22 04:00:00,83.4,85.9,16.3,0.861,11.6,92,1.4444444444444444,163,Moderate
2025-01-22 05:00:00,81.3,83.4,16.9,0.963,10.9,93,1.2222222222222223,163,Moderate
2025-01-22 06:00:00,83.1,85.2,24.0,1.334,10.6,95,1.2777777777777777,163,Moderate
2025-01-22 07:00:00,93.4,95.7,33.6,1.838,10.6,94,1.4444444444444444,163,Moderate
2025-01-22 08:00:00,103.1,105.5,39.2,2.153,11.9,91,1.777777777777778,163,Moderate
2025-01-22 09:00:00,102.0,104.5,37.1,2.123,14.2,85,1.0,163,Moderate
2025-01-22 10:00:00,97.8,101.5,31.1,1.906,16.9,75,0.75,163,Moderate
2025-01-22 11:00:00,87.3,92.9,25.5,1.652,19.4,67,0.5833333333333334,163,Moderate
2025-01-22 12:00:00,68.7,77.1,20.2,1.33,21.3,59,0.5555555555555556,163,Moderate
2025-01-22 13:00:00,51.7,61.7,15.3,0.972,22.6,49,0.6111111111111112,163,Moderate
2025-01-22 14:00:00,43.4,53.2,15.9,0.823,23.1,45,0.6388888888888888,162,Moderate
2025-01-22 15:00:00,41.3,50.3,26.7,1.082,23.0,44,0.7222222222222222,162,Moderate
2025-01-22 16:00:00,45.8,53.1,43.0,1.549,22.5,49,0.8055555555555555,162,Moderate
2025-01-22 17:00:00,75.2,84.8,76.3,1.872,20.6,63,0.9444444444444444,162,Moderate
2025-01-22 18:00:00,104.3,113.6,83.1,1.906,19.1,67,1.027777777777778,163,Moderate
2025-01-22 19:00:00,122.9,132.2,92.0,1.795,17.9,74,1.0833333333333333,163,Moderate
2025-01-22 20:00:00,129.0,139.2,95.0,1.622,17.2,78,1.2222222222222223,164,Moderate
2025-01-22 21:00:00,132.7,142.5,86.4,1.374,16.6,80,1.2777777777777777,165,Moderate
2025-01-22 22:00:00,120.1,128.5,71.9,1.065,16.1,80,1.4444444444444444,166,Moderate
2025-01-22 23:00:00,94.8,102.0,60.7,0.812,15.6,80,1.8611111111111112,167,Moderate
2025-01-23 00:00:00,92.9,100.4,57.3,0.663,15.0,81,1.3888888888888888,167,Moderate
2025-01-23 01:00:00,100.4,109.4,57.3,0.572,15.0,80,2.0833333333333335,167,Moderate
2025-01-23 02:00:00,108.3,118.0,56.1,0.518,13.8,84,1.3055555555555556,167,Moderate
2025-01-23 03:00:00,118.3,127.6,51.2,0.465,13.9,84,1.5277777777777777,168,Moderate
2025-01-23 04:00:00,105.2,112.7,45.1,0.45,13.4,88,0.4722222222222222,169,Moderate
2025-01-23 05:00:00,108.0,115.0,47.9,0.558,12.4,91,1.3055555555555556,169,Moderate
2025-01-23 06:00:00,101.0,106.9,46.5,0.931,13.3,95,1.5555555555555554,170,Moderate
2025-01-23 07:00:00,103.4,108.7,44.3,1.428,12.1,95,1.3055555555555556,170,Moderate
2025-01-23 08:00:00,105.2,109.7,40.8,1.714,13.4,92,1.8611111111111112,170,Moderate
2025-01-23 09:00:00,106.2,109.4,35.1,1.599,15.2,86,1.3333333333333333,170,Moderate
2025-01-23 10:00:00,94.1,97.6,28.2,1.274,17.6,75,1.5,170,Moderate
2025-01-23 11:00:00,73.1,77.1,21.8,0.977,19.6,64,1.6944444444444442,170,Moderate
2025-01-23 12:00:00,48.1,51.9,15.7,0.765,21.1,52,2.0277777777777777,170,Moderate
2025-01-23 13:00:00,37.4,40.6,10.3,0.581,22.2,44,2.5833333333333335,170,Moderate
2025-01-23 14:00:00,33.8,36.6,8.5,0.493,22.5,34,2.9166666666666665,169,Moderate
2025-01-23 15:00:00,32.6,35.3,12.6,0.555,22.1,38,2.972222222222222,169,Moderate
2025-01-23 16:00:00,35.4,37.6,20.3,0.713,21.0,44,2.75,169,Moderate
2025-01-23 17:00:00,41.7,43.8,30.5,0.868,19.3,54,2.2222222222222223,169,Moderate
2025-01-23 18:00:00,49.6,52.2,35.6,1.016,17.8,60,2.388888888888889,168,Moderate
2025-01-23 19:00:00,55.9,60.1,42.4,1.162,16.7,63,2.4166666666666665,167,Moderate
2025-01-23 20:00:00,60.1,65.9,46.4,1.224,16.0,62,2.5,165,Moderate
2025-01-23 21:00:00,62.2,69.4,45.4,1.139,15.4,63,2.5277777777777777,164,Moderate
2025-01-23 22:00:00,64.0,71.0,41.6,0.969,14.7,67,2.361111111111111,162,Moderate
2025-01-23 23:00:00,63.8,69.6,37.0,0.819,14.0,70,2.1944444444444446,161,Moderate
2025-01-24 00:00:00,61.5,65.9,31.4,0.721,13.4,71,2.0277777777777777,160,Moderate
2025-01-24 01:00:00,60.5,64.7,24.9,0.642,12.8,73,1.972222222222222,160,Moderate
2025-01-24 02:00:00,60.1,65.2,20.1,0.59,12.2,74,1.9444444444444444,159,Moderate
2025-01-24 03:00:00,59.8,66.1,17.7,0.551,11.8,75,1.9444444444444444,158,Moderate
2025-01-24 04:00:00,60.1,67.3,16.9,0.538,11.2,77,1.972222222222222,156,Moderate
2025-01-24 05:00:00,62.9,72.9,18.9,0.6,10.8,78,2.111111111111111,155,Moderate
2025-01-24 06:00:00,65.0,74.3,22.9,0.812,10.9,84,2.2222222222222223,154,Moderate
2025-01-24 07:00:00,72.6,80.6,28.3,1.099,10.6,85,2.4722222222222223,154,Moderate
2025-01-24 08:00:00,77.8,83.4,30.7,1.276,11.6,81,2.4722222222222223,153,Moderate
2025-01-24 09:00:00,79.4,82.9,27.6,1.252,13.4,74,2.1944444444444446,152,Moderate
2025-01-24 10:00:00,75.4,77.8,21.6,1.119,15.8,66,2.0833333333333335,152,Moderate
2025-01-24 11:00:00,66.4,67.5,16.2,0.968,18.1,58,2.1666666666666665,151,Moderate
2025-01-24 12:00:00,49.9,50.8,11.9,0.793,20.0,50,2.5,151,Moderate
2025-01-24 13:00:00,34.6,35.6,8.2,0.6,21.2,40,3.138888888888889,151,Moderate
2025-01-24 14:00:00,29.8,30.9,7.4,0.495,21.5,35,3.5,151,Moderate
2025-01-24 15:00:00,28.6,29.6,11.3,0.55,21.2,36,3.555555555555556,151,Moderate
2025-01-24 16:00:00,29.7,30.9,18.1,0.694,20.4,41,3.138888888888889,151,Moderate
2025-01-24 17:00:00,34.7,36.3,26.8,0.819,18.6,51,2.75,151,Moderate
2025-01-24 18:00:00,43.2,46.7,31.4,0.892,18.1,53,2.888888888888889,151,Moderate
2025-01-24 19:00:00,48.8,56.7,37.5,0.947,17.0,59,2.75,151,Moderate
2025-01-24 20:00:00,52.7,65.4,40.6,0.978,16.0,63,2.694444444444444,150,Moderate
2025-01-24 21:00:00,54.2,68.5,38.2,0.98,15.3,65,2.6666666666666665,150,Moderate
2025-01-24 22:00:00,55.9,68.0,32.8,0.957,14.6,66,2.6666666666666665,150,Moderate
2025-01-24 23:00:00,56.2,65.2,27.7,0.916,13.9,67,2.638888888888889,150,Moderate
2025-01-25 00:00:00,54.5,62.2,23.6,0.844,13.1,67,2.638888888888889,149,Moderate
2025-01-25 01:00:00,54.2,61.9,19.8,0.754,12.4,68,2.638888888888889,148,Moderate
2025-01-25 02:00:00,54.5,62.4,16.9,0.688,11.9,69,2.638888888888889,147,Moderate
2025-01-25 03:00:00,54.7,62.9,14.9,0.638,11.4,70,2.6666666666666665,147,Moderate
2025-01-25 04:00:00,54.5,62.2,13.9,0.613,10.9,71,2.694444444444444,146,Moderate
2025-01-25 05:00:00,51.3,57.4,13.8,0.672,10.4,71,2.8055555555555554,146,Moderate
2025-01-25 06:00:00,50.8,54.8,17.8,0.913,10.1,76,2.861111111111111,144,Moderate
2025-01-25 07:00:00,53.9,56.5,23.1,1.239,9.6,75,2.861111111111111,143,Moderate
2025-01-25 08:00:00,55.5,57.5,26.0,1.425,10.6,70,3.0,141,Moderate
2025-01-25 09:00:00,55.3,57.0,24.4,1.345,12.6,63,2.4444444444444446,139,Moderate
2025-01-25 10:00:00,52.4,54.2,20.5,1.126,15.0,54,2.305555555555556,136,Moderate
2025-01-25 11:00:00,49.4,50.9,16.8,0.92,17.4,48,2.361111111111111,134,Moderate
2025-01-25 12:00:00,42.6,43.7,13.5,0.756,19.4,41,2.4444444444444446,132,Moderate
2025-01-25 13:00:00,35.9,36.8,10.5,0.607,20.8,36,2.638888888888889,131,Moderate
2025-01-25 14:00:00,29.8,31.0,10.4,0.539,21.6,32,2.7777777777777777,131,Moderate
2025-01-25 15:00:00,27.4,29.1,14.9,0.603,21.5,33,2.833333333333333,131,Moderate
2025-01-25 16:00:00,28.3,30.5,22.3,0.748,20.6,38,2.694444444444444,131,Moderate
2025-01-25 17:00:00,35.7,37.3,29.7,0.896,18.9,47,2.2222222222222223,131,Moderate
2025-01-25 18:00:00,44.7,47.1,35.4,1.042,18.6,46,2.2222222222222223,131,Moderate
2025-01-25 19:00:00,49.5,53.2,43.1,1.19,17.5,51,2.1666666666666665,131,Moderate
2025-01-25 20:00:00,52.4,57.7,47.6,1.273,16.5,55,2.25,131,Moderate
2025-01-25 21:00:00,54.2,61.2,46.3,1.244,15.6,57,2.361111111111111,131,Moderate
2025-01-25 22:00:00,56.3,63.8,41.8,1.15,14.6,59,2.25,131,Moderate
2025-01-25 23:00:00,56.2,63.1,36.8,1.058,13.8,61,2.1666666666666665,131,Moderate
2025-01-26 00:00:00,52.5,58.8,31.7,0.984,13.0,63,2.0833333333333335,131,Moderate
2025-01-26 01:00:00,49.5,55.6,26.0,0.913,12.4,64,2.138888888888889,131,Moderate
2025-01-26 02:00:00,46.8,53.6,21.6,0.866,11.8,66,2.1944444444444446,131,Moderate
2025-01-26 03:00:00,44.7,52.3,18.6,0.83,11.2,67,2.305555555555556,130,Moderate
2025-01-26 04:00:00,43.7,51.7,16.9,0.819,10.8,69,2.3333333333333335,129,Moderate
2025-01-26 05:00:00,45.8,54.6,17.6,0.894,10.2,71,2.1666666666666665,128,Moderate
2025-01-26 06:00:00,46.6,53.8,22.4,1.155,9.5,80,2.055555555555556,127,Moderate
2025-01-26 07:00:00,54.1,59.8,28.8,1.502,9.1,80,2.138888888888889,127,Moderate
2025-01-26 08:00:00,61.7,65.7,32.0,1.698,10.2,72,2.611111111111111,127,Moderate
2025-01-26 09:00:00,60.1,63.6,29.0,1.606,12.6,60,1.6944444444444442,127,Moderate
2025-01-26 10:00:00,57.3,60.1,22.8,1.362,15.4,49,1.6666666666666665,128,Moderate
2025-01-26 11:00:00,55.2,56.1,17.5,1.139,18.1,40,1.9444444444444444,128,Moderate
2025-01-26 12:00:00,49.1,49.5,13.8,0.979,20.2,34,2.138888888888889,129,Moderate
2025-01-26 13:00:00,41.3,41.7,11.1,0.839,21.5,29,2.305555555555556,130,Moderate
2025-01-26 14:00:00,36.0,36.2,11.2,0.765,22.1,28,2.305555555555556,130,Moderate
2025-01-26 15:00:00,34.0,34.2,15.0,0.782,22.0,29,2.3333333333333335,131,Moderate
2025-01-26 16:00:00,35.3,35.4,21.7,0.864,21.4,32,2.305555555555556,132,Moderate
2025-01-26 17:00:00,61.7,61.7,34.7,0.985,19.8,39,1.8611111111111112,132,Moderate
2025-01-26 18:00:00,72.9,73.1,43.2,1.174,18.9,47,1.7222222222222223,135,Moderate
2025-01-26 19:00:00,79.9,80.1,54.9,1.401,17.8,54,1.6388888888888888,138,Moderate
2025-01-26 20:00:00,86.1,86.6,63.2,1.55,16.6,58,1.4166666666666665,141,Moderate
2025-01-26 21:00:00,90.6,92.0,65.6,1.558,15.6,61,1.3611111111111112,145,Moderate
2025-01-26 22:00:00,95.9,98.5,64.8,1.488,14.8,63,1.3333333333333333,148,Moderate
2025-01-26 23:00:00,97.1,101.0,61.6,1.406,13.9,64,1.3611111111111112,151,Moderate
2025-01-27 00:00:00,92.7,96.9,55.5,1.328,13.2,66,1.5,151,Moderate
2025-01-27 01:00:00,88.2,92.7,47.1,1.238,12.4,68,1.5,152,Moderate
2025-01-27 02:00:00,84.1,88.7,39.7,1.161,11.6,71,1.5555555555555554,153,Moderate
2025-01-27 03:00:00,79.6,84.8,33.8,1.066,10.9,73,1.5277777777777777,154,Moderate
2025-01-27 04:00:00,75.0,80.6,29.0,0.983,10.2,75,1.75,155,Moderate
2025-01-27 05:00:00,82.4,89.2,34.2,1.026,9.6,77,1.8888888888888888,155,Moderate
2025-01-27 06:00:00,75.7,82.4,35.9,1.346,9.3,87,1.75,156,Moderate
2025-01-27 07:00:00,78.9,85.7,38.1,1.792,8.8,88,1.8333333333333333,157,Moderate
2025-01-27 08:00:00,82.7,88.2,37.8,2.028,9.9,81,2.111111111111111,157,Moderate
2025-01-27 09:00:00,80.3,85.0,33.0,1.857,12.6,67,1.3055555555555556,158,Moderate
2025-01-27 10:00:00,73.6,77.3,25.9,1.477,15.8,54,1.3055555555555556,158,Moderate
2025-01-27 11:00:00,69.6,70.5,19.7,1.144,18.5,44,1.6388888888888888,159,Moderate
2025-01-27 12:00:00,61.0,61.2,15.1,0.933,20.4,35,2.0,159,Moderate
2025-01-27 13:00:00,51.7,51.9,11.5,0.77,21.6,29,2.305555555555556,159,Moderate
2025-01-27 14:00:00,45.4,45.6,10.7,0.687,22.1,26,2.5277777777777777,159,Moderate
2025-01-27 15:00:00,43.9,44.0,13.8,0.703,22.0,27,2.5277777777777777,160,Moderate
2025-01-27 16:00:00,44.6,44.7,19.7,0.8,21.3,32,2.4722222222222223,160,Moderate
2025-01-27 17:00:00,70.8,71.2,28.8,0.95,19.9,40,1.8888888888888888,160,Moderate
2025-01-27 18:00:00,79.2,79.6,34.1,1.211,18.8,47,1.472222222222222,160,Moderate
2025-01-27 19:00:00,83.8,85.0,41.2,1.526,17.9,52,1.611111111111111,160,Moderate
2025-01-27 20:00:00,85.0,88.2,45.4,1.701,17.1,56,1.8611111111111112,161,Moderate
2025-01-27 21:00:00,84.5,89.6,44.1,1.618,16.2,59,1.972222222222222,161,Moderate
2025-01-27 22:00:00,83.8,89.9,39.8,1.394,15.4,61,2.055555555555556,160,Moderate
2025-01-27 23:00:00,81.5,86.8,35.1,1.185,14.9,61,2.25,160,Moderate
2025-01-28 00:00:00,76.8,80.6,30.4,1.031,14.2,60,2.3333333333333335,160,Moderate
2025-01-28 01:00:00,73.3,75.9,25.5,0.892,13.4,61,2.2222222222222223,159,Moderate
2025-01-28 02:00:00,71.0,73.1,21.7,0.799,12.6,63,2.2222222222222223,159,Moderate
2025-01-28 03:00:00,69.8,72.6,19.3,0.737,11.9,66,2.2222222222222223,159,Moderate
2025-01-28 04:00:00,69.6,74.0,18.2,0.721,11.1,69,2.0833333333333335,159,Moderate
2025-01-28 05:00:00,75.0,77.5,21.4,0.835,10.3,72,1.9166666666666667,158,Moderate
2025-01-28 06:00:00,74.3,76.4,26.7,1.224,9.2,81,1.2222222222222223,158,Moderate
2025-01-28 07:00:00,83.1,85.0,33.8,1.741,8.9,83,1.0555555555555556,158,Moderate
2025-01-28 08:00:00,93.1,94.5,37.4,2.033,10.4,74,1.4166666666666665,158,Moderate
2025-01-28 09:00:00,91.7,92.4,34.3,1.889,12.9,62,0.8611111111111112,159,Moderate
2025-01-28 10:00:00,86.1,86.8,27.8,1.519,16.0,51,0.9444444444444444,159,Moderate
2025-01-28 11:00:00,81.0,81.5,22.0,1.195,18.8,42,0.9722222222222222,159,Moderate
2025-01-28 12:00:00,72.6,73.1,17.5,0.995,21.0,33,1.1666666666666667,159,Moderate
2025-01-28 13:00:00,64.5,65.2,13.8,0.842,22.5,26,1.25,160,Moderate
2025-01-28 14:00:00,58.3,59.1,13.7,0.77,23.2,23,1.5,160,Moderate
2025-01-28 15:00:00,54.7,55.6,17.5,0.762,23.3,23,1.3888888888888888,160,Moderate
2025-01-28 16:00:00,55.3,56.0,24.8,0.835,22.7,25,1.2777777777777777,160,Moderate
2025-01-28 17:00:00,88.7,89.4,42.9,1.084,21.0,31,0.9166666666666666,161,Moderate
2025-01-28 18:00:00,111.3,112.0,64.9,1.664,19.5,41,0.9722222222222222,161,Moderate
2025-01-28 19:00:00,138.3,138.8,95.4,2.418,18.5,47,0.888888888888889,162,Moderate
2025-01-28 20:00:00,161.1,161.6,119.2,2.972,17.8,52,0.41666666666666663,163,Moderate
2025-01-28 21:00:00,181.1,181.6,130.6,3.1689999999999996,16.5,57,0.4444444444444445,165,Moderate
2025-01-28 22:00:00,207.2,207.7,134.8,3.1689999999999996,15.0,63,1.027777777777778,167,Moderate
2025-01-28 23:00:00,224.4,225.8,134.8,3.051,13.9,69,1.1944444444444444,169,Moderate
2025-01-29 00:00:00,218.9,219.8,129.8,2.782,13.2,75,1.25,173,Moderate
2025-01-29 01:00:00,204.4,204.9,119.8,2.392,12.4,81,1.2777777777777777,176,Moderate
2025-01-29 02:00:00,190.0,190.5,106.9,2.049,12.0,84,1.472222222222222,179,Moderate
2025-01-29 03:00:00,178.3,178.8,89.4,1.765,11.6,84,1.5277777777777777,181,Moderate
2025-01-29 04:00:00,168.6,169.0,69.1,1.528,10.9,86,1.5,184,Moderate
2025-01-29 05:00:00,173.7,174.2,75.5,1.462,10.4,87,1.5833333333333333,186,Moderate
2025-01-29 06:00:00,170.0,170.4,71.2,1.744,9.9,89,1.3888888888888888,188,Moderate
2025-01-29 07:00:00,172.3,173.2,64.9,2.197,9.7,91,1.5555555555555554,190,Moderate
2025-01-29 08:00:00,170.0,170.4,56.9,2.421,11.1,86,1.9166666666666667,192,Moderate
2025-01-29 09:00:00,162.5,163.4,45.9,2.186,14.1,73,1.25,194,Moderate
2025-01-29 10:00:00,148.5,149.5,33.2,1.722,17.4,60,1.6388888888888888,195,Moderate
2025-01-29 11:00:00,126.2,127.6,23.3,1.315,20.4,49,2.0833333333333335,197,Moderate
2025-01-29 12:00:00,98.7,100.6,17.3,1.052,22.3,40,2.305555555555556,198,Moderate
2025-01-29 13:00:00,82.7,84.5,14.1,0.847,23.5,35,2.388888888888889,198,Moderate
2025-01-29 14:00:00,73.8,75.7,14.5,0.729,23.9,33,2.4722222222222223,199,Moderate
2025-01-29 15:00:00,70.1,71.9,19.8,0.723,23.6,36,2.4444444444444446,199,Moderate
2025-01-29 16:00:00,71.0,72.6,28.6,0.805,22.8,40,2.5277777777777777,199,Moderate
2025-01-29 17:00:00,104.8,107.3,39.1,0.929,21.4,46,2.25,200,Moderate
2025-01-29 18:00:00,121.5,123.9,50.3,1.125,20.1,55,1.9166666666666667,200,Moderate
2025-01-29 19:00:00,138.3,140.6,65.6,1.364,19.0,61,1.6666666666666665,200,Moderate
2025-01-29 20:00:00,151.3,153.7,74.9,1.516,18.0,66,1.611111111111111,200,Moderate
2025-01-29 21:00:00,158.8,161.1,73.7,1.513,17.0,69,1.5,200,Moderate
2025-01-29 22:00:00,164.8,167.2,66.6,1.423,16.2,72,1.611111111111111,199,Moderate
2025-01-29 23:00:00,166.2,168.6,57.7,1.321,15.4,75,1.5833333333333333,198,Moderate
2025-01-30 00:00:00,162.5,164.8,46.8,1.216,14.4,78,1.5833333333333333,197,Moderate
2025-01-30 01:00:00,158.3,160.7,34.1,1.098,13.6,82,1.6388888888888888,196,Moderate
2025-01-30 02:00:00,155.1,157.9,24.3,1.011,12.9,85,1.5277777777777777,195,Moderate
2025-01-30 03:00:00,153.2,155.5,18.6,0.937,12.3,88,1.5277777777777777,194,Moderate
2025-01-30 04:00:00,152.3,154.6,15.8,0.893,11.9,90,1.611111111111111,194,Moderate
2025-01-30 05:00:00,167.2,169.5,23.4,0.977,11.5,91,1.5,193,Moderate
2025-01-30 06:00:00,172.3,174.6,31.6,1.344,11.2,93,1.4444444444444444,193,Moderate
2025-01-30 07:00:00,184.4,187.2,42.5,1.839,11.1,93,1.3333333333333333,193,Moderate
2025-01-30 08:00:00,190.0,192.3,48.4,2.091,12.6,85,1.611111111111111,193,Moderate
2025-01-30 09:00:00,194.2,195.6,44.5,1.871,15.4,71,1.1111111111111112,194,Moderate
2025-01-30 10:00:00,176.0,178.3,35.5,1.408,18.6,58,1.3333333333333333,195,Moderate
2025-01-30 11:00:00,143.4,146.7,28.0,1.024,21.2,48,1.6666666666666665,195,Moderate
2025-01-30 12:00:00,105.0,107.8,23.1,0.832,23.0,42,1.6666666666666665,196,Moderate
2025-01-30 13:00:00,88.7,90.8,19.6,0.718,24.2,38,1.5555555555555554,196,Moderate
2025-01-30 14:00:00,79.4,81.3,20.4,0.661,25.0,35,1.472222222222222,196,Moderate
2025-01-30 15:00:00,75.2,76.6,26.5,0.643,25.1,35,1.5555555555555554,196,Moderate
2025-01-30 16:00:00,76.1,77.5,36.9,0.682,24.6,37,1.6666666666666665,196,Moderate
2025-01-30 17:00:00,126.7,129.0,55.1,0.816,23.5,40,1.5833333333333333,196,Moderate
2025-01-30 18:00:00,153.7,155.5,72.5,1.113,22.2,49,1.5833333333333333,197,Moderate
2025-01-30 19:00:00,176.5,178.3,96.3,1.506,20.9,57,1.1111111111111112,197,Moderate
2025-01-30 20:00:00,191.4,193.2,113.2,1.828,19.6,65,1.0555555555555556,198,Moderate
2025-01-30 21:00:00,197.4,198.8,116.8,2.002,18.4,73,1.0555555555555556,199,Moderate
2025-01-30 22:00:00,198.8,200.2,113.5,2.107,17.5,78,0.9722222222222222,200,Moderate
2025-01-30 23:00:00,198.8,200.7,108.7,2.209,16.9,82,0.4722222222222222,201,Poor
2025-01-31 00:00:00,198.8,200.7,103.6,2.361,15.8,88,0.5555555555555556,203,Poor
2025-01-31 01:00:00,203.0,204.9,97.0,2.512,14.8,92,1.0,204,Poor
2025-01-31 02:00:00,208.6,210.5,90.6,2.573,14.1,94,0.9444444444444444,206,Poor
2025-01-31 03:00:00,211.9,213.7,84.5,2.446,13.4,96,0.888888888888889,208,Poor
2025-01-31 04:00:00,211.9,213.7,78.7,2.229,12.9,97,0.6111111111111112,211,Poor
2025-01-31 05:00:00,245.0,254.3,105.3,2.13,12.2,98,1.0,213,Poor
2025-01-31 06:00:00,245.0,248.7,99.6,2.329,12.1,99,1.3333333333333333,217,Poor
2025-01-31 07:00:00,243.1,244.9,91.4,2.646,11.7,99,1.1388888888888888,220,Poor
2025-01-31 08:00:00,235.6,237.0,81.8,2.741,12.6,97,1.3055555555555556,222,Poor
2025-01-31 09:00:00,218.9,220.3,70.8,2.408,14.8,88,1.1388888888888888,224,Poor
2025-01-31 10:00:00,200.2,201.6,58.4,1.853,18.4,69,0.7777777777777777,225,Poor
2025-01-31 11:00:00,159.3,161.6,46.6,1.364,22.0,56,0.9722222222222222,226,Poor
2025-01-31 12:00:00,101.3,105.9,34.0,1.026,24.2,47,0.8333333333333333,227,Poor
2025-01-31 13:00:00,69.2,77.3,22.0,0.752,25.7,33,1.0833333333333333,227,Poor
2025-01-31 14:00:00,55.8,66.8,16.2,0.57,26.5,25,1.4444444444444444,226,Poor
2025-01-31 15:00:00,51.9,64.3,19.3,0.487,26.5,24,1.9166666666666667,225,Poor
2025-01-31 16:00:00,53.7,65.4,28.7,0.495,25.9,24,2.2777777777777777,224,Poor
2025-01-31 17:00:00,88.0,104.3,45.3,0.601,25.0,26,2.055555555555556,223,Poor
2025-01-31 18:00:00,117.1,133.6,66.0,0.871,22.7,34,0.6666666666666666,221,Poor
2025-01-31 19:00:00,146.2,163.0,93.9,1.239,21.5,38,0.16666666666666666,220,Poor
2025-01-31 20:00:00,167.2,182.5,111.2,1.508,20.0,45,0.6388888888888888,219,Poor
2025-01-31 21:00:00,170.0,183.9,108.5,1.604,18.9,52,0.6666666666666666,218,Poor
2025-01-31 22:00:00,157.4,169.5,95.2,1.602,17.7,60,0.888888888888889,216,Poor
2025-01-31 23:00:00,141.6,152.7,80.6,1.528,17.0,67,0.8333333333333333,215,Poor
2025-02-01 00:00:00,125.7,135.5,66.9,1.344,16.3,73,1.0555555555555556,212,Poor
2025-02-01 01:00:00,114.1,123.4,52.0,1.087,15.8,78,1.25,209,Poor
2025-02-01 02:00:00,105.7,114.6,39.5,0.898,15.3,79,1.472222222222222,206,Poor
2025-02-01 03:00:00,99.7,108.5,29.8,0.801,14.8,78,1.5555555555555554,201,Poor
2025-02-01 04:00:00,95.2,104.5,22.6,0.771,14.2,79,1.3888888888888888,198,Moderate
2025-02-01 05:00:00,129.5,139.2,45.5,0.875,13.9,81,1.4166666666666665,196,Moderate
2025-02-01 06:00:00,124.3,134.6,47.6,1.262,12.1,93,1.0,193,Moderate
2025-02-01 07:00:00,129.0,138.8,50.2,1.782,12.1,93,0.9722222222222222,190,Moderate
2025-02-01 08:00:00,129.5,139.2,49.4,2.052,14.1,84,1.1944444444444444,188,Moderate
2025-02-01 09:00:00,124.8,133.2,42.3,1.838,17.1,70,0.8333333333333333,185,Moderate
2025-02-01 10:00:00,111.1,123.9,31.8,1.372,20.4,57,1.1111111111111112,183,Moderate
2025-02-01 11:00:00,93.1,109.9,22.8,0.971,23.0,46,1.5,181,Moderate
2025-02-01 12:00:00,74.3,92.4,15.8,0.737,24.6,37,1.8888888888888888,180,Moderate
2025-02-01 13:00:00,59.6,78.0,10.3,0.566,25.5,33,1.8333333333333333,179,Moderate
2025-02-01 14:00:00,51.1,69.8,9.9,0.468,25.6,31,1.7222222222222223,179,Moderate
2025-02-01 15:00:00,49.4,67.8,17.5,0.419,25.6,31,1.8055555555555556,179,Moderate
2025-02-01 16:00:00,52.6,69.6,30.3,0.442,25.1,33,2.1944444444444446,179,Moderate
2025-02-01 17:00:00,90.3,107.6,32.2,0.61,24.0,36,2.25,179,Moderate
2025-02-01 18:00:00,94.8,106.9,34.0,1.096,21.2,57,1.0,179,Moderate
2025-02-01 19:00:00,94.5,104.5,36.4,1.727,20.5,63,0.41666666666666663,179,Moderate
2025-02-01 20:00:00,94.1,103.1,37.4,2.053,19.8,64,1.1111111111111112,177,Moderate
2025-02-01 21:00:00,94.1,102.9,35.9,1.782,18.6,73,3.1666666666666665,176,Moderate
2025-02-01 22:00:00,94.8,104.3,32.9,1.208,17.4,80,2.638888888888889,174,Moderate
2025-02-01 23:00:00,95.2,105.7,29.8,0.757,17.0,80,2.5833333333333335,173,Moderate
2025-02-02 00:00:00,95.7,106.4,26.7,0.606,16.2,81,2.3333333333333335,172,Moderate
2025-02-02 01:00:00,98.0,109.0,23.3,0.579,15.1,84,2.3333333333333335,171,Moderate
2025-02-02 02:00:00,101.3,112.5,20.4,0.579,14.8,85,1.972222222222222,171,Moderate
2025-02-02 03:00:00,102.7,114.1,17.2,0.552,14.6,86,1.3888888888888888,171,Moderate
2025-02-02 04:00:00,102.4,115.0,14.4,0.551,14.6,85,1.25,171,Moderate
2025-02-02 05:00:00,101.7,114.6,16.1,0.639,14.1,86,1.25,171,Moderate
2025-02-02 06:00:00,104.1,117.8,23.4,0.926,13.8,92,1.3611111111111112,170,Moderate
2025-02-02 07:00:00,113.4,128.1,33.2,1.301,13.7,92,1.8333333333333333,170,Moderate
2025-02-02 08:00:00,122.0,136.0,38.0,1.499,14.9,86,1.8333333333333333,170,Moderate
2025-02-02 09:00:00,123.4,138.3,33.3,1.354,17.1,75,1.3333333333333333,169,Moderate
2025-02-02 10:00:00,117.3,136.0,23.8,1.031,19.8,63,1.3611111111111112,169,Moderate
2025-02-02 11:00:00,102.7,122.9,15.8,0.761,22.0,50,1.7222222222222223,169,Moderate
2025-02-02 12:00:00,87.5,108.5,11.5,0.622,23.2,44,2.0833333333333335,170,Moderate
2025-02-02 13:00:00,76.8,97.3,8.8,0.536,23.9,39,2.611111111111111,170,Moderate
2025-02-02 14:00:00,68.7,86.8,8.2,0.495,24.0,36,2.972222222222222,170,Moderate
2025-02-02 15:00:00,63.1,78.2,9.7,0.504,23.8,36,3.0277777777777777,171,Moderate
2025-02-02 16:00:00,61.2,72.9,13.3,0.559,22.9,40,2.972222222222222,171,Moderate
2025-02-02 17:00:00,83.6,96.9,22.2,0.64,21.5,47,2.361111111111111,171,Moderate
2025-02-02 18:00:00,92.9,103.1,29.4,0.763,19.4,66,1.9166666666666667,171,Moderate
2025-02-02 19:00:00,100.6,109.4,39.2,0.914,18.5,73,1.9166666666666667,171,Moderate
2025-02-02 20:00:00,107.1,115.3,46.0,1.027,17.7,77,1.75,171,Moderate
2025-02-02 21:00:00,111.3,119.2,47.5,1.087,17.0,79,1.8055555555555556,171,Moderate
2025-02-02 22:00:00,115.0,122.9,45.9,1.111,16.0,81,1.9166666666666667,172,Moderate
2025-02-02 23:00:00,115.9,123.9,42.7,1.082,15.2,83,1.972222222222222,172,Moderate
2025-02-03 00:00:00,112.9,120.6,37.4,0.961,14.4,82,2.055555555555556,173,Moderate
2025-02-03 01:00:00,109.4,117.1,30.4,0.788,13.7,82,2.0,173,Moderate
2025-02-03 02:00:00,105.7,112.7,24.7,0.667,12.9,84,1.8333333333333333,173,Moderate
2025-02-03 03:00:00,102.4,108.7,20.8,0.615,12.2,86,1.5,173,Moderate
2025-02-03 04:00:00,100.6,106.6,18.1,0.615,11.6,87,1.3888888888888888,173,Moderate
2025-02-03 05:00:00,104.3,110.6,17.8,0.717,11.1,87,1.3888888888888888,173,Moderate
2025-02-03 06:00:00,104.3,110.6,23.1,1.042,11.2,92,1.3888888888888888,173,Moderate
2025-02-03 07:00:00,110.1,116.2,30.1,1.469,11.0,91,1.3888888888888888,173,Moderate
2025-02-03 08:00:00,112.7,118.5,33.1,1.692,12.4,85,1.611111111111111,173,Moderate
2025-02-03 09:00:00,111.3,115.9,28.3,1.517,14.7,72,0.9722222222222222,173,Moderate
2025-02-03 10:00:00,95.2,101.0,19.6,1.137,17.5,60,0.888888888888889,173,Moderate
2025-02-03 11:00:00,58.4,63.3,12.7,0.822,20.0,45,1.25,172,Moderate
2025-02-03 12:00:00,45.8,49.6,9.4,0.668,21.6,35,1.5555555555555554,171,Moderate
2025-02-03 13:00:00,41.8,45.4,8.0,0.579,22.7,31,1.5833333333333333,171,Moderate
2025-02-03 14:00:00,41.2,44.7,9.1,0.543,23.2,30,1.5,170,Moderate
2025-02-03 15:00:00,41.4,44.9,12.1,0.565,23.2,31,1.3055555555555556,169,Moderate
2025-02-03 16:00:00,43.8,47.0,17.6,0.639,22.6,33,1.1944444444444444,169,Moderate
2025-02-03 17:00:00,53.2,55.1,29.5,0.741,21.2,42,0.8333333333333333,168,Moderate
2025-02-03 18:00:00,79.6,81.5,51.4,0.878,18.9,56,1.2222222222222223,168,Moderate
2025-02-03 19:00:00,110.1,112.0,81.4,1.041,17.9,62,1.2777777777777777,167,Moderate
2025-02-03 20:00:00,136.4,138.3,103.3,1.182,16.8,67,1.25,168,Moderate
2025-02-03 21:00:00,157.4,159.3,109.6,1.303,16.0,72,0.9444444444444444,168,Moderate
2025-02-03 22:00:00,174.2,176.0,107.7,1.4,15.4,71,0.9722222222222222,169,Moderate
2025-02-03 23:00:00,178.8,181.1,103.3,1.415,15.1,74,1.1388888888888888,171,Moderate
2025-02-04 00:00:00,159.3,161.1,97.9,1.285,14.1,77,1.1111111111111112,172,Moderate
2025-02-04 01:00:00,146.2,148.5,90.0,1.073,14.0,77,0.8611111111111112,173,Moderate
2025-02-04 02:00:00,138.3,140.2,80.5,0.906,13.5,80,1.2222222222222223,174,Moderate
2025-02-04 03:00:00,122.9,124.8,67.6,0.809,13.3,78,0.4722222222222222,174,Moderate
2025-02-04 04:00:00,113.4,115.7,53.2,0.757,12.5,81,0.5833333333333334,175,Moderate
2025-02-04 05:00:00,89.6,91.7,24.3,0.8,12.4,82,0.3611111111111111,175,Moderate
2025-02-04 06:00:00,91.5,93.8,35.3,1.04,14.1,79,0.25,175,Moderate
2025-02-04 07:00:00,109.2,111.5,50.2,1.374,14.4,76,1.1666666666666667,175,Moderate
2025-02-04 08:00:00,123.4,125.3,58.4,1.549,14.8,75,1.0,175,Moderate
2025-02-04 09:00:00,99.0,101.7,53.7,1.413,16.1,70,0.8611111111111112,175,Moderate
2025-02-04 10:00:00,78.9,82.4,42.4,1.116,17.8,63,1.5833333333333333,175,Moderate
2025-02-04 11:00:00,65.4,69.2,33.0,0.858,20.2,53,1.1388888888888888,174,Moderate
2025-02-04 12:00:00,52.3,55.8,28.0,0.694,22.2,47,0.888888888888889,174,Moderate
2025-02-04 13:00:00,46.8,49.8,24.9,0.567,22.8,48,0.25,174,Moderate
2025-02-04 14:00:00,45.4,48.2,24.5,0.507,23.2,47,0.2777777777777778,175,Moderate
2025-02-04 15:00:00,45.3,47.7,27.6,0.526,23.0,48,0.5,175,Moderate
2025-02-04 16:00:00,46.4,48.7,33.3,0.612,22.5,50,0.75,175,Moderate
2025-02-04 17:00:00,68.0,71.2,43.0,0.756,21.7,57,1.5277777777777777,175,Moderate
2025-02-04 18:00:00,78.5,81.3,54.4,1.017,19.6,74,1.0555555555555556,175,Moderate
2025-02-04 19:00:00,92.2,94.8,70.1,1.337,18.8,82,0.5555555555555556,175,Moderate
2025-02-04 20:00:00,108.0,110.6,81.7,1.526,18.2,83,1.0555555555555556,175,Moderate
2025-02-04 21:00:00,117.8,120.6,86.8,1.485,17.5,87,1.027777777777778,174,Moderate
2025-02-04 22:00:00,126.7,129.9,87.8,1.315,17.0,91,1.0,173,Moderate
2025-02-04 23:00:00,134.1,136.9,83.9,1.125,16.7,89,1.8055555555555556,172,Moderate
2025-02-05 00:00:00,115.5,117.1,72.3,0.922,16.0,85,1.6944444444444442,171,Moderate
2025-02-05 01:00:00,103.1,104.5,55.8,0.699,15.1,89,2.0277777777777777,170,Moderate
2025-02-05 02:00:00,95.9,97.3,41.4,0.552,14.6,92,1.6944444444444442,169,Moderate
2025-02-05 03:00:00,92.0,93.4,31.0,0.528,13.9,96,1.611111111111111,168,Moderate
2025-02-05 04:00:00,89.9,91.5,22.7,0.579,13.4,96,1.6944444444444442,168,Moderate
2025-02-05 05:00:00,92.4,96.9,16.1,0.658,12.8,96,1.3611111111111112,167,Moderate
2025-02-05 06:00:00,93.6,97.6,21.9,0.786,12.5,94,2.0833333333333335,167,Moderate
2025-02-05 07:00:00,101.3,105.2,29.6,0.943,12.3,94,2.111111111111111,167,Moderate
2025-02-05 08:00:00,108.0,111.5,33.2,1.016,13.4,86,1.972222222222222,167,Moderate
2025-02-05 09:00:00,99.0,103.4,28.8,0.934,15.5,76,1.4444444444444444,167,Moderate
2025-02-05 10:00:00,86.6,92.0,20.3,0.769,17.8,64,1.6944444444444442,167,Moderate
2025-02-05 11:00:00,68.9,75.2,13.2,0.624,19.7,52,2.2222222222222223,167,Moderate
2025-02-05 12:00:00,56.0,61.7,9.3,0.528,21.0,40,2.7222222222222223,167,Moderate
2025-02-05 13:00:00,45.8,51.2,6.8,0.451,21.8,34,2.833333333333333,167,Moderate
2025-02-05 14:00:00,38.8,44.6,6.2,0.414,22.0,30,2.944444444444444,167,Moderate
2025-02-05 15:00:00,36.1,42.1,7.8,0.417,21.6,30,3.083333333333333,167,Moderate
2025-02-05 16:00:00,37.5,42.8,11.3,0.459,20.9,33,2.861111111111111,167,Moderate
2025-02-05 17:00:00,36.6,43.3,15.6,0.552,19.7,39,2.3333333333333335,167,Moderate
2025-02-05 18:00:00,49.0,53.9,25.6,0.744,19.0,41,1.9444444444444444,166,Moderate
2025-02-05 19:00:00,58.9,63.3,39.2,0.988,17.9,49,1.6388888888888888,165,Moderate
2025-02-05 20:00:00,66.4,71.5,47.8,1.149,16.8,56,1.3055555555555556,164,Moderate
2025-02-05 21:00:00,71.5,78.0,47.1,1.167,15.9,60,1.25,164,Moderate
2025-02-05 22:00:00,74.3,83.4,41.3,1.102,15.1,62,1.4166666666666665,163,Moderate
2025-02-05 23:00:00,72.6,84.5,34.7,1.005,14.6,58,1.5555555555555554,161,Moderate
2025-02-06 00:00:00,68.0,81.5,27.8,0.864,14.2,55,2.0,160,Moderate
2025-02-06 01:00:00,65.0,77.8,20.1,0.69,13.7,56,2.6666666666666665,159,Moderate
2025-02-06 02:00:00,63.3,72.9,14.3,0.567,13.3,57,2.75,158,Moderate
2025-02-06 03:00:00,62.2,68.2,11.3,0.514,12.9,58,3.1666666666666665,157,Moderate
2025-02-06 04:00:00,61.0,64.7,10.2,0.512,12.9,57,3.5277777777777777,157,Moderate
2025-02-06 05:00:00,63.8,67.3,11.6,0.584,12.4,58,3.3055555555555554,156,Moderate
2025-02-06 06:00:00,64.5,67.8,16.9,0.817,11.4,77,2.611111111111111,156,Moderate
2025-02-06 07:00:00,70.1,73.8,23.9,1.125,11.1,76,2.4166666666666665,155,Moderate
2025-02-06 08:00:00,74.0,78.0,27.2,1.27,12.6,71,2.694444444444444,154,Moderate
2025-02-06 09:00:00,73.8,77.8,23.0,1.096,15.2,61,1.8888888888888888,153,Moderate
2025-02-06 10:00:00,65.2,71.5,15.1,0.76,18.1,49,2.25,153,Moderate
2025-02-06 11:00:00,51.7,59.6,8.9,0.497,20.2,34,3.5,152,Moderate
2025-02-06 12:00:00,43.1,51.2,6.4,0.403,21.4,26,4.277777777777778,152,Moderate
2025-02-06 13:00:00,40.5,47.6,5.6,0.382,21.8,24,4.444444444444445,152,Moderate
2025-02-06 14:00:00,40.0,46.4,5.9,0.387,21.7,26,4.444444444444445,152,Moderate
2025-02-06 15:00:00,39.8,45.3,7.3,0.41,21.2,29,4.5,152,Moderate
2025-02-06 16:00:00,40.4,48.9,9.8,0.46,20.2,35,4.694444444444444,152,Moderate
2025-02-06 17:00:00,42.0,64.5,13.0,0.509,19.2,38,3.7222222222222223,152,Moderate
2025-02-06 18:00:00,48.9,96.4,16.3,0.554,18.5,44,3.0555555555555554,152,Moderate
2025-02-06 19:00:00,57.0,134.6,20.9,0.599,17.5,48,3.333333333333333,152,Moderate
2025-02-06 20:00:00,63.8,158.8,24.0,0.633,16.5,48,3.5277777777777777,152,Moderate
2025-02-06 21:00:00,67.5,157.9,24.5,0.652,15.6,50,3.3611111111111107,152,Moderate
2025-02-06 22:00:00,69.4,140.2,23.4,0.659,14.9,53,3.3611111111111107,152,Moderate
2025-02-06 23:00:00,69.8,120.1,21.6,0.655,14.2,55,3.6944444444444446,152,Moderate
2025-02-07 00:00:00,67.5,104.5,18.6,0.631,13.8,56,3.861111111111111,152,Moderate
2025-02-07 01:00:00,65.2,99.0,14.8,0.597,13.2,57,3.611111111111111,152,Moderate
2025-02-07 02:00:00,63.1,98.0,11.9,0.577,12.7,57,3.4722222222222223,152,Moderate
2025-02-07 03:00:00,61.5,97.8,10.0,0.575,12.1,58,3.194444444444444,152,Moderate
2025-02-07 04:00:00,59.6,96.4,9.0,0.588,11.7,59,3.083333333333333,152,Moderate
2025-02-07 05:00:00,61.0,95.0,10.7,0.635,11.4,60,3.222222222222222,152,Moderate
2025-02-07 06:00:00,60.3,94.3,15.2,0.763,11.1,71,3.2777777777777777,151,Moderate
2025-02-07 07:00:00,62.9,97.1,21.1,0.925,10.9,70,3.555555555555556,151,Moderate
2025-02-07 08:00:00,64.7,97.1,24.1,1.004,12.1,64,3.0,151,Moderate
2025-02-07 09:00:00,62.6,97.6,21.3,0.926,14.1,57,2.9166666666666665,151,Moderate
2025-02-07 10:00:00,55.8,94.8,15.5,0.764,16.5,49,2.972222222222222,151,Moderate
2025-02-07 11:00:00,48.0,76.6,10.7,0.62,18.5,42,3.2499999999999996,151,Moderate
2025-02-07 12:00:00,39.7,58.8,8.2,0.519,20.1,37,3.861111111111111,150,Moderate
2025-02-07 13:00:00,33.4,51.6,6.7,0.435,21.1,31,4.527777777777778,150,Moderate
2025-02-07 14:00:00,32.2,60.1,6.5,0.39,21.4,28,4.805555555555555,150,Moderate
2025-02-07 15:00:00,34.3,83.6,7.9,0.4,21.2,27,4.777777777777778,150,Moderate
2025-02-07 16:00:00,37.6,105.5,10.5,0.449,20.5,33,4.444444444444445,150,Moderate
2025-02-07 17:00:00,36.4,115.5,13.7,0.507,19.3,38,3.638888888888889,150,Moderate
2025-02-07 18:00:00,43.5,136.9,18.3,0.577,18.8,42,3.2777777777777777,149,Moderate
2025-02-07 19:00:00,49.7,147.1,24.6,0.655,17.8,46,3.083333333333333,148,Moderate
2025-02-07 20:00:00,52.2,141.6,28.6,0.704,16.8,49,3.083333333333333,148,Moderate
2025-02-07 21:00:00,50.2,118.3,28.3,0.704,16.0,50,3.1111111111111107,146,Moderate
2025-02-07 22:00:00,47.6,90.8,25.7,0.673,15.2,51,3.1111111111111107,145,Moderate
2025-02-07 23:00:00,44.7,70.1,22.7,0.633,14.5,52,3.1666666666666665,142,Moderate
2025-02-08 00:00:00,42.5,59.3,19.7,0.577,13.9,53,3.1111111111111107,140,Moderate
2025-02-08 01:00:00,42.1,57.4,16.3,0.51,13.5,53,3.083333333333333,137,Moderate
2025-02-08 02:00:00,42.7,60.1,13.8,0.469,13.1,53,3.1111111111111107,135,Moderate
2025-02-08 03:00:00,43.7,64.5,12.1,0.457,12.8,53,3.0277777777777777,133,Moderate
2025-02-08 04:00:00,44.2,69.2,11.3,0.471,12.6,53,3.0555555555555554,131,Moderate
2025-02-08 05:00:00,44.8,71.2,12.1,0.539,12.4,53,2.972222222222222,129,Moderate
2025-02-08 06:00:00,45.4,73.1,16.9,0.722,11.5,64,3.138888888888889,127,Moderate
2025-02-08 07:00:00,49.6,78.5,23.4,0.958,11.3,65,3.083333333333333,126,Moderate
2025-02-08 08:00:00,54.1,82.4,26.7,1.091,12.6,61,2.8055555555555554,125,Moderate
2025-02-08 09:00:00,53.9,82.0,23.8,1.028,14.6,54,2.694444444444444,123,Moderate
2025-02-08 10:00:00,51.3,83.8,17.7,0.862,17.3,47,2.7777777777777777,123,Moderate
2025-02-08 11:00:00,45.9,69.8,12.7,0.711,19.8,40,2.9166666666666665,122,Moderate
2025-02-08 12:00:00,39.7,53.8,9.8,0.603,21.9,35,3.1111111111111107,122,Moderate
2025-02-08 13:00:00,34.5,44.8,8.0,0.511,23.3,28,3.4444444444444446,122,Moderate
2025-02-08 14:00:00,31.8,44.2,8.0,0.466,23.9,26,3.5833333333333335,122,Moderate
2025-02-08 15:00:00,31.9,53.1,9.8,0.48,23.6,27,3.3611111111111107,122,Moderate
2025-02-08 16:00:00,34.6,68.5,13.5,0.542,22.8,32,2.8055555555555554,122,Moderate
2025-02-08 17:00:00,43.1,95.9,20.0,0.652,21.3,42,1.9444444444444444,121,Moderate
2025-02-08 18:00:00,58.2,127.1,32.7,0.866,20.5,44,1.1666666666666667,122,Moderate
2025-02-08 19:00:00,71.9,162.1,50.0,1.128,19.7,50,1.25,124,Moderate
2025-02-08 20:00:00,82.0,185.8,61.1,1.276,19.0,55,1.4444444444444444,126,Moderate
2025-02-08 21:00:00,84.3,191.9,60.4,1.209,18.0,60,1.6944444444444442,129,Moderate
2025-02-08 22:00:00,83.1,189.1,53.5,1.028,17.1,63,1.8888888888888888,133,Moderate
2025-02-08 23:00:00,80.1,181.1,46.2,0.868,16.5,64,2.0,136,Moderate
2025-02-09 00:00:00,74.7,166.7,40.0,0.773,15.9,64,2.055555555555556,140,Moderate
2025-02-09 01:00:00,70.5,150.9,33.4,0.699,15.3,65,1.9166666666666667,143,Moderate
2025-02-09 02:00:00,66.8,134.6,28.2,0.651,14.6,68,1.777777777777778,146,Moderate
2025-02-09 03:00:00,63.3,117.3,24.6,0.594,13.9,72,1.6666666666666665,149,Moderate
2025-02-09 04:00:00,61.9,101.7,22.3,0.563,13.2,74,1.5555555555555554,150,Moderate
2025-02-09 05:00:00,63.6,92.7,22.9,0.662,12.4,76,1.3611111111111112,151,Moderate
2025-02-09 06:00:00,67.8,85.2,29.1,1.041,11.2,85,1.1666666666666667,151,Moderate
2025-02-09 07:00:00,79.6,90.6,37.2,1.551,10.9,86,1.0555555555555556,151,Moderate
2025-02-09 08:00:00,89.2,95.2,41.0,1.847,12.9,77,1.3055555555555556,152,Moderate
2025-02-09 09:00:00,86.4,90.1,36.2,1.737,15.8,63,0.6388888888888888,153,Moderate
2025-02-09 10:00:00,78.2,80.8,27.1,1.413,19.1,49,0.6666666666666666,154,Moderate
2025-02-09 11:00:00,63.8,65.9,19.4,1.113,22.0,37,0.9722222222222222,154,Moderate
2025-02-09 12:00:00,49.8,51.7,15.0,0.899,24.1,27,1.4444444444444444,155,Moderate
2025-02-09 13:00:00,41.1,43.3,12.1,0.709,25.2,22,1.6388888888888888,155,Moderate
2025-02-09 14:00:00,38.3,41.1,11.4,0.594,25.8,21,1.8055555555555556,155,Moderate
2025-02-09 15:00:00,36.8,40.3,12.8,0.564,25.6,23,1.9166666666666667,155,Moderate
2025-02-09 16:00:00,38.0,41.6,16.4,0.609,24.9,26,1.9444444444444444,155,Moderate
2025-02-09 17:00:00,54.0,57.9,28.3,0.751,23.3,34,1.5,155,Moderate
2025-02-09 18:00:00,72.9,75.9,45.6,1.061,21.6,44,1.1944444444444444,156,Moderate
2025-02-09 19:00:00,90.1,92.4,69.4,1.467,20.4,54,1.0555555555555556,156,Moderate
2025-02-09 20:00:00,105.7,108.0,86.4,1.777,19.4,62,0.8611111111111112,156,Moderate
2025-02-09 21:00:00,119.0,121.5,90.4,1.924,18.4,67,0.75,157,Moderate
2025-02-09 22:00:00,129.9,132.7,87.5,1.976,17.3,72,0.6388888888888888,158,Moderate
2025-02-09 23:00:00,133.2,136.9,82.9,1.937,16.5,75,0.3333333333333333,159,Moderate
2025-02-10 00:00:00,130.9,136.4,77.4,1.763,15.5,79,0.5277777777777778,160,Moderate
2025-02-10 01:00:00,128.5,136.9,70.2,1.498,14.6,83,0.8611111111111112,161,Moderate
2025-02-10 02:00:00,126.2,137.4,63.9,1.289,13.8,85,1.2222222222222223,162,Moderate
2025-02-10 03:00:00,125.3,138.8,59.0,1.154,13.1,87,1.1388888888888888,164,Moderate
2025-02-10 04:00:00,125.7,141.1,55.1,1.074,12.6,88,1.1111111111111112,165,Moderate
2025-02-10 05:00:00,125.7,141.6,46.1,1.135,12.0,90,1.1666666666666667,166,Moderate
2025-02-10 06:00:00,130.4,145.3,51.4,1.498,11.9,93,1.0,168,Moderate
2025-02-10 07:00:00,143.9,157.9,58.2,2.004,12.1,92,1.0555555555555556,169,Moderate
2025-02-10 08:00:00,146.7,156.0,59.3,2.256,14.2,80,1.2222222222222223,170,Moderate
2025-02-10 09:00:00,127.1,134.6,49.4,2.02,17.7,64,0.6388888888888888,172,Moderate
2025-02-10 10:00:00,95.5,104.5,33.8,1.531,21.5,47,0.7222222222222222,173,Moderate
2025-02-10 11:00:00,66.6,75.4,21.1,1.102,24.6,31,1.0,173,Moderate
2025-02-10 12:00:00,43.7,51.3,14.0,0.829,26.5,22,1.2777777777777777,173,Moderate
2025-02-10 13:00:00,32.4,37.8,9.7,0.616,27.5,18,1.5277777777777777,173,Moderate
2025-02-10 14:00:00,26.7,30.7,8.4,0.489,27.9,18,1.6944444444444442,173,Moderate
2025-02-10 15:00:00,24.1,27.4,9.3,0.461,27.6,19,1.777777777777778,172,Moderate
2025-02-10 16:00:00,25.6,28.2,13.0,0.52,26.8,22,1.8333333333333333,172,Moderate
2025-02-10 17:00:00,53.3,61.9,26.3,0.654,25.2,30,1.8055555555555556,172,Moderate
2025-02-10 18:00:00,74.5,82.0,45.2,0.924,23.2,37,1.1111111111111112,172,Moderate
2025-02-10 19:00:00,94.8,102.2,71.0,1.269,21.9,50,1.0555555555555556,172,Moderate
2025-02-10 20:00:00,110.1,117.6,88.3,1.494,20.5,61,1.0555555555555556,172,Moderate
2025-02-10 21:00:00,119.2,126.7,89.7,1.493,19.3,69,1.1111111111111112,172,Moderate
2025-02-10 22:00:00,124.8,131.8,82.7,1.373,18.2,75,1.1111111111111112,172,Moderate
2025-02-10 23:00:00,126.2,133.2,74.2,1.256,17.2,81,0.8611111111111112,172,Moderate
2025-02-11 00:00:00,123.9,130.9,64.8,1.176,16.5,83,0.4722222222222222,172,Moderate
2025-02-11 01:00:00,122.5,129.0,54.0,1.099,15.6,87,0.6111111111111112,172,Moderate
2025-02-11 02:00:00,121.5,128.5,46.6,1.046,14.9,90,0.6111111111111112,172,Moderate
2025-02-11 03:00:00,124.8,131.8,45.6,0.972,14.6,90,0.6666666666666666,171,Moderate
2025-02-11 04:00:00,131.3,138.8,48.0,0.921,14.5,90,1.1111111111111112,171,Moderate
2025-02-11 05:00:00,134.6,142.5,44.3,1.046,14.1,90,1.1111111111111112,172,Moderate
2025-02-11 06:00:00,143.9,151.3,49.3,1.572,13.1,96,1.1944444444444444,172,Moderate
2025-02-11 07:00:00,156.9,164.8,55.7,2.274,12.6,98,1.2777777777777777,172,Moderate
2025-02-11 08:00:00,158.3,163.9,56.9,2.626,14.3,90,1.1388888888888888,172,Moderate
2025-02-11 09:00:00,138.8,143.9,48.3,2.301,18.0,73,0.7777777777777777,173,Moderate
2025-02-11 10:00:00,106.2,114.8,34.6,1.627,21.8,54,0.5555555555555556,173,Moderate
2025-02-11 11:00:00,70.8,83.4,22.9,1.06,24.7,36,0.6666666666666666,173,Moderate
2025-02-11 12:00:00,50.3,64.0,15.4,0.758,26.4,33,1.0,173,Moderate
2025-02-11 13:00:00,42.1,55.4,10.1,0.562,27.5,29,1.1666666666666667,173,Moderate
2025-02-11 14:00:00,36.8,51.3,7.9,0.454,28.1,24,1.6944444444444442,174,Moderate
2025-02-11 15:00:00,34.0,50.5,8.7,0.447,27.8,25,2.305555555555556,174,Moderate
2025-02-11 16:00:00,35.7,52.4,12.7,0.529,26.2,35,2.611111111111111,174,Moderate
2025-02-11 17:00:00,56.1,78.7,28.6,0.64,24.6,42,1.9444444444444444,174,Moderate
2025-02-11 18:00:00,81.3,100.4,46.9,0.795,24.5,40,1.5,174,Moderate
2025-02-11 19:00:00,101.0,119.2,71.6,0.979,22.7,52,1.0,174,Moderate
2025-02-11 20:00:00,107.8,124.3,86.6,1.096,21.2,59,0.9722222222222222,175,Moderate
2025-02-11 21:00:00,106.6,121.1,83.3,1.093,20.2,62,1.3333333333333333,174,Moderate
2025-02-11 22:00:00,100.8,113.9,70.3,1.022,19.0,68,1.6388888888888888,174,Moderate
2025-02-11 23:00:00,92.7,104.3,57.1,0.939,17.8,70,1.1111111111111112,174,Moderate
2025-02-12 00:00:00,82.4,93.1,45.7,0.844,17.4,70,0.3055555555555556,173,Moderate
2025-02-12 01:00:00,74.3,84.8,34.1,0.736,16.6,70,1.1666666666666667,172,Moderate
2025-02-12 02:00:00,68.2,78.5,25.3,0.674,16.1,70,1.472222222222222,171,Moderate
2025-02-12 03:00:00,63.1,72.9,20.5,0.682,15.6,68,1.472222222222222,170,Moderate
2025-02-12 04:00:00,58.9,69.8,18.4,0.735,15.2,66,1.5,168,Moderate
2025-02-12 05:00:00,61.9,81.5,17.2,0.812,14.8,66,1.75,167,Moderate
2025-02-12 06:00:00,58.2,83.6,21.5,0.947,14.3,79,2.055555555555556,165,Moderate
2025-02-12 07:00:00,59.0,89.9,27.2,1.107,14.1,77,2.25,163,Moderate
2025-02-12 08:00:00,61.2,92.9,29.6,1.169,15.6,70,2.111111111111111,161,Moderate
2025-02-12 09:00:00,58.8,95.7,25.8,1.051,17.9,60,2.0277777777777777,159,Moderate
2025-02-12 10:00:00,53.7,95.0,18.8,0.836,20.6,49,2.0277777777777777,157,Moderate
2025-02-12 11:00:00,44.9,78.0,12.8,0.65,23.4,37,2.7777777777777777,156,Moderate
2025-02-12 12:00:00,37.0,63.8,8.9,0.53,24.8,27,4.444444444444445,156,Moderate
2025-02-12 13:00:00,31.9,57.0,5.9,0.439,25.1,26,4.388888888888889,155,Moderate
2025-02-12 14:00:00,28.9,64.0,4.7,0.387,25.2,25,3.9166666666666665,155,Moderate
2025-02-12 15:00:00,30.2,97.6,5.8,0.389,24.9,25,4.361111111111111,155,Moderate
2025-02-12 16:00:00,34.9,136.9,8.6,0.43,23.9,30,4.333333333333333,155,Moderate
2025-02-12 17:00:00,42.1,218.4,11.4,0.473,22.7,35,3.8055555555555554,155,Moderate
2025-02-12 18:00:00,48.7,224.4,14.8,0.516,22.1,40,3.5277777777777777,155,Moderate
2025-02-12 19:00:00,53.0,227.7,19.5,0.561,21.0,45,3.5833333333333335,154,Moderate
2025-02-12 20:00:00,54.8,219.8,22.7,0.584,20.0,46,3.5833333333333335,153,Moderate
2025-02-12 21:00:00,54.5,194.6,23.2,0.569,19.3,45,3.5833333333333335,152,Moderate
2025-02-12 22:00:00,52.6,157.9,22.2,0.531,18.5,45,3.333333333333333,150,Moderate
2025-02-12 23:00:00,48.4,121.5,20.6,0.493,17.7,44,3.333333333333333,147,Moderate
2025-02-13 00:00:00,44.2,96.2,18.3,0.454,17.0,45,3.333333333333333,143,Moderate
2025-02-13 01:00:00,41.4,82.4,15.3,0.416,16.3,48,3.333333333333333,139,Moderate
2025-02-13 02:00:00,39.7,76.1,13.1,0.4,15.7,50,3.4444444444444446,135,Moderate
2025-02-13 03:00:00,38.3,72.9,11.6,0.413,15.1,55,3.0555555555555554,132,Moderate
2025-02-13 04:00:00,37.5,71.0,10.7,0.449,14.6,57,2.8055555555555554,130,Moderate
2025-02-13 05:00:00,39.1,85.0,10.8,0.516,14.2,58,2.75,127,Moderate
2025-02-13 06:00:00,41.9,91.5,15.2,0.655,14.3,62,3.555555555555556,125,Moderate
2025-02-13 07:00:00,46.6,96.9,21.0,0.825,14.1,63,3.555555555555556,123,Moderate
2025-02-13 08:00:00,49.5,91.3,23.7,0.914,15.1,60,2.8055555555555554,122,Moderate
2025-02-13 09:00:00,48.5,84.5,20.1,0.851,17.0,54,3.1111111111111107,121,Moderate
2025-02-13 10:00:00,42.0,69.2,13.3,0.707,19.5,45,3.2777777777777777,120,Moderate
2025-02-13 11:00:00,30.3,44.9,8.0,0.581,21.7,36,3.7222222222222223,119,Moderate
2025-02-13 12:00:00,22.7,33.5,5.8,0.503,23.1,29,4.111111111111112,117,Moderate
2025-02-13 13:00:00,21.1,39.7,5.0,0.442,24.0,25,4.416666666666667,116,Moderate
2025-02-13 14:00:00,24.0,67.8,5.3,0.41,24.3,22,4.666666666666667,114,Moderate
2025-02-13 15:00:00,29.4,119.0,6.8,0.42,24.0,24,4.527777777777778,114,Moderate
2025-02-13 16:00:00,36.7,166.7,9.3,0.458,23.2,28,4.305555555555555,114,Moderate
2025-02-13 17:00:00,56.6,277.5,12.0,0.494,22.0,36,4.0,114,Moderate
2025-02-13 18:00:00,63.6,293.4,15.5,0.521,21.2,43,3.194444444444444,116,Moderate
2025-02-13 19:00:00,67.3,288.7,20.2,0.547,20.2,46,3.2499999999999996,117,Moderate
2025-02-13 20:00:00,67.3,269.2,23.5,0.561,19.2,46,3.3611111111111107,119,Moderate
2025-02-13 21:00:00,63.3,226.8,24.1,0.56,18.4,45,3.2777777777777777,120,Moderate
2025-02-13 22:00:00,58.3,172.3,23.1,0.547,17.6,43,3.2777777777777777,121,Moderate
2025-02-13 23:00:00,52.9,125.3,21.7,0.523,17.1,41,2.8055555555555554,121,Moderate
2025-02-14 00:00:00,47.6,93.6,19.7,0.476,16.4,41,2.611111111111111,122,Moderate
2025-02-14 01:00:00,45.8,79.4,17.2,0.417,15.7,42,2.305555555555556,122,Moderate
2025-02-14 02:00:00,45.2,74.7,15.4,0.381,15.0,44,2.305555555555556,123,Moderate
2025-02-14 03:00:00,44.9,72.9,14.2,0.373,14.4,46,2.3333333333333335,123,Moderate
2025-02-14 04:00:00,44.8,71.7,13.7,0.387,13.9,48,2.2777777777777777,124,Moderate
2025-02-14 05:00:00,44.1,83.4,12.5,0.448,13.5,50,2.2777777777777777,125,Moderate
2025-02-14 06:00:00,45.6,87.3,16.9,0.608,12.8,59,2.8055555555555554,125,Moderate
2025-02-14 07:00:00,49.9,93.4,22.7,0.814,12.8,58,2.8055555555555554,126,Moderate
2025-02-14 08:00:00,54.1,93.6,25.4,0.927,14.4,52,2.7222222222222223,126,Moderate
2025-02-14 09:00:00,54.1,92.7,22.2,0.862,16.6,45,2.8055555555555554,126,Moderate
2025-02-14 10:00:00,49.5,87.3,16.0,0.705,19.4,38,2.944444444444444,127,Moderate
2025-02-14 11:00:00,40.0,64.5,10.9,0.575,21.9,31,3.1666666666666665,128,Moderate
2025-02-14 12:00:00,31.3,45.4,8.3,0.513,23.8,23,3.5833333333333335,129,Moderate
2025-02-14 13:00:00,28.2,39.5,6.7,0.479,24.8,22,3.75,130,Moderate
2025-02-14 14:00:00,27.5,41.1,6.7,0.469,25.2,22,3.861111111111111,130,Moderate
2025-02-14 15:00:00,28.6,49.1,8.3,0.484,25.0,24,3.638888888888889,131,Moderate
2025-02-14 16:00:00,31.3,58.8,11.3,0.524,24.4,27,3.5277777777777777,131,Moderate
2025-02-14 17:00:00,38.3,95.9,15.4,0.581,23.1,32,3.0,130,Moderate
2025-02-14 18:00:00,46.8,114.1,20.2,0.671,22.4,36,2.638888888888889,128,Moderate
2025-02-14 19:00:00,52.9,128.5,26.8,0.778,21.4,40,2.5833333333333335,127,Moderate
2025-02-14 20:00:00,57.0,143.4,31.3,0.849,20.5,42,2.4444444444444446,125,Moderate
2025-02-14 21:00:00,60.3,150.9,31.9,0.855,19.9,42,2.5555555555555554,124,Moderate
2025-02-14 22:00:00,62.4,148.1,30.4,0.826,19.5,42,2.4722222222222223,124,Moderate
2025-02-14 23:00:00,63.1,137.4,28.4,0.796,18.5,46,1.5555555555555554,124,Moderate
2025-02-15 00:00:00,61.0,121.5,25.6,0.772,17.1,52,1.1388888888888888,125,Moderate
2025-02-15 01:00:00,59.8,107.8,22.3,0.748,16.5,53,1.1666666666666667,127,Moderate
2025-02-15 02:00:00,59.8,98.7,20.5,0.738,15.9,56,1.0,128,Moderate
2025-02-15 03:00:00,61.2,94.1,20.4,0.709,15.2,60,0.888888888888889,130,Moderate
2025-02-15 04:00:00,64.0,93.8,21.8,0.694,15.0,59,1.2222222222222223,131,Moderate
2025-02-15 05:00:00,75.0,102.9,27.1,0.81,14.4,62,1.027777777777778,133,Moderate
2025-02-15 06:00:00,84.1,111.3,36.3,1.227,13.8,68,1.1111111111111112,136,Moderate
2025-02-15 07:00:00,101.3,127.6,48.5,1.775,14.0,68,0.9722222222222222,140,Moderate
2025-02-15 08:00:00,108.7,125.7,53.6,2.054,16.1,59,0.8055555555555555,146,Moderate
2025-02-15 09:00:00,96.6,107.3,45.0,1.819,19.6,47,0.41666666666666663,150,Moderate
2025-02-15 10:00:00,72.2,81.0,29.4,1.316,22.6,35,0.41666666666666663,151,Moderate
2025-02-15 11:00:00,44.1,51.9,17.0,0.887,24.2,30,1.8888888888888888,152,Moderate
2025-02-15 12:00:00,30.5,39.6,11.7,0.653,24.6,31,2.5555555555555554,152,Moderate
2025-02-15 13:00:00,26.5,36.8,9.7,0.494,25.1,27,2.8055555555555554,152,Moderate
2025-02-15 14:00:00,26.3,37.4,9.8,0.391,25.3,27,2.5833333333333335,152,Moderate
2025-02-15 15:00:00,26.8,37.8,10.6,0.344,25.0,28,2.861111111111111,152,Moderate
2025-02-15 16:00:00,27.3,38.1,13.5,0.353,24.3,30,2.833333333333333,152,Moderate
2025-02-15 17:00:00,43.2,60.8,26.6,0.403,23.4,34,2.8055555555555554,152,Moderate
2025-02-15 18:00:00,60.3,74.5,44.3,0.497,23.6,34,1.75,152,Moderate
2025-02-15 19:00:00,79.6,92.7,68.5,0.632,22.2,40,1.5,152,Moderate
2025-02-15 20:00:00,95.2,108.3,85.9,0.788,20.8,49,1.3888888888888888,153,Moderate
2025-02-15 21:00:00,103.4,116.6,89.5,0.972,19.5,53,1.2777777777777777,153,Moderate
2025-02-15 22:00:00,103.6,118.0,86.3,1.177,18.8,52,1.2777777777777777,154,Moderate
2025-02-15 23:00:00,101.3,117.6,83.2,1.355,17.9,55,0.9722222222222222,155,Moderate
2025-02-16 00:00:00,101.0,119.7,83.6,1.523,17.9,60,0.19444444444444442,156,Moderate
2025-02-16 01:00:00,109.4,128.5,84.3,1.665,16.9,59,0.16666666666666666,157,Moderate
2025-02-16 02:00:00,120.6,138.8,82.3,1.689,15.7,62,0.8611111111111112,158,Moderate
2025-02-16 03:00:00,120.6,136.4,74.5,1.458,15.1,65,1.25,159,Moderate
2025-02-16 04:00:00,112.5,127.1,64.1,1.11,13.9,73,0.75,161,Moderate
2025-02-16 05:00:00,138.3,154.6,71.9,0.965,13.4,75,0.75,162,Moderate
2025-02-16 06:00:00,141.6,157.4,70.4,1.29,12.5,87,0.8611111111111112,163,Moderate
2025-02-16 07:00:00,149.0,164.4,67.8,1.818,12.9,86,0.8055555555555555,164,Moderate
2025-02-16 08:00:00,142.5,153.7,61.8,2.065,15.2,74,0.6666666666666666,165,Moderate
2025-02-16 09:00:00,109.2,120.6,49.3,1.727,19.1,58,0.19444444444444442,166,Moderate
2025-02-16 10:00:00,82.9,99.2,33.5,1.107,22.2,47,0.5277777777777778,167,Moderate
2025-02-16 11:00:00,58.3,80.1,21.4,0.635,24.5,35,0.6666666666666666,167,Moderate
2025-02-16 12:00:00,47.5,72.9,16.0,0.495,26.1,30,0.11111111111111112,167,Moderate
2025-02-16 13:00:00,43.4,69.8,14.3,0.503,26.9,26,0.6111111111111112,167,Moderate
2025-02-16 14:00:00,41.0,66.1,14.5,0.534,27.4,25,0.9166666666666666,168,Moderate
2025-02-16 15:00:00,39.6,62.9,16.0,0.553,27.2,26,1.4444444444444444,168,Moderate
2025-02-16 16:00:00,41.1,61.7,19.4,0.594,26.5,29,1.8055555555555556,168,Moderate
2025-02-16 17:00:00,62.6,87.1,30.4,0.637,25.0,35,2.5,169,Moderate
2025-02-16 18:00:00,75.7,95.7,38.4,0.672,23.6,41,2.611111111111111,169,Moderate
2025-02-16 19:00:00,82.4,100.8,49.2,0.709,22.0,49,2.055555555555556,169,Moderate
2025-02-16 20:00:00,83.4,102.4,55.4,0.755,21.0,55,1.6666666666666665,170,Moderate
2025-02-16 21:00:00,83.8,103.1,52.9,0.816,20.0,59,1.3611111111111112,169,Moderate
2025-02-16 22:00:00,82.9,103.1,45.8,0.886,18.9,65,1.25,169,Moderate
2025-02-16 23:00:00,77.8,98.0,38.6,0.953,17.9,69,1.027777777777778,168,Moderate
2025-02-17 00:00:00,71.2,89.6,31.9,1.023,17.1,73,1.0555555555555556,168,Moderate
2025-02-17 01:00:00,68.2,82.9,25.0,1.091,16.4,78,0.8611111111111112,167,Moderate
2025-02-17 02:00:00,68.2,79.6,20.8,1.131,15.9,79,0.3611111111111111,166,Moderate
2025-02-17 03:00:00,70.5,79.4,20.5,1.071,15.9,79,0.888888888888889,165,Moderate
2025-02-17 04:00:00,75.9,83.1,22.8,0.983,16.3,76,1.0,164,Moderate
2025-02-17 05:00:00,100.1,109.0,37.0,1.058,16.4,75,0.7777777777777777,163,Moderate
2025-02-17 06:00:00,109.9,119.7,46.4,1.527,15.5,83,0.6944444444444444,162,Moderate
2025-02-17 07:00:00,131.3,142.5,58.6,2.159,15.5,83,0.3611111111111111,162,Moderate
2025-02-17 08:00:00,143.0,150.9,63.2,2.448,17.1,74,0.75,161,Moderate
2025-02-17 09:00:00,113.4,118.7,52.9,2.061,20.2,57,0.5,161,Moderate
2025-02-17 10:00:00,80.8,87.5,34.9,1.332,23.1,41,0.6388888888888888,161,Moderate
2025-02-17 11:00:00,55.6,62.9,20.3,0.758,25.4,31,0.5555555555555556,161,Moderate
2025-02-17 12:00:00,43.2,51.3,13.1,0.543,27.0,25,0.38888888888888884,161,Moderate
2025-02-17 13:00:00,37.1,47.0,9.3,0.482,28.1,21,0.7222222222222222,161,Moderate
2025-02-17 14:00:00,33.2,46.1,8.0,0.463,28.5,20,1.0833333333333333,161,Moderate
2025-02-17 15:00:00,31.5,46.3,8.6,0.419,28.5,20,1.4166666666666665,161,Moderate
2025-02-17 16:00:00,32.2,47.1,11.8,0.416,28.0,21,1.6666666666666665,161,Moderate
2025-02-17 17:00:00,39.6,56.9,19.0,0.538,26.6,27,2.138888888888889,161,Moderate
2025-02-17 18:00:00,55.9,70.1,31.7,0.907,24.8,36,1.6944444444444442,160,Moderate
2025-02-17 19:00:00,71.2,83.1,49.0,1.399,23.4,47,0.888888888888889,160,Moderate
2025-02-17 20:00:00,80.3,92.7,60.8,1.731,22.3,56,0.19444444444444442,159,Moderate
2025-02-17 21:00:00,84.5,98.3,62.4,1.77,21.1,62,0.6111111111111112,159,Moderate
2025-02-17 22:00:00,88.9,104.3,58.4,1.648,20.2,65,0.888888888888889,159,Moderate
2025-02-17 23:00:00,89.6,108.0,52.3,1.475,19.5,68,1.1666666666666667,159,Moderate
2025-02-18 00:00:00,84.5,108.0,43.9,1.248,19.8,65,1.3333333333333333,160,Moderate
2025-02-18 01:00:00,77.8,106.4,33.4,0.971,19.3,65,1.472222222222222,160,Moderate
2025-02-18 02:00:00,71.7,101.7,25.3,0.765,17.8,69,1.25,160,Moderate
2025-02-18 03:00:00,68.0,95.0,20.6,0.646,17.2,69,1.7222222222222223,160,Moderate
2025-02-18 04:00:00,64.3,88.0,18.2,0.599,16.6,72,1.4444444444444444,160,Moderate
2025-02-18 05:00:00,78.9,95.2,23.7,0.699,16.1,76,0.7777777777777777,160,Moderate
2025-02-18 06:00:00,85.9,99.4,32.9,1.1,16.3,78,0.7222222222222222,160,Moderate
2025-02-18 07:00:00,107.6,120.6,45.1,1.648,16.5,76,1.027777777777778,159,Moderate
2025-02-18 08:00:00,107.1,115.7,51.1,1.952,18.6,66,1.4444444444444444,158,Moderate
2025-02-18 09:00:00,94.8,102.4,45.3,1.785,20.1,60,1.4166666666666665,158,Moderate
2025-02-18 10:00:00,73.3,83.4,33.3,1.374,22.2,52,1.5,157,Moderate
2025-02-18 11:00:00,47.8,61.2,22.8,1.007,23.2,48,2.75,157,Moderate
2025-02-18 12:00:00,32.4,46.1,15.8,0.772,23.4,46,2.305555555555556,157,Moderate
2025-02-18 13:00:00,26.8,45.5,10.3,0.582,25.2,33,2.2222222222222223,157,Moderate
2025-02-18 14:00:00,24.4,45.2,7.3,0.457,26.5,26,2.305555555555556,156,Moderate
2025-02-18 15:00:00,23.7,47.7,6.7,0.393,26.8,24,2.4444444444444446,156,Moderate
2025-02-18 16:00:00,24.5,54.8,8.7,0.396,26.3,24,2.305555555555556,156,Moderate
2025-02-18 17:00:00,26.4,63.8,15.8,0.502,25.4,26,1.9166666666666667,156,Moderate
2025-02-18 18:00:00,39.8,92.4,25.8,0.796,24.1,34,1.3055555555555556,156,Moderate
2025-02-18 19:00:00,52.6,126.7,39.7,1.193,23.0,41,1.0833333333333333,155,Moderate
2025-02-18 20:00:00,62.9,171.8,49.9,1.48,21.8,49,0.9444444444444444,155,Moderate
2025-02-18 21:00:00,71.9,216.1,53.6,1.566,21.0,53,0.9166666666666666,155,Moderate
2025-02-18 22:00:00,79.9,247.7,53.6,1.541,20.3,54,1.25,154,Moderate
2025-02-18 23:00:00,83.8,255.2,51.6,1.461,19.3,58,1.2777777777777777,154,Moderate
2025-02-19 00:00:00,81.5,243.1,46.8,1.307,18.6,57,1.472222222222222,154,Moderate
2025-02-19 01:00:00,78.2,217.5,39.9,1.097,17.7,58,1.3888888888888888,154,Moderate
2025-02-19 02:00:00,75.9,189.1,34.4,0.944,16.9,60,1.2777777777777777,154,Moderate
2025-02-19 03:00:00,74.7,163.4,31.6,0.873,16.4,61,1.4444444444444444,154,Moderate
2025-02-19 04:00:00,73.6,142.5,30.3,0.858,15.8,62,1.5,154,Moderate
2025-02-19 05:00:00,67.3,123.4,27.4,0.932,15.2,64,1.5,154,Moderate
2025-02-19 06:00:00,66.1,107.1,31.4,1.202,14.6,71,1.2777777777777777,154,Moderate
2025-02-19 07:00:00,72.9,100.4,36.5,1.562,14.9,70,1.5555555555555554,154,Moderate
2025-02-19 08:00:00,76.4,95.2,37.9,1.725,16.5,63,1.611111111111111,153,Moderate
2025-02-19 09:00:00,71.2,85.4,32.1,1.505,19.5,52,0.9722222222222222,152,Moderate
2025-02-19 10:00:00,61.5,72.4,22.7,1.089,22.4,40,1.0555555555555556,152,Moderate
2025-02-19 11:00:00,43.9,52.9,15.0,0.748,24.9,30,1.4166666666666665,151,Moderate
2025-02-19 12:00:00,30.4,40.2,10.8,0.586,26.5,24,1.5,151,Moderate
2025-02-19 13:00:00,27.8,38.8,8.4,0.498,27.4,21,1.5,151,Moderate
2025-02-19 14:00:00,27.4,42.1,8.1,0.449,28.0,20,1.6388888888888888,151,Moderate
2025-02-19 15:00:00,27.2,46.1,8.7,0.4,28.0,21,2.138888888888889,151,Moderate
2025-02-19 16:00:00,27.9,49.6,11.4,0.389,27.3,23,2.5277777777777777,151,Moderate
2025-02-19 17:00:00,41.0,56.0,22.2,0.489,26.2,27,2.2222222222222223,152,Moderate
2025-02-19 18:00:00,54.2,67.8,31.1,0.833,25.2,29,1.1111111111111112,152,Moderate
2025-02-19 19:00:00,64.7,77.3,43.4,1.287,24.2,34,0.9722222222222222,152,Moderate
2025-02-19 20:00:00,69.4,85.0,52.2,1.523,22.9,43,1.3055555555555556,152,Moderate
2025-02-19 21:00:00,76.4,91.3,54.1,1.332,22.1,49,0.888888888888889,153,Moderate
2025-02-19 22:00:00,84.8,99.9,52.6,0.923,21.5,48,1.9166666666666667,153,Moderate
2025-02-19 23:00:00,80.1,95.2,51.1,0.591,20.0,60,0.8611111111111112,153,Moderate
2025-02-20 00:00:00,79.2,93.6,51.8,0.455,19.8,62,0.9444444444444444,153,Moderate
2025-02-20 01:00:00,82.0,96.9,52.5,0.396,18.8,67,2.0,153,Moderate
2025-02-20 02:00:00,85.0,102.0,50.7,0.356,17.5,74,2.8055555555555554,153,Moderate
2025-02-20 03:00:00,81.7,100.4,43.4,0.3,16.4,80,2.833333333333333,153,Moderate
2025-02-20 04:00:00,71.5,91.0,33.6,0.263,15.6,88,3.4722222222222223,153,Moderate
2025-02-20 05:00:00,54.4,65.0,23.6,0.293,14.9,86,3.1111111111111107,153,Moderate
2025-02-20 06:00:00,48.5,59.3,28.3,0.463,16.2,92,2.5,153,Moderate
2025-02-20 07:00:00,51.2,62.2,34.3,0.699,16.3,84,2.888888888888889,152,Moderate
2025-02-20 08:00:00,53.6,65.9,36.3,0.826,17.8,74,2.4444444444444446,152,Moderate
2025-02-20 09:00:00,47.3,62.4,30.2,0.734,19.1,71,3.138888888888889,151,Moderate
2025-02-20 10:00:00,33.5,55.9,20.0,0.533,20.4,63,2.638888888888889,151,Moderate
2025-02-20 11:00:00,29.7,63.3,12.0,0.375,21.1,58,2.7777777777777777,150,Moderate
2025-02-20 12:00:00,31.7,96.2,8.4,0.322,20.9,63,3.8055555555555554,150,Moderate
2025-02-20 13:00:00,32.5,109.9,6.9,0.313,22.5,53,4.222222222222222,150,Moderate
2025-02-20 14:00:00,35.9,130.9,6.9,0.319,23.5,47,4.305555555555555,150,Moderate
2025-02-20 15:00:00,37.4,134.1,8.6,0.337,23.8,46,4.222222222222222,150,Moderate
2025-02-20 16:00:00,38.9,133.2,11.8,0.371,23.2,47,3.6944444444444446,150,Moderate
2025-02-20 17:00:00,41.1,164.4,15.6,0.403,22.0,51,4.027777777777778,151,Moderate
2025-02-20 18:00:00,43.3,160.7,19.6,0.428,21.2,60,3.4722222222222223,151,Moderate
2025-02-20 19:00:00,45.8,149.0,25.0,0.45,20.1,68,3.5833333333333335,150,Moderate
2025-02-20 20:00:00,44.8,130.4,28.0,0.467,19.0,70,2.055555555555556,150,Moderate
2025-02-20 21:00:00,44.5,114.6,26.5,0.48,15.6,92,3.3611111111111107,148,Moderate
2025-02-20 22:00:00,46.7,102.2,22.7,0.488,16.4,89,2.638888888888889,144,Moderate
2025-02-20 23:00:00,47.7,66.4,19.5,0.477,16.1,86,2.75,140,Moderate
2025-02-21 00:00:00,46.8,56.2,17.7,0.431,15.7,88,2.611111111111111,137,Moderate
2025-02-21 01:00:00,46.8,54.4,16.4,0.366,15.4,89,2.1666666666666665,134,Moderate
2025-02-21 02:00:00,48.0,61.9,15.9,0.321,15.2,90,2.111111111111111,130,Moderate
2025-02-21 03:00:00,48.7,64.0,15.6,0.29,14.8,93,2.0277777777777777,126,Moderate
2025-02-21 04:00:00,48.5,67.5,16.1,0.279,14.6,91,2.055555555555556,123,Moderate
2025-02-21 05:00:00,43.8,55.2,16.8,0.344,14.3,90,1.6388888888888888,120,Moderate
2025-02-21 06:00:00,48.3,60.8,25.5,0.569,14.0,92,1.0,119,Moderate
2025-02-21 07:00:00,62.4,76.4,37.1,0.87,14.2,92,0.7777777777777777,119,Moderate
2025-02-21 08:00:00,68.5,82.0,43.5,1.048,15.6,86,0.4444444444444445,120,Moderate
2025-02-21 09:00:00,60.3,77.1,39.9,0.985,17.8,77,0.16666666666666666,122,Moderate
2025-02-21 10:00:00,60.5,82.9,31.1,0.799,20.0,68,0.0,123,Moderate
2025-02-21 11:00:00,56.9,83.6,23.1,0.647,22.0,59,0.38888888888888884,126,Moderate
2025-02-21 12:00:00,51.1,81.7,17.5,0.59,23.4,53,0.6388888888888888,129,Moderate
2025-02-21 13:00:00,48.7,85.0,12.8,0.567,24.2,51,0.6111111111111112,131,Moderate
2025-02-21 14:00:00,47.0,85.2,10.0,0.548,24.8,48,1.0833333333333333,133,Moderate
2025-02-21 15:00:00,46.3,85.9,9.9,0.516,24.8,47,1.777777777777778,134,Moderate
2025-02-21 16:00:00,44.9,87.3,11.8,0.488,24.0,48,2.5833333333333335,135,Moderate
2025-02-21 17:00:00,51.6,112.2,13.9,0.487,22.5,55,2.7777777777777777,135,Moderate
2025-02-21 18:00:00,54.6,120.1,17.4,0.535,21.4,63,2.611111111111111,140,Moderate
2025-02-21 19:00:00,59.5,123.9,22.1,0.61,20.5,69,2.4166666666666665,140,Moderate
2025-02-21 20:00:00,62.9,126.7,25.7,0.67,19.5,75,2.055555555555556,139,Moderate
2025-02-21 21:00:00,65.0,120.6,27.3,0.704,18.5,80,1.8055555555555556,141,Moderate
2025-02-21 22:00:00,67.1,113.4,27.7,0.722,17.9,82,2.0,143,Moderate
2025-02-21 23:00:00,68.5,111.5,26.9,0.714,17.0,85,2.111111111111111,145,Moderate
2025-02-22 00:00:00,67.8,114.3,24.1,0.66,16.5,86,2.361111111111111,147,Moderate
2025-02-22 01:00:00,66.8,119.0,19.9,0.579,15.8,86,2.4166666666666665,150,Moderate
2025-02-22 02:00:00,65.7,119.2,16.7,0.52,15.1,87,2.25,150,Moderate
2025-02-22 03:00:00,64.7,117.8,14.9,0.491,14.5,89,2.361111111111111,151,Moderate
2025-02-22 04:00:00,63.1,114.3,13.9,0.484,14.1,90,2.5,151,Moderate
2025-02-22 05:00:00,60.5,111.3,13.7,0.523,13.6,90,2.4722222222222223,151,Moderate
2025-02-22 06:00:00,59.6,107.6,16.6,0.661,13.6,92,2.1944444444444446,152,Moderate
2025-02-22 07:00:00,61.7,109.0,20.4,0.844,13.6,90,2.361111111111111,152,Moderate
2025-02-22 08:00:00,63.8,100.6,21.9,0.936,14.9,84,1.9444444444444444,152,Moderate
2025-02-22 09:00:00,62.4,99.2,19.0,0.848,17.0,73,2.0,152,Moderate
2025-02-22 10:00:00,58.1,97.3,13.9,0.668,19.4,61,1.9444444444444444,152,Moderate
2025-02-22 11:00:00,49.0,91.3,9.7,0.524,21.5,50,2.25,152,Moderate
2025-02-22 12:00:00,40.0,84.5,7.4,0.465,22.9,43,2.5833333333333335,152,Moderate
2025-02-22 13:00:00,33.8,78.9,6.1,0.442,23.4,41,2.944444444444444,151,Moderate
2025-02-22 14:00:00,30.6,82.2,5.9,0.433,23.7,37,2.9166666666666665,151,Moderate
2025-02-22 15:00:00,29.4,95.0,6.6,0.43,23.7,38,3.0555555555555554,151,Moderate
2025-02-22 16:00:00,29.6,114.8,8.4,0.442,23.1,39,3.083333333333333,150,Moderate
2025-02-22 17:00:00,29.3,94.1,13.1,0.474,22.0,43,2.833333333333333,150,Moderate
2025-02-22 18:00:00,38.5,107.8,20.4,0.545,20.3,55,1.777777777777778,148,Moderate
2025-02-22 19:00:00,46.3,119.2,30.3,0.635,19.1,63,1.472222222222222,146,Moderate
2025-02-22 20:00:00,49.8,125.3,37.4,0.693,18.4,67,1.5833333333333333,145,Moderate
2025-02-22 21:00:00,52.7,126.7,39.2,0.693,17.7,72,1.4444444444444444,144,Moderate
2025-02-22 22:00:00,55.3,127.6,38.1,0.66,17.0,76,1.3333333333333333,142,Moderate
2025-02-22 23:00:00,56.2,125.7,35.5,0.622,16.3,78,1.3055555555555556,141,Moderate
2025-02-23 00:00:00,53.7,121.1,31.1,0.577,15.7,79,1.25,140,Moderate
2025-02-23 01:00:00,50.8,117.8,25.2,0.527,15.4,78,1.3888888888888888,138,Moderate
2025-02-23 02:00:00,48.9,115.0,20.6,0.499,14.9,79,1.3611111111111112,137,Moderate
2025-02-23 03:00:00,48.5,112.9,17.9,0.481,14.4,81,1.3611111111111112,135,Moderate
2025-02-23 04:00:00,49.0,110.1,16.5,0.486,14.1,82,1.5,133,Moderate
2025-02-23 05:00:00,49.9,110.8,16.1,0.578,13.7,84,1.5,132,Moderate
2025-02-23 06:00:00,52.9,99.7,22.3,0.873,13.4,88,1.2222222222222223,131,Moderate
2025-02-23 07:00:00,62.9,101.3,30.5,1.256,13.8,85,1.4166666666666665,130,Moderate
2025-02-23 08:00:00,68.7,99.7,34.2,1.447,15.6,78,1.4166666666666665,130,Moderate
2025-02-23 09:00:00,65.4,92.4,28.9,1.263,18.1,68,1.3055555555555556,131,Moderate
2025-02-23 10:00:00,55.3,79.4,19.0,0.886,20.8,57,1.5555555555555554,131,Moderate
2025-02-23 11:00:00,39.6,66.8,11.2,0.586,22.6,47,1.8888888888888888,131,Moderate
2025-02-23 12:00:00,31.9,62.9,7.8,0.47,23.8,42,1.972222222222222,130,Moderate
2025-02-23 13:00:00,28.6,64.5,6.4,0.431,24.5,39,2.0277777777777777,129,Moderate
2025-02-23 14:00:00,28.7,71.2,6.4,0.415,25.0,38,2.0277777777777777,128,Moderate
2025-02-23 15:00:00,28.1,77.5,6.6,0.392,24.9,38,2.25,128,Moderate
2025-02-23 16:00:00,27.7,84.3,8.2,0.393,24.4,39,2.4444444444444446,128,Moderate
2025-02-23 17:00:00,29.6,73.8,15.3,0.455,23.3,41,2.3333333333333335,128,Moderate
2025-02-23 18:00:00,43.9,92.4,27.4,0.62,22.2,47,1.5277777777777777,128,Moderate
2025-02-23 19:00:00,57.6,102.9,44.0,0.846,21.0,53,1.25,128,Moderate
2025-02-23 20:00:00,66.8,115.7,56.3,1.049,19.8,61,1.0833333333333333,130,Moderate
2025-02-23 21:00:00,72.6,129.9,60.4,1.225,18.7,66,1.027777777777778,131,Moderate
2025-02-23 22:00:00,80.8,146.2,60.2,1.377,17.7,71,1.0,133,Moderate
2025-02-23 23:00:00,87.1,159.7,58.3,1.435,17.0,74,0.75,136,Moderate
2025-02-24 00:00:00,88.9,166.2,54.7,1.332,16.3,76,1.027777777777778,139,Moderate
2025-02-24 01:00:00,90.6,172.3,49.4,1.135,15.6,79,1.1666666666666667,143,Moderate
2025-02-24 02:00:00,89.4,172.8,44.5,0.968,14.9,82,1.1944444444444444,147,Moderate
2025-02-24 03:00:00,88.0,171.4,40.2,0.84,14.3,83,1.1944444444444444,150,Moderate
2025-02-24 04:00:00,87.1,165.8,36.3,0.743,13.9,83,1.2222222222222223,151,Moderate
2025-02-24 05:00:00,84.8,158.8,34.3,0.773,13.6,83,1.2777777777777777,152,Moderate
2025-02-24 06:00:00,87.1,154.1,40.2,1.083,13.9,88,1.3611111111111112,153,Moderate
2025-02-24 07:00:00,98.3,163.0,47.8,1.52,14.1,85,1.5555555555555554,153,Moderate
2025-02-24 08:00:00,95.9,135.0,49.7,1.729,16.1,76,1.25,154,Moderate
2025-02-24 09:00:00,84.1,122.0,40.6,1.484,19.2,62,0.9166666666666666,155,Moderate
2025-02-24 10:00:00,64.3,99.7,25.8,1.01,22.1,52,0.9444444444444444,155,Moderate
2025-02-24 11:00:00,46.0,76.1,14.1,0.629,24.1,40,1.25,155,Moderate
2025-02-24 12:00:00,35.2,66.4,9.0,0.467,25.5,32,1.5833333333333333,156,Moderate
2025-02-24 13:00:00,30.9,66.4,7.0,0.399,26.5,27,2.0833333333333335,156,Moderate
2025-02-24 14:00:00,29.2,70.3,6.7,0.367,26.9,24,2.4722222222222223,156,Moderate
2025-02-24 15:00:00,28.5,77.5,6.9,0.343,26.8,23,2.75,156,Moderate
2025-02-24 16:00:00,28.9,85.4,8.8,0.356,26.0,25,2.7777777777777777,156,Moderate
2025-02-24 17:00:00,33.9,92.2,14.2,0.438,24.6,33,2.5,156,Moderate
2025-02-24 18:00:00,46.9,112.5,23.5,0.623,22.8,48,1.9166666666666667,156,Moderate
2025-02-24 19:00:00,58.4,122.9,36.4,0.876,21.5,57,1.2222222222222223,156,Moderate
2025-02-24 20:00:00,65.2,137.8,46.8,1.13,20.8,61,1.1666666666666667,156,Moderate
2025-02-24 21:00:00,72.4,153.7,52.3,1.406,19.5,68,1.1111111111111112,156,Moderate
2025-02-24 22:00:00,80.1,165.8,55.4,1.682,18.9,71,0.9166666666666666,156,Moderate
2025-02-24 23:00:00,88.7,176.5,56.7,1.82,18.4,72,0.9722222222222222,156,Moderate
2025-02-25 00:00:00,95.9,190.5,55.9,1.721,17.8,72,0.6944444444444444,156,Moderate
2025-02-25 01:00:00,97.3,193.2,53.4,1.484,17.0,75,0.8611111111111112,156,Moderate
2025-02-25 02:00:00,97.1,195.1,51.4,1.272,16.2,77,0.75,156,Moderate
2025-02-25 03:00:00,98.5,194.6,50.6,1.09,15.4,80,1.2222222222222223,156,Moderate
2025-02-25 04:00:00,99.9,190.5,50.2,0.933,15.1,81,1.2777777777777777,157,Moderate
2025-02-25 05:00:00,101.3,189.1,47.9,0.945,14.8,82,1.3055555555555556,157,Moderate
2025-02-25 06:00:00,110.1,193.7,54.2,1.33,14.7,86,1.0,157,Moderate
2025-02-25 07:00:00,124.3,201.6,62.2,1.884,15.2,83,1.5,158,Moderate
2025-02-25 08:00:00,109.9,157.4,63.3,2.137,17.5,73,1.3333333333333333,158,Moderate
2025-02-25 09:00:00,91.5,141.1,51.0,1.782,20.8,58,1.027777777777778,159,Moderate
2025-02-25 10:00:00,71.9,131.3,31.8,1.125,23.8,44,0.7222222222222222,159,Moderate
2025-02-25 11:00:00,50.8,112.5,16.8,0.621,25.7,33,0.9722222222222222,159,Moderate
2025-02-25 12:00:00,41.4,100.4,10.3,0.462,27.1,27,1.0,159,Moderate
2025-02-25 13:00:00,37.4,91.0,8.0,0.456,27.9,25,1.611111111111111,159,Moderate
2025-02-25 14:00:00,35.0,83.1,8.0,0.474,27.9,26,1.9444444444444444,159,Moderate
2025-02-25 15:00:00,34.1,78.7,9.0,0.446,27.1,28,2.138888888888889,160,Moderate
2025-02-25 16:00:00,34.5,75.9,12.3,0.443,26.3,30,2.305555555555556,160,Moderate
2025-02-25 17:00:00,38.9,72.9,18.8,0.546,25.4,31,1.611111111111111,160,Moderate
2025-02-25 18:00:00,57.7,78.9,36.2,0.836,24.5,36,1.0,160,Moderate
2025-02-25 19:00:00,75.4,91.3,60.3,1.232,23.2,42,1.0,160,Moderate
2025-02-25 20:00:00,87.5,101.5,78.3,1.581,22.0,53,0.6666666666666666,160,Moderate
2025-02-25 21:00:00,96.6,110.6,84.5,1.834,21.2,56,0.5277777777777778,161,Moderate
2025-02-25 22:00:00,105.9,121.1,84.6,2.039,20.4,58,0.41666666666666663,161,Moderate
2025-02-25 23:00:00,111.5,129.5,83.6,2.184,20.5,54,1.5555555555555554,162,Moderate
2025-02-26 00:00:00,112.9,134.1,82.6,2.264,20.0,57,1.1111111111111112,163,Moderate
2025-02-26 01:00:00,114.8,138.8,80.5,2.285,19.2,62,1.1111111111111112,163,Moderate
2025-02-26 02:00:00,115.3,143.0,78.9,2.248,18.9,64,0.5277777777777778,163,Moderate
2025-02-26 03:00:00,115.7,145.3,78.6,2.069,18.6,68,0.08333333333333333,164,Moderate
2025-02-26 04:00:00,117.6,148.5,78.7,1.833,18.5,64,1.2777777777777777,164,Moderate
2025-02-26 05:00:00,108.5,136.9,76.0,1.796,18.2,64,0.8333333333333333,164,Moderate
2025-02-26 06:00:00,110.6,139.2,77.1,2.244,18.4,71,0.11111111111111112,165,Moderate
2025-02-26 07:00:00,108.5,152.3,77.9,2.891,18.6,70,0.05555555555555556,165,Moderate
2025-02-26 08:00:00,98.7,161.6,73.6,3.142,19.1,68,1.5555555555555554,164,Moderate
2025-02-26 09:00:00,92.2,156.0,59.8,2.597,21.8,58,1.0833333333333333,164,Moderate
2025-02-26 10:00:00,75.2,157.9,40.8,1.656,25.0,48,1.75,164,Moderate
2025-02-26 11:00:00,57.4,143.0,25.7,0.915,27.0,42,1.4444444444444444,164,Moderate
2025-02-26 12:00:00,48.3,133.6,17.5,0.624,28.7,37,1.5833333333333333,164,Moderate
2025-02-26 13:00:00,46.0,132.7,13.0,0.533,29.8,33,1.4444444444444444,164,Moderate
2025-02-26 14:00:00,45.8,137.8,11.6,0.496,30.1,32,1.6666666666666665,165,Moderate
2025-02-26 15:00:00,46.6,144.8,13.8,0.452,30.0,28,1.9166666666666667,165,Moderate
2025-02-26 16:00:00,47.7,152.3,19.0,0.461,29.9,29,1.5277777777777777,165,Moderate
2025-02-26 17:00:00,50.5,152.3,26.3,0.553,29.1,31,1.4444444444444444,165,Moderate
2025-02-26 18:00:00,58.4,159.3,30.4,0.778,27.1,44,0.6111111111111112,176,Moderate
2025-02-26 19:00:00,56.8,129.5,36.6,1.084,26.2,49,0.8055555555555555,177,Moderate
2025-02-26 20:00:00,59.8,126.7,44.7,1.351,25.4,53,0.888888888888889,166,Moderate
2025-02-26 21:00:00,69.2,142.0,56.8,1.531,24.2,61,0.6388888888888888,165,Moderate
2025-02-26 22:00:00,86.4,168.6,70.8,1.671,23.6,61,1.1111111111111112,164,Moderate
2025-02-26 23:00:00,98.0,183.0,80.3,1.787,23.5,60,1.3611111111111112,164,Moderate
2025-02-27 00:00:00,94.8,182.5,82.7,1.925,22.7,65,0.8333333333333333,163,Moderate
2025-02-27 01:00:00,96.2,190.0,80.5,2.039,22.1,66,0.19444444444444442,163,Moderate
2025-02-27 02:00:00,98.0,195.1,75.6,2.008,21.8,66,1.3611111111111112,163,Moderate
2025-02-27 03:00:00,88.5,204.0,66.5,1.708,21.1,69,1.3611111111111112,162,Moderate
2025-02-27 04:00:00,81.0,177.9,54.6,1.263,19.8,74,0.75,162,Moderate
2025-02-27 05:00:00,63.1,102.4,42.5,0.93,19.7,71,2.2777777777777777,161,Moderate
2025-02-27 06:00:00,61.5,90.8,41.8,0.841,21.0,75,1.027777777777778,160,Moderate
2025-02-27 07:00:00,58.4,94.1,40.6,0.865,20.1,77,4.722222222222222,159,Moderate
2025-02-27 08:00:00,58.6,90.8,38.1,0.858,18.6,83,2.1944444444444446,158,Moderate
2025-02-27 09:00:00,55.6,93.4,33.2,0.757,19.3,89,2.5,157,Moderate
2025-02-27 10:00:00,51.1,97.6,26.9,0.627,20.2,89,3.1111111111111107,156,Moderate
2025-02-27 11:00:00,45.3,95.7,21.6,0.518,19.6,87,3.944444444444444,155,Moderate
2025-02-27 12:00:00,42.0,136.9,17.6,0.442,19.9,80,2.9166666666666665,155,Moderate
2025-02-27 13:00:00,39.9,166.7,14.5,0.387,21.5,73,3.0,155,Moderate
2025-02-27 14:00:00,38.3,162.1,13.5,0.368,22.7,66,3.1666666666666665,155,Moderate
2025-02-27 15:00:00,38.6,170.9,15.9,0.406,22.2,66,2.4444444444444446,155,Moderate
2025-02-27 16:00:00,40.9,194.2,20.3,0.48,21.8,67,1.9166666666666667,155,Moderate
2025-02-27 17:00:00,38.9,179.7,18.4,0.539,21.4,69,2.138888888888889,154,Moderate
2025-02-27 18:00:00,39.5,173.2,20.0,0.566,21.4,65,1.4444444444444444,154,Moderate
2025-02-27 19:00:00,40.9,173.7,22.1,0.577,20.6,69,2.111111111111111,154,Moderate
2025-02-27 20:00:00,42.8,196.5,23.4,0.574,19.7,72,2.0,153,Moderate
2025-02-27 21:00:00,43.3,198.8,23.2,0.551,19.6,73,2.7222222222222223,153,Moderate
2025-02-27 22:00:00,43.3,191.9,22.2,0.514,19.6,69,2.8055555555555554,152,Moderate
2025-02-27 23:00:00,42.6,177.0,21.0,0.474,19.2,68,3.138888888888889,151,Moderate
2025-02-28 00:00:00,40.5,147.1,19.8,0.433,19.2,63,3.0,150,Moderate
2025-02-28 01:00:00,40.9,154.1,18.4,0.391,19.1,63,2.388888888888889,146,Moderate
2025-02-28 02:00:00,33.3,79.6,17.1,0.358,19.0,66,2.0,140,Moderate
2025-02-28 03:00:00,29.1,58.9,15.2,0.323,18.8,69,2.3333333333333335,133,Moderate
2025-02-28 04:00:00,30.7,98.0,13.4,0.297,18.6,72,2.694444444444444,127,Moderate
2025-02-28 05:00:00,28.7,57.9,15.3,0.329,18.5,71,2.972222222222222,122,Moderate
2025-02-28 06:00:00,29.2,57.4,21.0,0.487,18.9,74,2.1944444444444446,118,Moderate
2025-02-28 07:00:00,36.3,63.6,28.7,0.702,18.6,75,1.6944444444444442,115,Moderate
2025-02-28 08:00:00,42.0,71.9,33.6,0.819,18.1,74,2.0277777777777777,112,Moderate
2025-02-28 09:00:00,42.6,79.4,33.4,0.74,17.5,80,2.5833333333333335,111,Moderate
2025-02-28 10:00:00,41.6,81.0,30.4,0.562,18.0,86,3.333333333333333,109,Moderate
2025-02-28 11:00:00,41.8,80.1,27.2,0.425,19.2,79,3.222222222222222,108,Moderate
2025-02-28 12:00:00,45.9,77.8,24.0,0.38,19.6,77,3.0277777777777777,108,Moderate
2025-02-28 13:00:00,47.4,79.4,20.5,0.376,20.5,74,2.861111111111111,108,Moderate
2025-02-28 14:00:00,44.9,83.8,18.5,0.397,22.0,69,2.638888888888889,109,Moderate
2025-02-28 15:00:00,46.0,122.9,18.5,0.448,22.7,68,2.75,110,Moderate
2025-02-28 16:00:00,45.9,124.3,19.9,0.523,22.6,70,2.4166666666666665,111,Moderate
2025-02-28 17:00:00,54.8,180.7,22.4,0.589,22.0,74,2.111111111111111,111,Moderate
2025-02-28 18:00:00,67.8,181.1,37.7,0.644,21.3,83,2.361111111111111,113,Moderate
2025-02-28 19:00:00,75.0,185.8,58.1,0.691,21.0,85,2.4166666666666665,116,Moderate
2025-02-28 20:00:00,77.1,193.7,67.8,0.701,20.8,83,2.1666666666666665,119,Moderate
2025-02-28 21:00:00,71.9,182.5,56.2,0.651,18.8,91,1.6388888888888888,123,Moderate
2025-02-28 22:00:00,49.6,94.3,33.9,0.564,18.5,92,2.0833333333333335,126,Moderate
2025-02-28 23:00:00,37.8,61.9,16.7,0.484,17.7,89,3.083333333333333,126,Moderate
2025-03-01 00:00:00,35.9,60.5,11.5,0.422,16.8,88,2.611111111111111,126,Moderate
2025-03-01 01:00:00,35.9,60.5,11.5,0.368,16.4,89,2.7777777777777777,125,Moderate
2025-03-01 02:00:00,35.9,60.8,11.9,0.333,16.0,90,2.361111111111111,125,Moderate
2025-03-01 03:00:00,35.4,60.5,10.7,0.322,15.5,92,1.972222222222222,125,Moderate
2025-03-01 04:00:00,34.3,58.7,9.9,0.331,15.4,92,1.9444444444444444,126,Moderate
2025-03-01 05:00:00,35.4,70.8,9.3,0.362,15.1,92,2.6666666666666665,126,Moderate
2025-03-01 06:00:00,34.9,69.2,17.0,0.433,16.5,93,3.611111111111111,127,Moderate
2025-03-01 07:00:00,43.1,75.2,27.4,0.525,16.3,94,3.416666666666667,128,Moderate
2025-03-01 08:00:00,48.0,76.1,33.8,0.586,17.4,87,3.5833333333333335,128,Moderate
2025-03-01 09:00:00,49.7,85.7,32.3,0.588,18.6,83,2.25,129,Moderate
2025-03-01 10:00:00,53.9,97.1,26.7,0.559,19.0,81,1.972222222222222,130,Moderate
2025-03-01 11:00:00,58.8,111.5,21.6,0.529,20.4,78,1.1111111111111112,131,Moderate
2025-03-01 12:00:00,60.3,121.1,17.8,0.492,22.4,73,0.8611111111111112,133,Moderate
2025-03-01 13:00:00,56.9,116.9,14.5,0.454,23.4,68,0.9166666666666666,134,Moderate
2025-03-01 14:00:00,54.7,114.3,13.4,0.458,23.8,66,0.8611111111111112,135,Moderate
2025-03-01 15:00:00,55.1,112.9,14.2,0.537,23.9,65,0.6388888888888888,136,Moderate
2025-03-01 16:00:00,57.9,115.5,17.2,0.658,23.2,68,0.11111111111111112,137,Moderate
2025-03-01 17:00:00,64.3,115.5,23.1,0.762,22.9,69,0.05555555555555556,138,Moderate
2025-03-01 18:00:00,72.4,107.3,30.1,0.838,21.5,80,1.1111111111111112,139,Moderate
2025-03-01 19:00:00,78.0,115.7,39.7,0.896,20.9,82,1.25,140,Moderate
2025-03-01 20:00:00,83.6,121.1,46.4,0.913,20.5,83,1.3888888888888888,140,Moderate
2025-03-01 21:00:00,85.2,119.7,48.0,0.865,19.8,84,2.4166666666666665,141,Moderate
2025-03-01 22:00:00,85.2,117.6,46.6,0.775,18.8,85,2.3333333333333335,142,Moderate
2025-03-01 23:00:00,85.2,114.3,43.4,0.689,17.9,88,2.2222222222222223,146,Moderate
2025-03-02 00:00:00,81.3,107.1,37.7,0.617,17.2,90,1.75,150,Moderate
2025-03-02 01:00:00,77.1,99.4,30.1,0.549,16.8,92,1.6944444444444442,151,Moderate
2025-03-02 02:00:00,72.6,92.0,23.9,0.506,16.4,92,1.9444444444444444,152,Moderate
2025-03-02 03:00:00,68.7,85.0,20.0,0.484,16.0,91,2.2222222222222223,153,Moderate
2025-03-02 04:00:00,65.2,79.2,17.5,0.486,15.6,90,2.1944444444444446,154,Moderate
2025-03-02 05:00:00,63.3,79.4,17.3,0.54,15.1,89,2.0,154,Moderate
2025-03-02 06:00:00,63.1,78.0,20.4,0.71,15.8,88,2.055555555555556,155,Moderate
2025-03-02 07:00:00,67.8,81.3,24.4,0.932,15.8,87,2.055555555555556,156,Moderate
2025-03-02 08:00:00,70.5,81.5,26.1,1.047,17.1,83,1.5,156,Moderate
2025-03-02 09:00:00,67.8,95.5,23.5,0.956,19.0,76,1.5833333333333333,157,Moderate
2025-03-02 10:00:00,61.7,110.1,18.6,0.757,21.2,66,1.611111111111111,157,Moderate
2025-03-02 11:00:00,45.6,101.7,14.1,0.583,23.1,48,2.2777777777777777,157,Moderate
2025-03-02 12:00:00,37.5,102.9,10.5,0.47,24.1,36,3.0,157,Moderate
2025-03-02 13:00:00,33.2,106.6,7.4,0.381,24.5,36,3.3055555555555554,156,Moderate
2025-03-02 14:00:00,31.3,127.6,6.3,0.347,24.4,37,3.3888888888888884,156,Moderate
2025-03-02 15:00:00,32.1,169.5,7.7,0.384,23.9,40,3.1666666666666665,155,Moderate
2025-03-02 16:00:00,37.8,234.7,11.1,0.475,23.0,43,2.7777777777777777,155,Moderate
2025-03-02 17:00:00,42.0,265.4,16.6,0.594,21.6,51,2.0277777777777777,154,Moderate
2025-03-02 18:00:00,54.2,288.7,26.2,0.774,19.6,61,1.5555555555555554,154,Moderate
2025-03-02 19:00:00,66.4,335.3,39.3,0.982,18.6,65,1.5277777777777777,153,Moderate
2025-03-02 20:00:00,75.0,384.6,47.7,1.089,17.8,68,1.5555555555555554,153,Moderate
2025-03-02 21:00:00,80.1,416.3,47.3,1.01,16.7,69,1.4444444444444444,153,Moderate
2025-03-02 22:00:00,83.1,426.5,42.3,0.831,16.0,69,1.5555555555555554,153,Moderate
2025-03-02 23:00:00,83.1,414.4,36.8,0.675,15.4,69,1.5277777777777777,153,Moderate
2025-03-03 00:00:00,80.3,385.6,31.9,0.583,14.7,71,1.5,153,Moderate
2025-03-03 01:00:00,77.1,350.2,26.6,0.516,13.6,76,1.4444444444444444,153,Moderate
2025-03-03 02:00:00,73.1,308.3,22.3,0.479,13.1,77,1.5833333333333333,153,Moderate
2025-03-03 03:00:00,68.2,263.6,18.9,0.447,12.9,76,1.7222222222222223,153,Moderate
2025-03-03 04:00:00,62.9,213.7,16.7,0.446,12.2,79,1.4444444444444444,153,Moderate
2025-03-03 05:00:00,59.6,177.0,17.2,0.556,11.8,81,1.25,153,Moderate
2025-03-03 06:00:00,56.8,141.1,24.2,0.916,12.4,82,1.3055555555555556,153,Moderate
2025-03-03 07:00:00,61.7,118.7,33.6,1.387,13.2,80,1.1388888888888888,153,Moderate
2025-03-03 08:00:00,63.8,95.2,38.5,1.64,15.4,75,0.5833333333333334,152,Moderate
2025-03-03 09:00:00,56.3,77.8,34.7,1.468,18.6,66,0.0,152,Moderate
2025-03-03 10:00:00,45.1,59.0,26.4,1.077,21.5,52,0.38888888888888884,152,Moderate
2025-03-03 11:00:00,33.6,44.0,19.4,0.758,23.9,39,0.6944444444444444,152,Moderate
2025-03-03 12:00:00,28.5,39.9,15.0,0.616,25.4,33,0.75,151,Moderate
2025-03-03 13:00:00,26.5,43.1,11.9,0.546,26.4,32,1.1666666666666667,151,Moderate
2025-03-03 14:00:00,26.8,48.0,11.4,0.516,27.0,35,1.5277777777777777,151,Moderate
2025-03-03 15:00:00,28.1,52.6,13.4,0.518,26.6,39,2.0,151,Moderate
2025-03-03 16:00:00,30.4,59.1,18.1,0.561,25.9,43,2.0277777777777777,151,Moderate
2025-03-03 17:00:00,41.4,83.4,26.7,0.643,24.5,55,1.1666666666666667,151,Moderate
2025-03-03 18:00:00,63.6,103.8,39.0,0.801,23.6,57,1.75,151,Moderate
2025-03-03 19:00:00,74.7,134.1,55.5,0.998,22.4,61,1.75,151,Moderate
2025-03-03 20:00:00,78.0,181.6,65.5,1.12,21.7,64,1.7222222222222223,151,Moderate
2025-03-03 21:00:00,79.2,212.8,62.8,1.116,21.2,64,1.972222222222222,151,Moderate
2025-03-03 22:00:00,79.4,217.9,53.6,1.038,20.5,66,1.6944444444444442,151,Moderate
2025-03-03 23:00:00,80.6,216.1,45.0,0.924,19.9,68,2.111111111111111,151,Moderate
2025-03-04 00:00:00,79.2,206.8,39.1,0.759,19.0,71,1.75,151,Moderate
2025-03-04 01:00:00,78.0,199.3,33.8,0.559,18.5,73,1.75,151,Moderate
2025-03-04 02:00:00,76.8,196.0,30.8,0.413,18.2,74,2.4166666666666665,151,Moderate
2025-03-04 03:00:00,77.3,196.0,31.4,0.352,16.8,79,0.25,151,Moderate
2025-03-04 04:00:00,79.4,203.0,34.3,0.345,16.0,82,0.2777777777777778,151,Moderate
2025-03-04 05:00:00,115.3,229.1,70.2,0.392,14.9,87,0.888888888888889,152,Moderate
2025-03-04 06:00:00,107.6,213.3,61.9,0.544,16.1,87,1.4444444444444444,153,Moderate
2025-03-04 07:00:00,95.7,206.8,50.2,0.749,17.4,80,2.4444444444444446,154,Moderate
2025-03-04 08:00:00,82.7,173.7,38.6,0.853,18.8,73,2.5833333333333335,155,Moderate
2025-03-04 09:00:00,72.6,238.4,27.6,0.752,20.2,67,2.8055555555555554,155,Moderate
2025-03-04 10:00:00,73.8,317.6,16.8,0.55,22.0,59,2.8055555555555554,155,Moderate
2025-03-04 11:00:00,74.5,323.2,8.9,0.397,23.3,54,2.9166666666666665,156,Moderate
2025-03-04 12:00:00,69.4,291.5,5.2,0.361,24.1,48,3.1111111111111107,157,Moderate
2025-03-04 13:00:00,57.4,248.7,4.2,0.375,24.6,43,3.0555555555555554,158,Moderate
2025-03-04 14:00:00,51.6,249.6,4.6,0.386,24.8,41,3.2499999999999996,159,Moderate
2025-03-04 15:00:00,53.1,286.8,6.2,0.373,24.7,39,3.7222222222222223,159,Moderate
2025-03-04 16:00:00,60.5,362.3,9.1,0.359,24.0,40,4.055555555555555,160,Moderate
2025-03-04 17:00:00,84.3,592.3,10.3,0.357,22.8,43,4.472222222222222,160,Moderate
2025-03-04 18:00:00,98.7,600.0,12.5,0.382,21.1,52,3.4444444444444446,161,Moderate
2025-03-04 19:00:00,110.1,600.0,15.6,0.42,20.3,53,3.3611111111111107,162,Moderate
2025-03-04 20:00:00,117.8,600.0,17.5,0.445,19.4,49,4.027777777777778,168,Moderate
2025-03-04 21:00:00,121.5,600.0,17.5,0.447,18.3,50,3.8055555555555554,180,Moderate
2025-03-04 22:00:00,123.9,600.0,16.4,0.437,17.5,52,3.75,192,Moderate
2025-03-04 23:00:00,124.3,600.0,14.9,0.421,16.6,55,3.6666666666666665,207,Poor
2025-03-05 00:00:00,123.4,600.0,12.9,0.396,15.9,57,3.7777777777777777,237,Poor
2025-03-05 01:00:00,122.0,600.0,10.4,0.365,15.2,60,3.888888888888889,267,Poor
2025-03-05 02:00:00,119.2,600.0,8.5,0.344,14.6,62,3.944444444444444,296,Poor
2025-03-05 03:00:00,116.9,600.0,7.4,0.331,13.9,63,3.9166666666666665,322,Very Poor
2025-03-05 04:00:00,116.4,600.0,6.8,0.328,13.3,61,4.083333333333333,346,Very Poor
2025-03-05 05:00:00,123.4,600.0,7.3,0.355,12.9,56,4.305555555555555,371,Very Poor
2025-03-05 06:00:00,122.5,600.0,10.5,0.448,12.6,63,4.305555555555555,397,Very Poor
2025-03-05 07:00:00,121.5,600.0,14.8,0.57,12.6,63,4.444444444444445,419,Severe
2025-03-05 08:00:00,118.3,600.0,16.9,0.633,13.8,61,3.6666666666666665,441,Severe
2025-03-05 09:00:00,120.6,600.0,14.7,0.581,15.7,55,4.472222222222222,459,Severe
2025-03-05 10:00:00,109.2,600.0,10.3,0.469,17.9,48,4.944444444444445,479,Severe
2025-03-05 11:00:00,105.0,600.0,6.8,0.377,19.8,41,5.5,496,Severe
2025-03-05 12:00:00,114.3,600.0,5.2,0.333,21.2,35,5.944444444444444,513,Severe
2025-03-05 13:00:00,131.3,600.0,4.6,0.309,22.2,30,5.944444444444444,537,Severe
2025-03-05 14:00:00,150.4,600.0,4.9,0.3,22.8,28,5.916666666666667,569,Severe
2025-03-05 15:00:00,168.6,600.0,6.8,0.31,22.7,30,5.861111111111112,608,Severe
2025-03-05 16:00:00,177.9,600.0,9.7,0.336,22.2,32,5.722222222222222,652,Severe
2025-03-05 17:00:00,186.3,600.0,12.0,0.36,21.5,31,5.305555555555556,695,Severe
2025-03-05 18:00:00,186.7,600.0,12.2,0.38,21.0,33,5.083333333333333,730,Severe
2025-03-05 19:00:00,177.4,600.0,12.6,0.397,20.2,36,4.527777777777778,761,Severe
2025-03-05 20:00:00,168.6,600.0,12.7,0.403,19.4,38,4.611111111111112,784,Severe
2025-03-05 21:00:00,155.5,600.0,12.5,0.388,18.9,38,5.222222222222222,801,Severe
2025-03-05 22:00:00,142.5,600.0,12.1,0.36,18.6,36,5.138888888888888,814,Severe
2025-03-05 23:00:00,133.6,600.0,11.7,0.337,18.1,37,4.527777777777778,821,Severe
2025-03-06 00:00:00,128.5,600.0,11.2,0.32,17.2,41,3.8055555555555554,825,Severe
2025-03-06 01:00:00,125.7,600.0,10.6,0.308,16.2,44,3.555555555555556,827,Severe
2025-03-06 02:00:00,122.5,600.0,10.2,0.309,15.4,46,3.6944444444444446,829,Severe
2025-03-06 03:00:00,116.4,600.0,9.7,0.317,14.9,46,3.611111111111111,830,Severe
2025-03-06 04:00:00,109.9,600.0,9.4,0.338,14.4,47,3.5,829,Severe
2025-03-06 05:00:00,105.9,600.0,9.8,0.399,13.9,48,3.3888888888888884,827,Severe
2025-03-06 06:00:00,101.7,579.3,13.5,0.55,12.9,57,3.5,821,Severe
2025-03-06 07:00:00,100.8,560.7,18.4,0.741,13.3,56,3.7222222222222223,815,Severe
2025-03-06 08:00:00,102.7,478.7,20.8,0.842,15.1,53,3.3055555555555554,808,Severe
2025-03-06 09:00:00,101.7,556.9,18.2,0.773,17.6,46,3.222222222222222,803,Severe
2025-03-06 10:00:00,91.7,517.8,13.0,0.616,20.3,39,3.2777777777777777,796,Severe
2025-03-06 11:00:00,81.5,476.8,8.9,0.484,22.6,33,3.4722222222222223,787,Severe
2025-03-06 12:00:00,72.9,470.3,6.7,0.417,24.4,28,3.6666666666666665,777,Severe
2025-03-06 13:00:00,71.9,504.8,5.5,0.377,25.6,25,3.555555555555556,761,Severe
2025-03-06 14:00:00,75.2,560.7,6.0,0.358,26.6,22,3.333333333333333,739,Severe
2025-03-06 15:00:00,76.8,594.2,7.9,0.33,26.9,22,3.222222222222222,713,Severe
2025-03-06 16:00:00,76.6,586.7,11.4,0.325,26.6,21,2.944444444444444,681,Severe
2025-03-06 17:00:00,75.9,562.5,19.2,0.431,25.5,24,2.055555555555556,648,Severe
2025-03-06 18:00:00,83.1,523.4,32.9,0.729,23.5,30,1.1111111111111112,612,Severe
2025-03-06 19:00:00,90.3,504.8,51.8,1.14,22.6,35,0.6111111111111112,574,Severe
2025-03-06 20:00:00,98.3,516.0,66.1,1.508,21.7,38,0.5833333333333334,542,Severe
2025-03-06 21:00:00,108.7,555.1,71.7,1.832,20.6,43,0.6111111111111112,513,Severe
2025-03-06 22:00:00,122.0,579.3,72.7,2.115,19.8,45,0.8055555555555555,492,Severe
2025-03-06 23:00:00,130.4,568.1,70.9,2.211,18.7,48,1.3888888888888888,479,Severe
2025-03-07 00:00:00,122.0,514.1,65.9,1.97,18.3,51,1.0833333333333333,469,Severe
2025-03-07 01:00:00,111.1,455.4,58.1,1.542,16.9,53,1.6666666666666665,458,Severe
2025-03-07 02:00:00,102.4,409.8,51.0,1.234,14.9,63,1.0555555555555556,447,Severe
2025-03-07 03:00:00,95.9,352.0,45.3,1.15,14.4,66,0.9444444444444444,435,Severe
2025-03-07 04:00:00,93.1,316.6,40.3,1.186,14.1,67,0.6111111111111112,422,Severe
2025-03-07 05:00:00,80.8,244.0,27.8,1.338,13.8,68,0.6111111111111112,410,Severe
2025-03-07 06:00:00,78.2,202.6,32.0,1.751,13.1,72,1.3055555555555556,393,Very Poor
2025-03-07 07:00:00,81.0,180.7,37.4,2.28,14.1,67,1.6388888888888888,374,Very Poor
2025-03-07 08:00:00,76.8,167.6,38.6,2.479,16.5,58,1.5,354,Very Poor
2025-03-07 09:00:00,65.7,140.2,31.4,2.031,20.0,44,0.9444444444444444,338,Very Poor
2025-03-07 10:00:00,47.4,115.0,19.9,1.253,23.6,31,1.1111111111111112,316,Very Poor
2025-03-07 11:00:00,35.3,112.9,11.0,0.655,25.9,23,1.4444444444444444,294,Poor
2025-03-07 12:00:00,32.9,125.3,7.4,0.456,27.5,18,1.5277777777777777,272,Poor
2025-03-07 13:00:00,33.5,149.9,6.3,0.437,28.5,16,1.777777777777778,252,Poor
2025-03-07 14:00:00,37.5,190.5,6.6,0.447,29.0,16,2.2777777777777777,231,Poor
2025-03-07 15:00:00,41.3,237.0,7.2,0.419,28.8,18,2.5555555555555554,209,Poor
2025-03-07 16:00:00,45.8,285.9,9.2,0.42,28.2,21,2.6666666666666665,196,Moderate
2025-03-07 17:00:00,53.6,410.7,13.2,0.506,27.1,23,2.5277777777777777,189,Moderate
2025-03-07 18:00:00,66.1,449.8,22.8,0.746,25.2,29,1.4444444444444444,186,Moderate
2025-03-07 19:00:00,79.4,484.3,36.0,1.07,23.6,36,0.9444444444444444,185,Moderate
2025-03-07 20:00:00,89.9,527.1,45.4,1.326,22.9,36,1.0833333333333333,184,Moderate
2025-03-07 21:00:00,97.3,560.7,48.0,1.479,21.6,43,1.1388888888888888,184,Moderate
2025-03-07 22:00:00,103.6,579.3,46.7,1.564,20.8,46,1.0555555555555556,185,Moderate
2025-03-07 23:00:00,105.5,549.5,43.2,1.531,20.0,46,1.3333333333333333,185,Moderate
2025-03-08 00:00:00,96.6,482.4,36.4,1.296,18.9,48,1.3333333333333333,184,Moderate
2025-03-08 01:00:00,86.4,412.6,27.2,0.944,18.0,49,1.4444444444444444,184,Moderate
2025-03-08 02:00:00,80.3,352.0,20.4,0.682,17.5,50,1.4166666666666665,183,Moderate
2025-03-08 03:00:00,78.5,321.3,17.7,0.584,16.9,52,1.5555555555555554,181,Moderate
2025-03-08 04:00:00,77.5,306.4,17.2,0.576,16.5,53,1.9444444444444444,181,Moderate
2025-03-08 05:00:00,82.0,341.8,18.8,0.648,16.0,55,1.8888888888888888,181,Moderate
2025-03-08 06:00:00,78.2,298.0,24.0,0.874,15.7,62,1.777777777777778,183,Moderate
2025-03-08 07:00:00,78.2,260.8,30.7,1.179,16.3,59,2.111111111111111,185,Moderate
2025-03-08 08:00:00,78.2,226.3,33.2,1.33,18.5,52,1.6666666666666665,186,Moderate
2025-03-08 09:00:00,70.8,216.5,27.2,1.179,21.6,42,1.972222222222222,187,Moderate
2025-03-08 10:00:00,59.1,208.6,16.9,0.874,25.0,34,2.4444444444444446,189,Moderate
2025-03-08 11:00:00,47.3,211.9,8.8,0.621,27.6,26,2.7222222222222223,191,Moderate
2025-03-08 12:00:00,44.2,238.4,5.5,0.493,29.3,20,3.416666666666667,193,Moderate
2025-03-08 13:00:00,45.2,279.4,4.4,0.417,30.0,19,3.5,195,Moderate
2025-03-08 14:00:00,47.6,328.8,4.8,0.377,30.2,18,3.4722222222222223,198,Moderate
2025-03-08 15:00:00,50.6,373.5,4.9,0.307,30.0,20,3.2499999999999996,203,Poor
2025-03-08 16:00:00,53.7,404.2,6.4,0.273,29.5,21,3.1111111111111107,211,Poor
2025-03-08 17:00:00,56.1,393.9,14.0,0.452,28.2,24,2.611111111111111,218,Poor
2025-03-08 18:00:00,68.5,418.2,29.8,1.038,26.5,30,1.027777777777778,217,Poor
2025-03-08 19:00:00,82.4,409.8,51.8,1.838,25.1,38,0.6111111111111112,215,Poor
2025-03-08 20:00:00,98.0,447.0,69.7,2.448,24.8,47,0.08333333333333333,211,Poor
2025-03-08 21:00:00,113.2,493.6,80.6,2.703,23.6,42,0.41666666666666663,206,Poor
2025-03-08 22:00:00,129.5,534.6,87.5,2.767,23.0,50,0.19444444444444442,202,Poor
2025-03-08 23:00:00,140.2,551.3,88.6,2.733,21.2,51,0.7777777777777777,200,Moderate
2025-03-09 00:00:00,133.6,521.5,80.6,2.576,20.2,55,0.3611111111111111,200,Moderate
2025-03-09 01:00:00,123.4,497.3,66.8,2.32,19.5,61,0.22222222222222224,202,Poor
2025-03-09 02:00:00,113.9,449.8,56.0,2.127,18.0,63,0.6666666666666666,207,Poor
2025-03-09 03:00:00,111.1,422.8,51.4,2.039,17.0,69,0.888888888888889,213,Poor
2025-03-09 04:00:00,113.2,420.0,49.7,2.013,16.5,72,0.8333333333333333,219,Poor
2025-03-09 05:00:00,118.3,422.8,49.9,2.083,16.3,70,1.3611111111111112,225,Poor
2025-03-09 06:00:00,118.3,423.8,52.2,2.406,16.3,78,1.027777777777778,230,Poor
2025-03-09 07:00:00,125.7,414.4,54.8,2.824,17.5,71,1.5,238,Poor
2025-03-09 08:00:00,116.4,337.1,53.3,2.895,20.8,58,1.3055555555555556,247,Poor
2025-03-09 09:00:00,101.3,341.8,43.9,2.279,24.2,46,1.1666666666666667,254,Poor
2025-03-09 10:00:00,80.8,319.4,30.3,1.316,27.5,35,1.8055555555555556,261,Poor
2025-03-09 11:00:00,63.6,271.9,19.5,0.588,29.5,27,1.8888888888888888,268,Poor
2025-03-09 12:00:00,54.6,247.7,13.8,0.359,30.9,23,1.7222222222222223,271,Poor
2025-03-09 13:00:00,52.6,253.3,10.8,0.365,31.8,22,1.75,272,Poor
2025-03-09 14:00:00,54.1,271.9,10.0,0.399,32.2,21,1.6944444444444442,270,Poor
2025-03-09 15:00:00,56.5,298.0,11.6,0.377,32.2,21,1.8333333333333333,267,Poor
2025-03-09 16:00:00,59.0,326.0,15.5,0.383,31.8,22,2.2222222222222223,262,Poor
2025-03-09 17:00:00,65.2,333.4,21.1,0.464,30.7,25,2.8055555555555554,258,Poor
2025-03-09 18:00:00,74.3,310.1,27.8,0.703,28.6,31,2.305555555555556,254,Poor
2025-03-09 19:00:00,80.1,306.4,36.8,1.017,27.4,35,1.8888888888888888,248,Poor
2025-03-09 20:00:00,82.0,311.1,42.6,1.207,26.2,38,1.8611111111111112,241,Poor
2025-03-09 21:00:00,83.4,310.1,42.2,1.162,25.0,42,1.9444444444444444,233,Poor
2025-03-09 22:00:00,84.8,310.1,38.5,0.993,23.6,47,2.2777777777777777,222,Poor
2025-03-09 23:00:00,84.8,302.7,34.5,0.831,22.5,50,1.4444444444444444,209,Poor
2025-03-10 00:00:00,82.7,285.9,31.0,0.712,21.6,53,1.8888888888888888,198,Moderate
2025-03-10 01:00:00,80.6,260.8,27.1,0.6,20.8,57,2.2222222222222223,193,Moderate
2025-03-10 02:00:00,79.2,243.1,24.1,0.521,20.1,60,2.388888888888889,188,Moderate
2025-03-10 03:00:00,78.0,235.6,21.8,0.475,19.6,62,2.2222222222222223,184,Moderate
2025-03-10 04:00:00,76.1,225.8,20.2,0.462,19.3,63,2.1666666666666665,180,Moderate
2025-03-10 05:00:00,74.0,296.2,17.2,0.51,18.9,64,2.0277777777777777,176,Moderate
2025-03-10 06:00:00,72.2,275.7,21.4,0.688,18.9,67,2.0,173,Moderate
2025-03-10 07:00:00,74.5,271.0,26.9,0.926,19.3,65,2.3333333333333335,170,Moderate
2025-03-10 08:00:00,76.6,259.8,29.2,1.043,21.2,58,1.777777777777778,167,Moderate
2025-03-10 09:00:00,76.6,289.6,25.4,0.92,24.0,49,2.0833333333333335,166,Moderate
2025-03-10 10:00:00,76.1,331.6,18.4,0.675,26.9,42,2.5277777777777777,164,Moderate
2025-03-10 11:00:00,72.9,371.6,12.7,0.485,29.2,35,3.1666666666666665,165,Moderate
2025-03-10 12:00:00,68.7,396.7,9.3,0.419,30.6,30,3.3888888888888884,167,Moderate
2025-03-10 13:00:00,66.1,419.1,7.2,0.407,31.5,28,2.944444444444444,170,Moderate
2025-03-10 14:00:00,69.2,455.4,7.2,0.412,32.0,27,2.5,173,Moderate
2025-03-10 15:00:00,73.8,501.1,9.6,0.408,32.0,27,2.5277777777777777,177,Moderate
2025-03-10 16:00:00,76.8,517.8,14.1,0.421,31.5,28,2.5555555555555554,181,Moderate
2025-03-10 17:00:00,69.6,407.0,21.2,0.497,30.6,30,2.361111111111111,185,Moderate
2025-03-10 18:00:00,79.2,334.3,36.0,0.696,29.5,30,1.027777777777778,187,Moderate
2025-03-10 19:00:00,89.6,288.7,56.3,0.958,27.8,37,1.2222222222222223,187,Moderate
2025-03-10 20:00:00,95.0,254.3,70.3,1.145,26.5,43,1.0555555555555556,187,Moderate
2025-03-10 21:00:00,98.7,237.5,72.2,1.195,25.2,47,0.9722222222222222,186,Moderate
2025-03-10 22:00:00,100.1,230.0,67.8,1.17,24.7,48,1.1111111111111112,184,Moderate
2025-03-10 23:00:00,100.1,214.2,62.9,1.119,24.0,51,0.9722222222222222,183,Moderate
2025-03-11 00:00:00,97.6,191.4,58.9,1.041,23.0,53,0.888888888888889,181,Moderate
2025-03-11 01:00:00,97.8,185.3,54.5,0.938,21.9,57,1.0555555555555556,179,Moderate
2025-03-11 02:00:00,102.2,189.1,51.3,0.855,20.8,63,0.8611111111111112,177,Moderate
2025-03-11 03:00:00,106.6,187.7,49.8,0.783,20.2,66,0.8055555555555555,176,Moderate
2025-03-11 04:00:00,109.2,183.5,49.4,0.733,19.6,68,0.9722222222222222,175,Moderate
2025-03-11 05:00:00,112.5,239.3,55.8,0.784,19.1,72,0.5555555555555556,174,Moderate
2025-03-11 06:00:00,111.5,204.0,57.3,1.062,18.9,79,0.4722222222222222,173,Moderate
2025-03-11 07:00:00,118.0,207.2,58.9,1.44,19.9,72,0.6388888888888888,172,Moderate
2025-03-11 08:00:00,111.3,202.6,56.7,1.62,23.0,60,0.5277777777777778,170,Moderate
2025-03-11 09:00:00,86.8,212.8,47.3,1.407,26.5,45,0.75,169,Moderate
2025-03-11 10:00:00,70.1,197.4,34.1,0.995,29.5,34,0.6944444444444444,169,Moderate
2025-03-11 11:00:00,52.6,149.5,23.0,0.664,31.7,28,0.5833333333333334,169,Moderate
2025-03-11 12:00:00,45.1,129.5,15.8,0.523,33.2,25,0.6666666666666666,168,Moderate
2025-03-11 13:00:00,42.0,136.4,10.6,0.464,34.2,23,0.41666666666666663,168,Moderate
2025-03-11 14:00:00,39.8,141.1,8.1,0.441,34.5,22,0.9722222222222222,167,Moderate
2025-03-11 15:00:00,37.6,143.0,8.7,0.443,34.2,23,1.5555555555555554,167,Moderate
2025-03-11 16:00:00,38.0,151.8,11.9,0.482,33.2,27,2.111111111111111,166,Moderate
2025-03-11 17:00:00,53.0,211.4,17.3,0.545,31.3,34,2.833333333333333,182,Moderate
2025-03-11 18:00:00,62.9,236.6,25.0,0.646,29.3,41,1.3888888888888888,193,Moderate
2025-03-11 19:00:00,78.9,276.6,35.7,0.771,28.3,47,1.75,191,Moderate
2025-03-11 20:00:00,88.7,295.2,43.4,0.873,27.0,56,1.5555555555555554,177,Moderate
2025-03-11 21:00:00,95.9,289.6,46.0,0.946,25.8,62,1.5555555555555554,164,Moderate
2025-03-11 22:00:00,100.1,285.0,45.7,0.996,25.0,64,1.1666666666666667,164,Moderate
2025-03-11 23:00:00,97.1,270.1,43.6,0.988,24.1,66,1.1388888888888888,164,Moderate
2025-03-12 00:00:00,89.6,244.9,39.1,0.871,24.0,63,1.4444444444444444,164,Moderate
2025-03-12 01:00:00,84.3,224.0,32.8,0.696,23.5,62,1.9444444444444444,163,Moderate
2025-03-12 02:00:00,80.6,208.6,27.7,0.581,22.8,64,1.9166666666666667,163,Moderate
2025-03-12 03:00:00,76.8,204.4,24.6,0.571,21.9,68,1.8611111111111112,163,Moderate
2025-03-12 04:00:00,73.3,207.2,22.7,0.62,21.1,70,1.8055555555555556,162,Moderate
2025-03-12 05:00:00,82.2,278.5,20.0,0.711,20.7,70,1.7222222222222223,161,Moderate
2025-03-12 06:00:00,79.6,258.9,23.5,0.899,20.0,77,1.8333333333333333,161,Moderate
2025-03-12 07:00:00,80.3,249.6,28.0,1.13,20.6,74,2.1944444444444446,160,Moderate
2025-03-12 08:00:00,79.4,219.8,29.4,1.22,22.7,65,1.6944444444444442,159,Moderate
2025-03-12 09:00:00,73.6,230.5,24.7,1.04,25.8,53,1.8055555555555556,158,Moderate
2025-03-12 10:00:00,62.9,234.2,16.9,0.719,28.7,39,2.8055555555555554,158,Moderate
2025-03-12 11:00:00,53.7,244.0,10.6,0.468,30.5,32,2.972222222222222,158,Moderate
2025-03-12 12:00:00,50.8,264.5,7.2,0.372,32.0,27,2.7777777777777777,158,Moderate
2025-03-12 13:00:00,53.7,313.9,5.3,0.344,33.1,24,2.972222222222222,158,Moderate
2025-03-12 14:00:00,56.0,364.1,4.9,0.339,33.3,23,3.333333333333333,158,Moderate
2025-03-12 15:00:00,59.4,412.6,5.9,0.331,33.0,24,3.5833333333333335,159,Moderate
2025-03-12 16:00:00,65.0,461.9,8.3,0.345,32.0,25,3.3888888888888884,159,Moderate
2025-03-12 17:00:00,69.2,504.8,12.2,0.408,31.0,29,2.972222222222222,160,Moderate
2025-03-12 18:00:00,78.7,517.8,18.5,0.567,29.8,35,2.1944444444444446,164,Moderate
2025-03-12 19:00:00,89.6,551.3,27.1,0.775,28.8,40,1.6666666666666665,170,Moderate
2025-03-12 20:00:00,98.7,594.2,33.2,0.916,27.6,45,1.1666666666666667,175,Moderate
2025-03-12 21:00:00,104.1,600.0,34.6,0.934,26.6,48,1.25,182,Moderate
2025-03-12 22:00:00,106.4,600.0,33.5,0.885,25.9,49,1.3055555555555556,188,Moderate
2025-03-12 23:00:00,104.5,556.9,31.6,0.821,25.2,52,1.611111111111111,195,Moderate
2025-03-13 00:00:00,99.2,493.6,28.9,0.742,24.0,56,1.0833333333333333,203,Poor
2025-03-13 01:00:00,94.3,437.7,25.3,0.649,23.0,59,1.1111111111111112,217,Poor
2025-03-13 02:00:00,88.9,383.7,22.9,0.595,22.5,59,1.3611111111111112,230,Poor
2025-03-13 03:00:00,80.8,302.7,22.2,0.597,21.6,63,0.888888888888889,241,Poor
2025-03-13 04:00:00,74.5,234.2,22.6,0.638,21.4,62,0.75,246,Poor
2025-03-13 05:00:00,74.7,244.9,19.2,0.724,21.2,62,1.0,248,Poor
2025-03-13 06:00:00,74.7,214.2,24.4,0.916,21.5,67,1.1944444444444444,246,Poor
2025-03-13 07:00:00,81.7,198.8,31.3,1.153,22.0,65,1.7222222222222223,243,Poor
2025-03-13 08:00:00,80.1,173.2,34.2,1.254,23.8,58,0.9722222222222222,240,Poor
2025-03-13 09:00:00,70.3,161.6,29.5,1.091,26.6,49,0.888888888888889,238,Poor
2025-03-13 10:00:00,53.9,143.0,21.0,0.793,29.0,40,1.0555555555555556,233,Poor
2025-03-13 11:00:00,46.8,155.1,13.7,0.562,25.2,53,3.333333333333333,228,Poor
2025-03-13 12:00:00,49.4,208.6,9.3,0.482,29.8,33,0.7222222222222222,223,Poor
2025-03-13 13:00:00,47.7,227.2,6.3,0.47,31.6,29,1.0,219,Poor
2025-03-13 14:00:00,46.0,241.2,5.3,0.48,32.2,27,1.5,214,Poor
2025-03-13 15:00:00,46.6,268.2,5.6,0.495,32.2,28,2.5555555555555554,207,Poor
2025-03-13 16:00:00,45.9,255.2,8.0,0.533,30.8,32,1.777777777777778,199,Moderate
2025-03-13 17:00:00,37.6,137.8,17.0,0.603,25.9,46,4.194444444444445,195,Moderate
2025-03-13 18:00:00,47.4,134.1,29.1,0.738,27.5,40,1.472222222222222,187,Moderate
2025-03-13 19:00:00,64.5,182.1,45.5,0.905,26.4,44,1.7222222222222223,179,Moderate
2025-03-13 20:00:00,75.9,233.8,56.0,1.012,25.5,47,1.25,172,Moderate
2025-03-13 21:00:00,78.9,231.9,55.3,1.014,25.0,47,1.5833333333333333,164,Moderate
2025-03-13 22:00:00,73.3,195.1,48.6,0.956,24.0,52,1.3888888888888888,157,Moderate
2025-03-13 23:00:00,71.9,228.6,41.9,0.885,23.3,54,1.6666666666666665,157,Moderate
2025-03-14 00:00:00,69.2,227.2,36.2,0.796,22.5,57,1.2777777777777777,156,Moderate
2025-03-14 01:00:00,64.7,171.8,30.4,0.693,21.8,60,1.5833333333333333,155,Moderate
2025-03-14 02:00:00,60.1,124.8,27.0,0.639,20.9,63,1.2222222222222223,155,Moderate
2025-03-14 03:00:00,57.6,112.0,27.3,0.632,19.9,68,0.75,154,Moderate
2025-03-14 04:00:00,59.5,113.2,30.0,0.674,19.5,72,0.3611111111111111,154,Moderate
2025-03-14 05:00:00,79.2,176.0,40.6,0.832,19.2,72,0.8055555555555555,153,Moderate
2025-03-14 06:00:00,80.6,166.2,43.5,1.275,19.8,84,0.7777777777777777,153,Moderate
2025-03-14 07:00:00,88.5,169.5,47.1,1.834,21.1,76,1.1111111111111112,153,Moderate
2025-03-14 08:00:00,85.0,187.2,47.2,2.076,23.6,67,0.1388888888888889,154,Moderate
2025-03-14 09:00:00,74.5,209.1,40.6,1.696,26.8,51,0.5277777777777778,154,Moderate
2025-03-14 10:00:00,65.7,244.0,30.5,0.999,29.2,41,1.1666666666666667,154,Moderate
2025-03-14 11:00:00,64.5,310.1,21.7,0.465,31.3,33,1.472222222222222,154,Moderate
2025-03-14 12:00:00,62.2,350.2,15.3,0.3,32.8,23,1.4166666666666665,154,Moderate
2025-03-14 13:00:00,61.7,380.9,10.3,0.298,33.7,19,1.3888888888888888,155,Moderate
2025-03-14 14:00:00,61.2,394.9,8.1,0.323,33.8,17,1.6666666666666665,155,Moderate
2025-03-14 15:00:00,60.5,389.3,9.6,0.338,34.3,16,1.6388888888888888,155,Moderate
2025-03-14 16:00:00,58.7,336.2,13.9,0.381,33.1,17,2.4444444444444446,156,Moderate
2025-03-14 17:00:00,46.8,229.6,17.6,0.429,32.0,20,2.25,156,Moderate
2025-03-14 18:00:00,51.6,194.6,22.3,0.487,29.6,32,1.0,156,Moderate
2025-03-14 19:00:00,55.2,176.0,28.6,0.549,27.9,39,1.0,156,Moderate
2025-03-14 20:00:00,50.8,130.4,32.5,0.576,25.9,51,3.2499999999999996,156,Moderate
2025-03-14 21:00:00,51.0,107.8,32.0,0.539,24.2,56,2.4166666666666665,155,Moderate
2025-03-14 22:00:00,57.0,204.4,29.0,0.466,22.5,66,2.833333333333333,155,Moderate
2025-03-14 23:00:00,61.5,306.4,25.3,0.401,22.1,66,3.083333333333333,155,Moderate
2025-03-15 00:00:00,58.4,325.0,20.8,0.358,21.1,69,2.5,154,Moderate
2025-03-15 01:00:00,51.5,296.2,15.5,0.323,20.5,69,2.944444444444444,154,Moderate
2025-03-15 02:00:00,43.8,246.8,11.5,0.298,20.3,65,2.305555555555556,154,Moderate
2025-03-15 03:00:00,37.1,193.2,9.4,0.281,20.1,63,1.75,153,Moderate
2025-03-15 04:00:00,34.8,187.7,8.7,0.276,19.4,64,1.9166666666666667,153,Moderate
2025-03-15 05:00:00,34.3,212.3,8.8,0.29,18.9,66,1.5277777777777777,152,Moderate
2025-03-15 06:00:00,36.8,235.2,11.5,0.346,19.2,70,3.888888888888889,151,Moderate
2025-03-15 07:00:00,40.3,234.2,15.1,0.423,19.6,68,2.972222222222222,150,Moderate
2025-03-15 08:00:00,40.4,235.2,16.7,0.466,21.1,61,2.5,149,Moderate
2025-03-15 09:00:00,44.6,303.6,14.5,0.443,23.2,53,2.611111111111111,150,Moderate
2025-03-15 10:00:00,48.7,361.4,10.3,0.386,25.6,45,2.7222222222222223,152,Moderate
2025-03-15 11:00:00,49.0,367.9,7.0,0.342,27.5,42,2.5555555555555554,155,Moderate
2025-03-15 12:00:00,48.3,359.5,5.5,0.328,29.0,39,2.4444444444444446,156,Moderate
2025-03-15 13:00:00,50.1,373.5,4.9,0.326,30.6,35,2.4722222222222223,156,Moderate
2025-03-15 14:00:00,57.2,442.4,5.6,0.332,31.2,33,2.25,156,Moderate
2025-03-15 15:00:00,63.1,497.3,7.7,0.305,31.0,33,2.2222222222222223,157,Moderate
2025-03-15 16:00:00,69.8,545.8,11.2,0.285,30.5,33,2.5833333333333335,159,Moderate
2025-03-15 17:00:00,50.1,261.7,16.1,0.39,30.1,31,1.777777777777778,163,Moderate
2025-03-15 18:00:00,66.4,292.4,32.8,0.782,29.3,30,1.7222222222222223,164,Moderate
2025-03-15 19:00:00,77.5,287.8,55.5,1.3,27.5,36,1.3888888888888888,166,Moderate
2025-03-15 20:00:00,88.0,344.6,69.8,1.576,25.1,55,3.4444444444444446,169,Moderate
2025-03-15 21:00:00,89.6,366.0,68.1,1.377,23.2,62,3.3055555555555554,173,Moderate
2025-03-15 22:00:00,86.4,358.6,58.0,0.935,22.3,63,2.944444444444444,178,Moderate
2025-03-15 23:00:00,85.4,371.6,47.6,0.587,21.4,65,2.944444444444444,182,Moderate
2025-03-16 00:00:00,85.0,386.5,38.9,0.471,20.7,66,2.75,183,Moderate
2025-03-16 01:00:00,84.8,400.5,30.0,0.447,20.0,68,2.6666666666666665,184,Moderate
2025-03-16 02:00:00,85.7,416.3,22.7,0.432,19.2,69,2.694444444444444,186,Moderate
2025-03-16 03:00:00,86.4,429.3,17.7,0.378,18.8,72,2.2222222222222223,190,Moderate
2025-03-16 04:00:00,84.8,435.9,14.4,0.333,18.0,75,1.0555555555555556,195,Moderate
2025-03-16 05:00:00,55.2,241.2,13.0,0.349,17.6,77,2.2222222222222223,200,Moderate
2025-03-16 06:00:00,48.1,222.1,14.3,0.497,19.1,75,1.7222222222222223,202,Poor
2025-03-16 07:00:00,40.5,190.0,15.9,0.707,19.5,73,2.2222222222222223,201,Poor
2025-03-16 08:00:00,37.7,187.2,16.4,0.823,20.9,67,1.6388888888888888,199,Moderate
2025-03-16 09:00:00,37.5,189.1,14.8,0.752,22.5,59,1.2777777777777777,198,Moderate
2025-03-16 10:00:00,38.5,185.8,12.2,0.586,24.9,53,1.1944444444444444,196,Moderate
2025-03-16 11:00:00,40.4,184.9,9.7,0.448,27.1,46,0.6388888888888888,192,Moderate
2025-03-16 12:00:00,42.5,194.6,7.6,0.381,29.0,36,0.3333333333333333,189,Moderate
2025-03-16 13:00:00,39.0,178.8,5.6,0.342,29.9,28,1.4444444444444444,185,Moderate
2025-03-16 14:00:00,34.0,167.6,4.9,0.32,29.9,25,2.5833333333333335,181,Moderate
2025-03-16 15:00:00,32.4,178.3,5.8,0.309,29.6,24,3.1666666666666665,175,Moderate
2025-03-16 16:00:00,35.3,217.0,7.8,0.316,28.8,26,3.1666666666666665,169,Moderate
2025-03-16 17:00:00,42.4,357.6,10.5,0.352,27.8,28,2.9166666666666665,162,Moderate
2025-03-16 18:00:00,50.4,393.0,16.7,0.444,26.8,29,2.5,164,Moderate
2025-03-16 19:00:00,62.4,435.9,25.2,0.565,25.5,35,2.111111111111111,166,Moderate
2025-03-16 20:00:00,73.1,501.1,30.6,0.649,24.5,40,2.2222222222222223,169,Moderate
2025-03-16 21:00:00,81.7,560.7,30.1,0.67,23.4,43,2.25,172,Moderate
2025-03-16 22:00:00,85.4,566.2,26.6,0.653,22.5,43,2.25,176,Moderate
2025-03-16 23:00:00,82.0,508.5,23.1,0.617,21.4,45,2.0277777777777777,181,Moderate
2025-03-17 00:00:00,75.0,428.4,20.5,0.549,20.6,47,2.138888888888889,184,Moderate
2025-03-17 01:00:00,68.2,350.2,18.0,0.46,19.9,48,2.1666666666666665,184,Moderate
2025-03-17 02:00:00,63.6,295.2,16.3,0.401,19.1,49,1.6388888888888888,183,Moderate
2025-03-17 03:00:00,61.0,260.8,15.3,0.384,18.5,52,1.6944444444444442,181,Moderate
2025-03-17 04:00:00,60.3,245.9,15.1,0.398,17.9,55,1.4166666666666665,177,Moderate
2025-03-17 05:00:00,61.5,244.9,15.8,0.458,17.5,56,1.472222222222222,173,Moderate
2025-03-17 06:00:00,63.3,222.6,19.8,0.625,18.8,75,1.1388888888888888,173,Moderate
2025-03-17 07:00:00,70.1,197.0,25.1,0.84,19.4,72,1.5277777777777777,173,Moderate
2025-03-17 08:00:00,70.8,215.6,27.0,0.938,21.2,64,1.3333333333333333,174,Moderate
2025-03-17 09:00:00,67.3,231.9,22.1,0.809,23.9,53,1.6666666666666665,174,Moderate
2025-03-17 10:00:00,58.0,250.5,13.8,0.563,26.0,41,2.25,175,Moderate
2025-03-17 11:00:00,46.7,265.4,7.3,0.373,27.4,32,2.833333333333333,176,Moderate
2025-03-17 12:00:00,45.5,289.6,4.6,0.308,28.0,29,3.3611111111111107,178,Moderate
2025-03-17 13:00:00,49.9,337.1,3.7,0.298,28.2,28,3.7222222222222223,180,Moderate
2025-03-17 14:00:00,54.7,403.3,3.8,0.303,28.5,28,3.638888888888889,183,Moderate
2025-03-17 15:00:00,61.5,482.4,4.5,0.302,28.0,29,3.75,188,Moderate
2025-03-17 16:00:00,68.2,558.8,6.3,0.317,27.4,30,3.6944444444444446,195,Moderate
2025-03-17 17:00:00,66.4,568.1,9.3,0.371,26.5,33,3.416666666666667,205,Poor
2025-03-17 18:00:00,74.7,592.3,15.2,0.506,25.7,34,2.305555555555556,217,Poor
2025-03-17 19:00:00,85.0,600.0,23.4,0.681,24.9,38,1.777777777777778,229,Poor
2025-03-17 20:00:00,92.0,600.0,30.0,0.795,24.0,41,1.7222222222222223,239,Poor
2025-03-17 21:00:00,95.9,597.9,34.0,0.797,23.2,43,1.472222222222222,246,Poor
2025-03-17 22:00:00,97.1,558.8,36.5,0.738,22.7,43,1.6666666666666665,248,Poor
2025-03-17 23:00:00,95.0,508.5,36.4,0.667,21.9,46,1.75,248,Poor
2025-03-18 00:00:00,89.2,457.3,32.2,0.587,20.9,49,1.4444444444444444,248,Poor
2025-03-18 01:00:00,82.4,420.0,25.5,0.495,20.0,52,1.7222222222222223,249,Poor
2025-03-18 02:00:00,75.4,384.6,19.8,0.431,19.5,53,1.8055555555555556,253,Poor
2025-03-18 03:00:00,70.5,361.4,15.9,0.399,18.9,54,2.055555555555556,259,Poor
2025-03-18 04:00:00,68.2,353.9,13.0,0.395,18.3,55,2.2222222222222223,265,Poor
2025-03-18 05:00:00,65.7,334.3,12.8,0.442,17.6,57,2.2222222222222223,271,Poor
2025-03-18 06:00:00,63.1,297.1,16.8,0.604,17.9,74,1.472222222222222,277,Poor
2025-03-18 07:00:00,64.3,274.7,21.9,0.817,18.8,69,1.611111111111111,281,Poor
2025-03-18 08:00:00,65.0,237.5,24.0,0.914,21.0,59,1.3888888888888888,286,Poor
2025-03-18 09:00:00,60.8,228.2,19.9,0.779,23.7,48,1.9166666666666667,287,Poor
2025-03-18 10:00:00,49.0,203.5,12.6,0.528,26.1,36,3.0,287,Poor
2025-03-18 11:00:00,41.0,222.6,6.9,0.337,27.6,30,3.0555555555555554,284,Poor
2025-03-18 12:00:00,42.1,263.6,4.7,0.281,28.8,27,3.0277777777777777,281,Poor
2025-03-18 13:00:00,47.0,333.4,4.1,0.285,29.5,25,3.1666666666666665,280,Poor
2025-03-18 14:00:00,53.2,413.5,4.5,0.302,29.8,24,3.083333333333333,280,Poor
2025-03-18 15:00:00,60.3,495.5,5.4,0.312,29.8,23,3.194444444444444,280,Poor
2025-03-18 16:00:00,66.4,558.8,7.3,0.334,29.2,24,3.1111111111111107,281,Poor
2025-03-18 17:00:00,62.6,540.2,11.0,0.385,28.3,27,2.7777777777777777,281,Poor
2025-03-18 18:00:00,73.3,562.5,18.4,0.488,27.0,32,1.972222222222222,279,Poor
2025-03-18 19:00:00,84.5,581.1,28.6,0.618,26.2,35,1.8055555555555556,278,Poor
2025-03-18 20:00:00,92.0,600.0,36.2,0.72,25.4,39,1.9444444444444444,276,Poor
2025-03-18 21:00:00,95.0,600.0,38.7,0.774,24.5,41,1.8611111111111112,276,Poor
2025-03-18 22:00:00,94.5,568.1,38.6,0.798,23.5,43,1.5,276,Poor
2025-03-18 23:00:00,91.5,512.2,37.4,0.795,23.0,42,1.5,277,Poor
2025-03-19 00:00:00,85.9,461.9,35.1,0.745,22.8,42,1.9166666666666667,277,Poor
2025-03-19 01:00:00,81.0,426.5,31.8,0.668,21.5,46,1.6944444444444442,277,Poor
2025-03-19 02:00:00,77.8,394.9,29.1,0.617,20.5,50,1.3888888888888888,278,Poor
2025-03-19 03:00:00,75.4,365.1,27.3,0.591,19.4,54,1.1111111111111112,278,Poor
2025-03-19 04:00:00,73.3,338.1,26.2,0.592,18.9,57,0.9166666666666666,279,Poor
2025-03-19 05:00:00,74.7,314.8,26.2,0.682,18.4,59,0.9722222222222222,278,Poor
2025-03-19 06:00:00,76.1,290.6,31.8,0.986,18.8,64,0.9722222222222222,277,Poor
2025-03-19 07:00:00,81.7,238.4,39.1,1.379,19.8,60,1.8055555555555556,276,Poor
2025-03-19 08:00:00,75.2,199.8,41.2,1.554,22.4,51,1.3888888888888888,274,Poor
2025-03-19 09:00:00,57.6,166.7,33.0,1.298,26.0,38,1.5,272,Poor
2025-03-19 10:00:00,38.3,132.2,19.7,0.822,28.6,27,1.8888888888888888,268,Poor
2025-03-19 11:00:00,33.3,146.2,9.3,0.455,30.3,21,2.1666666666666665,264,Poor
2025-03-19 12:00:00,32.2,168.6,5.3,0.334,31.5,19,2.4166666666666665,259,Poor
2025-03-19 13:00:00,34.9,220.7,4.2,0.321,32.0,19,2.5277777777777777,254,Poor
2025-03-19 14:00:00,38.2,270.1,4.4,0.33,32.1,19,2.6666666666666665,247,Poor
2025-03-19 15:00:00,42.4,334.3,5.2,0.329,31.6,20,2.7777777777777777,238,Poor
2025-03-19 16:00:00,52.2,432.1,7.2,0.35,30.6,23,3.083333333333333,229,Poor
2025-03-19 17:00:00,59.8,508.5,10.8,0.402,29.5,27,2.944444444444444,221,Poor
2025-03-19 18:00:00,79.2,600.0,15.3,0.508,28.7,26,1.972222222222222,219,Poor
2025-03-19 19:00:00,99.2,600.0,21.4,0.645,27.3,32,1.8888888888888888,223,Poor
2025-03-19 20:00:00,109.9,600.0,26.0,0.751,26.0,35,2.1944444444444446,231,Poor
2025-03-19 21:00:00,108.7,600.0,27.6,0.812,24.7,36,1.1111111111111112,240,Poor
2025-03-19 22:00:00,102.2,583.0,27.8,0.841,23.9,42,0.16666666666666666,246,Poor
2025-03-19 23:00:00,93.1,468.5,27.4,0.819,23.1,49,0.08333333333333333,247,Poor
2025-03-20 00:00:00,83.1,363.2,26.6,0.704,22.0,43,1.0555555555555556,244,Poor
2025-03-20 01:00:00,75.4,275.7,25.4,0.537,22.0,40,1.6388888888888888,238,Poor
2025-03-20 02:00:00,70.1,214.7,24.5,0.424,20.7,43,1.3611111111111112,229,Poor
2025-03-20 03:00:00,66.6,182.5,23.9,0.384,19.5,48,1.0555555555555556,218,Poor
2025-03-20 04:00:00,64.5,162.1,23.8,0.398,18.8,49,1.0833333333333333,208,Poor
2025-03-20 05:00:00,65.2,172.3,23.0,0.508,18.1,51,1.027777777777778,199,Moderate
2025-03-20 06:00:00,63.6,154.1,27.4,0.833,19.0,69,0.25,196,Moderate
2025-03-20 07:00:00,66.6,141.1,33.1,1.255,20.4,61,1.1666666666666667,193,Moderate
2025-03-20 08:00:00,64.0,129.5,34.9,1.461,23.1,50,0.6944444444444444,191,Moderate
2025-03-20 09:00:00,51.7,94.8,29.2,1.246,27.0,37,0.6111111111111112,190,Moderate
2025-03-20 10:00:00,33.6,76.8,19.6,0.816,30.0,23,1.1666666666666667,188,Moderate
2025-03-20 11:00:00,26.6,87.5,11.8,0.473,31.9,17,1.75,187,Moderate
2025-03-20 12:00:00,26.3,139.7,7.7,0.337,32.8,15,2.5555555555555554,186,Moderate
2025-03-20 13:00:00,29.9,197.9,5.3,0.287,32.9,14,3.194444444444444,185,Moderate
2025-03-20 14:00:00,34.5,256.1,4.4,0.269,32.4,16,3.138888888888889,185,Moderate
2025-03-20 15:00:00,43.0,338.1,4.9,0.254,32.0,17,2.861111111111111,184,Moderate
2025-03-20 16:00:00,49.5,393.9,6.8,0.271,31.4,18,3.6944444444444446,185,Moderate
2025-03-20 17:00:00,57.5,480.6,10.8,0.343,30.0,23,3.75,184,Moderate
2025-03-20 18:00:00,71.7,534.6,17.4,0.535,29.0,20,2.361111111111111,183,Moderate
2025-03-20 19:00:00,84.5,592.3,26.4,0.784,27.9,23,1.2777777777777777,181,Moderate
2025-03-20 20:00:00,93.4,600.0,33.2,0.922,27.4,24,1.6388888888888888,179,Moderate
2025-03-20 21:00:00,95.9,600.0,36.0,0.846,26.5,31,2.111111111111111,176,Moderate
2025-03-20 22:00:00,95.0,556.9,36.4,0.659,25.2,38,2.4722222222222223,174,Moderate
2025-03-20 23:00:00,91.7,504.8,35.0,0.505,23.7,38,2.361111111111111,173,Moderate
2025-03-21 00:00:00,86.4,465.7,30.7,0.433,22.6,37,2.138888888888889,174,Moderate
2025-03-21 01:00:00,82.0,442.4,24.5,0.394,22.0,36,2.111111111111111,176,Moderate
2025-03-21 02:00:00,78.9,429.3,19.5,0.377,21.5,38,2.0833333333333335,180,Moderate
2025-03-21 03:00:00,76.1,406.1,16.6,0.376,20.9,39,2.138888888888889,184,Moderate
2025-03-21 04:00:00,73.1,376.3,15.0,0.397,20.4,41,2.25,189,Moderate
2025-03-21 05:00:00,73.6,344.6,17.6,0.457,20.0,42,2.5,193,Moderate
2025-03-21 06:00:00,70.5,308.3,20.9,0.603,19.8,60,1.9444444444444444,197,Moderate
2025-03-21 07:00:00,71.2,269.2,25.1,0.787,20.4,58,2.1666666666666665,201,Poor
2025-03-21 08:00:00,69.8,250.5,26.3,0.878,22.5,50,1.5277777777777777,208,Poor
2025-03-21 09:00:00,64.3,256.1,21.7,0.792,25.3,40,1.75,215,Poor
2025-03-21 10:00:00,56.1,260.8,14.1,0.613,28.0,32,2.111111111111111,225,Poor
2025-03-21 11:00:00,46.9,266.4,8.1,0.459,30.1,23,2.9166666666666665,236,Poor
2025-03-21 12:00:00,43.4,297.1,5.3,0.368,31.4,18,3.6666666666666665,247,Poor
2025-03-21 13:00:00,47.4,376.3,4.2,0.302,31.9,16,3.8055555555555554,256,Poor
2025-03-21 14:00:00,55.9,486.2,4.1,0.265,32.0,15,4.055555555555555,267,Poor
2025-03-21 15:00:00,66.6,600.0,4.8,0.257,31.8,15,4.194444444444445,280,Poor
2025-03-21 16:00:00,78.9,600.0,6.7,0.278,31.0,17,4.138888888888889,296,Poor
2025-03-21 17:00:00,89.4,600.0,10.7,0.335,29.9,19,3.3611111111111107,313,Very Poor
2025-03-21 18:00:00,100.8,600.0,17.0,0.461,28.7,21,2.2777777777777777,330,Very Poor
2025-03-21 19:00:00,106.6,600.0,25.7,0.622,27.5,25,2.25,345,Very Poor
2025-03-21 20:00:00,108.7,600.0,32.5,0.728,26.5,28,2.138888888888889,356,Very Poor
2025-03-21 21:00:00,106.6,600.0,35.8,0.731,25.3,31,2.2777777777777777,363,Very Poor
2025-03-21 22:00:00,102.0,600.0,37.2,0.679,24.1,33,2.305555555555556,367,Very Poor
2025-03-21 23:00:00,95.2,519.7,36.6,0.62,23.3,33,2.2777777777777777,370,Very Poor
2025-03-22 00:00:00,87.3,448.0,33.0,0.559,22.5,33,1.6388888888888888,370,Very Poor
2025-03-22 01:00:00,82.7,405.1,27.4,0.492,21.6,35,1.3333333333333333,369,Very Poor
2025-03-22 02:00:00,81.3,386.5,22.8,0.451,21.0,36,1.3333333333333333,368,Very Poor
2025-03-22 03:00:00,82.2,386.5,20.2,0.435,20.7,36,1.5,365,Very Poor
2025-03-22 04:00:00,82.7,390.2,18.7,0.445,20.0,38,1.6944444444444442,364,Very Poor
2025-03-22 05:00:00,83.1,309.2,27.0,0.519,19.1,42,1.5277777777777777,365,Very Poor
2025-03-22 06:00:00,78.0,271.9,29.4,0.745,20.4,50,1.777777777777778,363,Very Poor
2025-03-22 07:00:00,76.1,235.2,32.3,1.035,21.4,46,2.111111111111111,361,Very Poor
2025-03-22 08:00:00,73.1,211.9,31.9,1.164,23.8,40,1.4166666666666665,359,Very Poor
2025-03-22 09:00:00,61.0,187.2,24.9,0.976,27.1,31,1.8611111111111112,357,Very Poor
2025-03-22 10:00:00,48.1,174.2,14.6,0.627,29.4,25,2.305555555555556,354,Very Poor
2025-03-22 11:00:00,42.0,196.5,6.7,0.36,30.8,22,2.7777777777777777,349,Very Poor
2025-03-22 12:00:00,38.3,203.5,3.7,0.279,31.2,20,4.194444444444445,346,Very Poor
2025-03-22 13:00:00,35.3,211.9,3.2,0.28,30.7,21,3.888888888888889,341,Very Poor
2025-03-22 14:00:00,36.9,242.1,3.9,0.293,31.5,20,3.7777777777777777,332,Very Poor
2025-03-22 15:00:00,40.7,286.8,4.6,0.28,31.4,19,4.0,320,Very Poor
2025-03-22 16:00:00,43.7,314.8,6.4,0.28,30.9,19,3.888888888888889,303,Very Poor
2025-03-22 17:00:00,40.3,272.9,11.6,0.338,29.9,20,3.555555555555556,280,Poor
2025-03-22 18:00:00,47.0,273.8,20.7,0.495,28.8,21,2.4722222222222223,248,Poor
2025-03-22 19:00:00,57.2,263.6,33.3,0.71,27.4,26,1.4444444444444444,216,Poor
2025-03-22 20:00:00,62.9,257.0,43.2,0.914,25.5,34,0.8333333333333333,194,Moderate
2025-03-22 21:00:00,66.4,241.2,47.6,1.116,24.1,39,0.75,184,Moderate
2025-03-22 22:00:00,69.4,222.1,49.2,1.306,23.2,41,1.0,175,Moderate
2025-03-22 23:00:00,72.4,209.5,50.3,1.38,22.2,45,1.0555555555555556,166,Moderate
2025-03-23 00:00:00,74.3,204.9,51.2,1.239,21.1,49,0.8611111111111112,160,Moderate
2025-03-23 01:00:00,78.2,205.4,51.5,0.981,20.3,51,0.8611111111111112,155,Moderate
2025-03-23 02:00:00,82.9,207.7,52.8,0.803,19.6,55,0.6666666666666666,153,Moderate
2025-03-23 03:00:00,87.5,210.9,56.1,0.765,19.5,55,0.3611111111111111,153,Moderate
2025-03-23 04:00:00,91.7,214.7,60.3,0.806,19.1,55,0.5833333333333334,153,Moderate
2025-03-23 05:00:00,91.0,196.0,69.5,0.936,18.9,54,0.6944444444444444,153,Moderate
2025-03-23 06:00:00,96.4,195.6,69.6,1.276,18.9,62,0.4722222222222222,154,Moderate
2025-03-23 07:00:00,109.4,190.5,69.1,1.704,20.5,55,1.1388888888888888,154,Moderate
2025-03-23 08:00:00,92.4,160.7,64.4,1.87,23.5,45,0.5833333333333334,155,Moderate
2025-03-23 09:00:00,69.8,143.0,51.6,1.516,27.0,33,0.9166666666666666,155,Moderate
2025-03-23 10:00:00,52.3,123.9,34.5,0.899,29.4,24,1.6944444444444442,155,Moderate
2025-03-23 11:00:00,41.6,117.6,21.0,0.435,30.8,21,1.75,155,Moderate
2025-03-23 12:00:00,38.5,120.6,14.3,0.31,31.8,20,1.611111111111111,155,Moderate
2025-03-23 13:00:00,40.6,134.1,11.1,0.339,32.6,18,1.5,155,Moderate
2025-03-23 14:00:00,44.1,152.3,9.9,0.377,33.1,17,1.6666666666666665,156,Moderate
2025-03-23 15:00:00,46.7,167.2,9.6,0.353,33.2,17,2.1944444444444446,156,Moderate
2025-03-23 16:00:00,47.3,172.3,11.2,0.34,32.8,16,2.7222222222222223,162,Moderate
2025-03-23 17:00:00,38.9,111.3,16.2,0.41,31.8,15,2.5555555555555554,186,Moderate
2025-03-23 18:00:00,45.3,103.8,28.1,0.61,30.2,18,2.111111111111111,200,Moderate
2025-03-23 19:00:00,57.3,98.7,44.5,0.894,28.6,24,1.5555555555555554,201,Poor
2025-03-23 20:00:00,63.8,105.9,55.4,1.199,27.0,29,0.9444444444444444,192,Moderate
2025-03-23 21:00:00,65.7,116.2,56.0,1.549,25.5,34,0.8055555555555555,172,Moderate
2025-03-23 22:00:00,66.1,125.7,51.3,1.92,24.3,38,0.8055555555555555,156,Moderate
2025-03-23 23:00:00,65.7,149.0,46.4,2.181,23.4,42,0.6388888888888888,156,Moderate
2025-03-24 00:00:00,64.0,153.7,42.0,2.277,23.0,43,0.3055555555555556,156,Moderate
2025-03-24 01:00:00,63.8,135.5,37.3,2.262,22.1,45,0.41666666666666663,155,Moderate
2025-03-24 02:00:00,66.8,134.6,35.6,2.17,21.5,48,0.3055555555555556,155,Moderate
2025-03-24 03:00:00,72.4,140.2,39.0,1.964,21.0,48,0.4444444444444445,155,Moderate
2025-03-24 04:00:00,78.7,146.7,45.4,1.68,20.8,48,0.5833333333333334,154,Moderate
2025-03-24 05:00:00,84.8,168.1,47.8,1.463,20.5,49,0.3333333333333333,154,Moderate
2025-03-24 06:00:00,87.1,171.4,51.4,1.414,19.4,60,1.1944444444444444,154,Moderate
2025-03-24 07:00:00,93.4,173.7,55.8,1.432,20.9,55,1.7222222222222223,154,Moderate
2025-03-24 08:00:00,92.2,182.1,55.0,1.353,23.8,45,1.2777777777777777,153,Moderate
2025-03-24 09:00:00,81.5,200.2,44.1,1.054,27.3,34,1.472222222222222,153,Moderate
2025-03-24 10:00:00,68.7,222.6,28.0,0.659,30.1,26,1.9444444444444444,154,Moderate
2025-03-24 11:00:00,57.7,244.0,15.3,0.37,31.8,21,1.9166666666666667,154,Moderate
2025-03-24 12:00:00,53.3,247.7,9.5,0.286,32.9,18,1.6666666666666665,154,Moderate
2025-03-24 13:00:00,51.7,252.4,7.1,0.309,33.7,17,1.4444444444444444,155,Moderate
2025-03-24 14:00:00,50.3,250.5,6.7,0.346,34.2,16,1.3888888888888888,155,Moderate
2025-03-24 15:00:00,48.7,243.1,7.0,0.366,34.4,16,1.5,155,Moderate
2025-03-24 16:00:00,46.6,225.8,9.4,0.399,34.1,16,1.6388888888888888,179,Moderate
2025-03-24 17:00:00,44.8,214.7,16.9,0.445,33.0,17,1.8055555555555556,201,Poor
2025-03-24 18:00:00,49.5,177.9,27.6,0.504,31.4,20,1.7222222222222223,206,Poor
2025-03-24 19:00:00,62.4,160.2,42.4,0.575,29.6,26,1.8333333333333333,205,Poor
2025-03-24 20:00:00,68.5,151.8,53.3,0.659,27.9,30,1.0555555555555556,198,Moderate
2025-03-24 21:00:00,74.0,157.4,56.4,0.772,26.9,33,1.972222222222222,177,Moderate
2025-03-24 22:00:00,79.4,155.5,55.7,0.898,25.8,37,2.0,156,Moderate
2025-03-24 23:00:00,83.4,143.9,54.6,0.983,24.9,40,1.3333333333333333,156,Moderate
2025-03-25 00:00:00,85.7,133.2,54.1,0.995,24.0,43,1.1111111111111112,156,Moderate
2025-03-25 01:00:00,91.5,144.8,53.2,0.967,23.3,46,1.3333333333333333,157,Moderate
2025-03-25 02:00:00,97.6,162.1,52.9,0.94,22.4,50,1.1388888888888888,157,Moderate
2025-03-25 03:00:00,102.9,178.8,53.9,0.908,21.9,53,1.1666666666666667,158,Moderate
2025-03-25 04:00:00,106.9,193.7,55.5,0.877,21.0,56,1.1666666666666667,159,Moderate
2025-03-25 05:00:00,101.0,191.9,57.5,0.916,20.6,57,1.3888888888888888,159,Moderate
2025-03-25 06:00:00,98.3,196.0,56.5,1.13,20.6,59,1.8888888888888888,160,Moderate
2025-03-25 07:00:00,96.4,209.5,54.8,1.413,21.9,53,2.1666666666666665,160,Moderate
2025-03-25 08:00:00,87.8,219.3,50.1,1.513,24.8,43,0.9444444444444444,160,Moderate
2025-03-25 09:00:00,73.8,231.9,40.0,1.25,28.5,32,0.888888888888889,160,Moderate
2025-03-25 10:00:00,63.8,243.1,27.0,0.804,31.7,23,1.2222222222222223,160,Moderate
2025-03-25 11:00:00,58.0,265.4,16.6,0.467,33.7,18,0.9722222222222222,160,Moderate
2025-03-25 12:00:00,55.8,279.4,10.9,0.372,35.0,16,0.5555555555555556,160,Moderate
2025-03-25 13:00:00,51.5,265.4,7.7,0.387,36.1,15,0.41666666666666663,160,Moderate
2025-03-25 14:00:00,45.4,231.4,6.5,0.406,36.7,13,0.9166666666666666,160,Moderate
2025-03-25 15:00:00,39.3,189.1,6.4,0.366,36.7,13,2.055555555555556,164,Moderate
2025-03-25 16:00:00,35.5,162.5,8.2,0.331,36.0,13,2.611111111111111,190,Moderate
2025-03-25 17:00:00,36.9,148.1,13.3,0.379,34.7,15,2.25,203,Poor
2025-03-25 18:00:00,45.1,177.4,21.7,0.598,32.3,23,1.972222222222222,206,Poor
2025-03-25 19:00:00,60.3,210.5,33.4,0.902,30.8,27,1.7222222222222223,205,Poor
2025-03-25 20:00:00,72.9,226.8,42.6,1.108,29.6,29,2.0,197,Moderate
2025-03-25 21:00:00,80.3,224.4,46.7,1.114,28.2,36,2.0,175,Moderate
2025-03-25 22:00:00,83.8,209.1,48.5,1.023,27.0,40,1.1666666666666667,159,Moderate
2025-03-25 23:00:00,83.1,183.0,49.9,0.964,25.6,43,1.1111111111111112,159,Moderate
2025-03-26 00:00:00,84.8,182.5,51.5,0.99,24.5,46,0.8611111111111112,159,Moderate
2025-03-26 01:00:00,91.0,187.7,52.9,1.048,24.0,47,0.9722222222222222,159,Moderate
2025-03-26 02:00:00,98.5,197.0,54.9,1.112,23.6,48,0.8611111111111112,159,Moderate
2025-03-26 03:00:00,104.3,204.9,58.7,1.143,23.0,49,1.0,159,Moderate
2025-03-26 04:00:00,108.3,205.4,63.1,1.18,22.4,50,0.888888888888889,159,Moderate
2025-03-26 05:00:00,105.5,211.4,63.9,1.314,22.2,51,0.41666666666666663,159,Moderate
2025-03-26 06:00:00,103.1,208.6,63.3,1.717,22.4,55,0.5555555555555556,159,Moderate
2025-03-26 07:00:00,102.4,195.1,61.9,2.217,23.9,49,1.0,160,Moderate
2025-03-26 08:00:00,95.2,204.9,56.7,2.384,27.5,39,0.8055555555555555,160,Moderate
2025-03-26 09:00:00,79.9,220.7,44.3,1.897,31.2,28,1.1111111111111112,160,Moderate
2025-03-26 10:00:00,63.1,247.7,28.2,1.078,34.2,20,1.777777777777778,160,Moderate
2025-03-26 11:00:00,52.2,270.1,15.5,0.459,36.0,15,1.777777777777778,160,Moderate
2025-03-26 12:00:00,49.0,289.6,9.0,0.279,37.2,13,1.4166666666666665,160,Moderate
2025-03-26 13:00:00,44.2,264.5,5.9,0.299,38.0,11,1.1111111111111112,160,Moderate
2025-03-26 14:00:00,38.3,224.9,5.1,0.336,38.3,11,1.5555555555555554,159,Moderate
2025-03-26 15:00:00,31.5,183.9,5.0,0.293,38.4,10,2.0833333333333335,159,Moderate
2025-03-26 16:00:00,29.7,163.0,7.2,0.267,37.8,11,2.4722222222222223,159,Moderate
2025-03-26 17:00:00,27.4,123.4,14.8,0.365,36.5,12,2.388888888888889,164,Moderate
2025-03-26 18:00:00,37.8,112.5,28.8,0.735,34.5,17,0.16666666666666666,168,Moderate
2025-03-26 19:00:00,52.3,124.8,47.8,1.23,33.0,17,1.6944444444444442,160,Moderate
2025-03-26 20:00:00,56.1,150.9,60.0,1.513,31.1,25,1.8055555555555556,158,Moderate
2025-03-26 21:00:00,59.0,195.6,58.9,1.364,29.1,31,1.777777777777778,158,Moderate
2025-03-26 22:00:00,61.5,215.1,50.9,1.003,28.1,32,1.1111111111111112,158,Moderate
2025-03-26 23:00:00,61.9,210.5,43.6,0.752,27.1,36,1.0555555555555556,157,Moderate
2025-03-27 00:00:00,60.3,197.9,39.0,0.763,26.2,38,0.8611111111111112,157,Moderate
2025-03-27 01:00:00,60.8,191.9,35.1,0.883,25.8,39,0.6388888888888888,156,Moderate
2025-03-27 02:00:00,61.5,178.3,33.2,0.975,25.2,39,1.027777777777778,155,Moderate
2025-03-27 03:00:00,62.9,164.8,34.5,0.973,25.2,49,0.11111111111111112,155,Moderate
2025-03-27 04:00:00,67.3,171.8,37.8,0.944,24.4,42,0.41666666666666663,154,Moderate
2025-03-27 05:00:00,82.9,165.3,68.2,0.949,23.9,43,0.8611111111111112,153,Moderate
2025-03-27 06:00:00,82.9,167.6,65.8,1.063,23.0,52,0.9166666666666666,152,Moderate
2025-03-27 07:00:00,82.9,174.6,61.8,1.212,25.0,42,1.7222222222222223,152,Moderate
2025-03-27 08:00:00,76.8,214.7,54.1,1.236,27.7,33,1.2777777777777777,152,Moderate
2025-03-27 09:00:00,65.0,266.4,39.3,1.013,31.0,25,1.6944444444444442,151,Moderate
2025-03-27 10:00:00,60.1,368.8,20.8,0.665,33.3,21,2.4444444444444446,151,Moderate
2025-03-27 11:00:00,65.4,478.7,7.2,0.395,34.8,19,2.6666666666666665,151,Moderate
2025-03-27 12:00:00,69.8,529.0,2.5,0.289,36.0,18,2.833333333333333,151,Moderate
2025-03-27 13:00:00,71.5,545.8,2.7,0.262,36.6,17,2.972222222222222,151,Moderate
2025-03-27 14:00:00,71.9,562.5,4.1,0.26,36.8,15,3.4444444444444446,152,Moderate
2025-03-27 15:00:00,71.7,571.8,4.6,0.244,36.2,15,3.333333333333333,153,Moderate
2025-03-27 16:00:00,69.8,536.4,6.3,0.253,35.8,16,2.111111111111111,154,Moderate
2025-03-27 17:00:00,69.8,470.3,12.9,0.356,35.2,17,1.4166666666666665,160,Moderate
2025-03-27 18:00:00,76.1,463.8,24.0,0.632,33.7,19,1.472222222222222,168,Moderate
2025-03-27 19:00:00,89.4,463.8,39.3,1.001,32.1,22,1.5,175,Moderate
2025-03-27 20:00:00,98.7,484.3,51.3,1.29,31.0,25,1.5,182,Moderate
2025-03-27 21:00:00,103.6,508.5,56.8,1.468,29.6,28,1.25,189,Moderate
2025-03-27 22:00:00,106.9,504.8,59.0,1.566,28.2,31,1.0,195,Moderate
2025-03-27 23:00:00,114.8,529.0,59.8,1.502,27.4,35,0.6666666666666666,204,Poor
2025-03-28 00:00:00,120.6,534.6,60.8,1.146,26.9,33,1.2222222222222223,223,Poor
2025-03-28 01:00:00,118.0,508.5,60.3,0.628,26.4,34,1.777777777777778,243,Poor
2025-03-28 02:00:00,113.4,556.9,55.6,0.255,25.5,36,2.5555555555555554,262,Poor
2025-03-28 03:00:00,114.6,600.0,42.6,0.168,24.9,38,3.611111111111111,285,Poor
2025-03-28 04:00:00,132.7,600.0,25.3,0.227,23.4,34,3.75,314,Very Poor
2025-03-28 05:00:00,132.2,600.0,14.4,0.317,22.4,33,3.2499999999999996,350,Very Poor
2025-03-28 06:00:00,122.5,600.0,15.9,0.434,22.0,38,2.888888888888889,382,Very Poor
2025-03-28 07:00:00,116.6,600.0,17.7,0.583,22.9,34,2.4722222222222223,408,Severe
2025-03-28 08:00:00,112.0,579.3,17.9,0.66,24.9,29,2.4166666666666665,426,Severe
2025-03-28 09:00:00,101.3,551.3,14.8,0.598,27.2,24,3.138888888888889,441,Severe
2025-03-28 10:00:00,75.7,439.6,9.9,0.464,28.7,21,3.7777777777777777,453,Severe
2025-03-28 11:00:00,63.8,402.3,6.2,0.356,30.2,18,3.2777777777777777,456,Severe
2025-03-28 12:00:00,57.4,400.5,4.6,0.311,31.4,13,3.1666666666666665,453,Severe
2025-03-28 13:00:00,55.2,424.7,4.2,0.291,31.9,12,3.416666666666667,447,Severe
2025-03-28 14:00:00,61.5,506.6,4.5,0.287,31.9,12,3.6666666666666665,442,Severe
2025-03-28 15:00:00,72.2,600.0,5.8,0.3,31.3,12,3.8055555555555554,440,Severe
2025-03-28 16:00:00,84.8,600.0,7.8,0.328,30.5,12,3.861111111111111,442,Severe
2025-03-28 17:00:00,95.5,600.0,9.7,0.353,29.5,13,3.6666666666666665,451,Severe
2025-03-28 18:00:00,117.6,600.0,11.2,0.37,28.4,17,3.861111111111111,466,Severe
2025-03-28 19:00:00,139.7,600.0,13.2,0.383,27.0,21,3.861111111111111,488,Severe
2025-03-28 20:00:00,153.7,600.0,14.5,0.386,26.0,22,4.055555555555555,513,Severe
2025-03-28 21:00:00,152.7,600.0,14.4,0.374,24.5,21,4.305555555555555,541,Severe
2025-03-28 22:00:00,146.7,600.0,13.7,0.353,23.4,18,4.166666666666667,565,Severe
2025-03-28 23:00:00,141.1,600.0,12.7,0.331,22.5,17,3.944444444444444,585,Severe
2025-03-29 00:00:00,136.0,600.0,11.6,0.306,21.5,17,3.8333333333333335,601,Severe
2025-03-29 01:00:00,132.2,600.0,10.3,0.281,20.5,17,3.7777777777777777,613,Severe
2025-03-29 02:00:00,131.3,600.0,9.3,0.268,19.7,18,3.7222222222222223,626,Severe
2025-03-29 03:00:00,131.3,600.0,8.6,0.269,19.0,21,3.6944444444444446,636,Severe
2025-03-29 04:00:00,131.8,600.0,8.3,0.284,18.2,22,3.611111111111111,640,Severe
2025-03-29 05:00:00,122.0,600.0,8.5,0.323,17.8,23,3.555555555555556,638,Severe
2025-03-29 06:00:00,121.5,600.0,11.0,0.418,16.6,30,3.416666666666667,637,Severe
2025-03-29 07:00:00,123.9,600.0,14.2,0.537,17.2,30,2.7222222222222223,638,Severe
2025-03-29 08:00:00,125.3,600.0,15.7,0.597,19.1,28,3.1666666666666665,643,Severe
2025-03-29 09:00:00,122.5,600.0,13.6,0.543,21.7,24,3.4722222222222223,650,Severe
2025-03-29 10:00:00,110.1,600.0,9.7,0.43,24.2,21,3.9166666666666665,659,Severe
2025-03-29 11:00:00,99.7,600.0,6.7,0.344,26.3,17,4.138888888888889,671,Severe
2025-03-29 12:00:00,99.2,600.0,5.6,0.319,28.0,14,3.888888888888889,683,Severe
2025-03-29 13:00:00,108.0,600.0,5.4,0.32,29.2,14,3.861111111111111,697,Severe
2025-03-29 14:00:00,121.5,600.0,6.0,0.332,29.5,15,4.027777777777778,714,Severe
2025-03-29 15:00:00,138.3,600.0,7.8,0.353,29.6,18,4.111111111111112,735,Severe
2025-03-29 16:00:00,153.7,600.0,10.5,0.383,29.1,19,4.083333333333333,757,Severe
2025-03-29 17:00:00,153.2,600.0,12.2,0.411,28.1,19,4.027777777777778,779,Severe
2025-03-29 18:00:00,163.4,600.0,13.8,0.434,26.9,19,3.0,794,Severe
2025-03-29 19:00:00,169.0,600.0,16.0,0.455,26.2,21,3.083333333333333,805,Severe
2025-03-29 20:00:00,166.7,600.0,17.4,0.461,25.4,22,3.222222222222222,813,Severe
2025-03-29 21:00:00,158.8,600.0,17.5,0.445,24.5,21,3.2499999999999996,814,Severe
2025-03-29 22:00:00,149.9,600.0,16.8,0.415,23.7,20,3.2777777777777777,816,Severe
2025-03-29 23:00:00,141.1,600.0,15.7,0.385,23.1,20,2.861111111111111,817,Severe
2025-03-30 00:00:00,131.8,600.0,14.1,0.356,22.5,21,3.138888888888889,818,Severe
2025-03-30 01:00:00,123.9,600.0,12.2,0.327,21.6,22,3.222222222222222,817,Severe
2025-03-30 02:00:00,117.3,600.0,10.8,0.314,20.6,23,2.833333333333333,814,Severe
2025-03-30 03:00:00,113.4,600.0,9.9,0.312,19.9,24,2.5277777777777777,810,Severe
2025-03-30 04:00:00,110.6,600.0,9.5,0.326,19.1,25,2.4166666666666665,805,Severe
2025-03-30 05:00:00,99.4,579.3,10.2,0.378,18.6,26,2.5555555555555554,798,Severe
2025-03-30 06:00:00,97.8,575.6,13.0,0.521,17.9,32,2.75,791,Severe
2025-03-30 07:00:00,97.1,540.2,16.7,0.703,19.0,30,2.6666666666666665,784,Severe
2025-03-30 08:00:00,94.3,516.0,18.2,0.791,21.2,26,1.8888888888888888,777,Severe
2025-03-30 09:00:00,87.5,512.2,15.5,0.693,24.4,22,2.305555555555556,767,Severe
2025-03-30 10:00:00,73.3,447.0,10.7,0.5,27.4,17,2.972222222222222,756,Severe
2025-03-30 11:00:00,60.1,402.3,6.9,0.354,29.5,13,3.416666666666667,745,Severe
2025-03-30 12:00:00,60.3,445.2,5.4,0.313,30.9,12,3.2777777777777777,733,Severe
2025-03-30 13:00:00,68.5,549.5,5.0,0.317,31.8,12,3.2499999999999996,721,Severe
2025-03-30 14:00:00,78.0,600.0,5.4,0.331,32.3,12,3.222222222222222,709,Severe
2025-03-30 15:00:00,88.5,600.0,6.4,0.33,32.3,12,3.333333333333333,695,Severe
2025-03-30 16:00:00,98.5,600.0,8.3,0.338,31.6,13,3.3888888888888884,679,Severe
2025-03-30 17:00:00,103.1,600.0,11.4,0.387,30.5,15,3.2777777777777777,663,Severe
2025-03-30 18:00:00,114.6,600.0,16.2,0.523,29.2,16,2.611111111111111,651,Severe
2025-03-30 19:00:00,125.7,600.0,22.8,0.7,28.0,19,2.0277777777777777,639,Severe
2025-03-30 20:00:00,130.9,600.0,27.6,0.81,26.9,21,1.972222222222222,628,Severe
2025-03-30 21:00:00,129.0,600.0,29.4,0.798,26.0,21,1.9166666666666667,619,Severe
2025-03-30 22:00:00,123.9,600.0,29.4,0.72,25.3,21,2.1666666666666665,611,Severe
2025-03-30 23:00:00,114.8,600.0,28.0,0.636,24.2,22,2.3333333333333335,605,Severe
2025-03-31 00:00:00,103.6,600.0,24.6,0.553,22.8,24,2.25,598,Severe
2025-03-31 01:00:00,92.4,558.8,19.9,0.465,22.0,25,2.111111111111111,591,Severe
2025-03-31 02:00:00,82.0,470.3,16.2,0.407,21.4,24,2.0833333333333335,583,Severe
2025-03-31 03:00:00,74.0,403.3,14.2,0.379,20.6,24,1.9166666666666667,574,Severe
2025-03-31 04:00:00,68.5,353.0,13.4,0.381,19.8,25,1.7222222222222223,563,Severe
2025-03-31 05:00:00,64.5,314.8,14.9,0.455,19.0,27,1.5555555555555554,550,Severe
2025-03-31 06:00:00,61.0,266.4,18.8,0.69,18.4,34,1.3611111111111112,539,Severe
2025-03-31 07:00:00,62.4,231.4,23.8,0.996,19.9,32,1.8611111111111112,526,Severe
2025-03-31 08:00:00,59.4,201.2,25.7,1.147,22.7,28,1.3055555555555556,513,Severe
2025-03-31 09:00:00,53.7,194.2,21.3,0.995,26.2,23,1.6666666666666665,500,Severe
2025-03-31 10:00:00,43.5,183.9,13.6,0.688,29.5,18,2.2777777777777777,487,Severe
2025-03-31 11:00:00,38.1,196.5,7.6,0.444,31.8,14,2.6666666666666665,476,Severe
2025-03-31 12:00:00,39.0,232.4,5.1,0.35,33.3,11,2.861111111111111,467,Severe
2025-03-31 13:00:00,40.3,278.5,4.3,0.319,34.2,10,3.0277777777777777,458,Severe
2025-03-31 14:00:00,42.8,329.7,4.4,0.309,34.5,10,3.0,447,Severe
2025-03-31 15:00:00,47.8,396.7,5.1,0.303,34.4,9,3.222222222222222,433,Severe
2025-03-31 16:00:00,54.0,465.7,6.7,0.318,33.7,10,3.4722222222222223,417,Severe
2025-03-31 17:00:00,64.3,583.0,9.8,0.364,32.6,11,3.3888888888888884,400,Very Poor
2025-03-31 18:00:00,78.2,600.0,14.8,0.472,31.2,12,2.5,382,Very Poor
2025-03-31 19:00:00,92.4,600.0,21.6,0.612,29.6,15,1.8611111111111112,366,Very Poor
2025-03-31 20:00:00,98.7,600.0,26.5,0.701,28.4,19,2.1944444444444446,352,Very Poor
2025-03-31 21:00:00,98.0,600.0,27.9,0.693,27.5,19,2.4444444444444446,339,Very Poor
2025-03-31 22:00:00,94.8,600.0,27.4,0.634,26.9,17,3.138888888888889,326,Very Poor
2025-03-31 23:00:00,88.9,556.9,25.7,0.578,25.2,19,2.388888888888889,314,Very Poor
2025-04-01 00:00:00,81.3,499.2,22.3,0.541,24.0,21,1.777777777777778,304,Very Poor
2025-04-01 01:00:00,75.4,455.4,17.8,0.508,23.1,23,1.8611111111111112,295,Poor
2025-04-01 02:00:00,71.9,423.8,14.4,0.487,22.5,23,1.777777777777778,289,Poor
2025-04-01 03:00:00,70.8,402.3,12.7,0.467,21.8,22,1.7222222222222223,286,Poor
2025-04-01 04:00:00,69.6,376.3,12.2,0.459,21.1,23,1.6666666666666665,286,Poor
2025-04-01 05:00:00,77.3,411.6,12.4,0.502,20.1,25,1.4444444444444444,287,Poor
2025-04-01 06:00:00,76.6,388.4,16.7,0.668,19.6,34,1.4166666666666665,293,Poor
2025-04-01 07:00:00,77.3,339.9,22.3,0.886,21.3,31,1.9444444444444444,300,Poor
2025-04-01 08:00:00,74.0,285.0,24.5,0.98,24.1,26,1.4166666666666665,306,Very Poor
2025-04-01 09:00:00,67.5,281.3,19.9,0.83,27.5,21,1.8055555555555556,310,Very Poor
2025-04-01 10:00:00,51.8,236.6,11.8,0.556,30.5,15,2.5,315,Very Poor
2025-04-01 11:00:00,41.6,231.9,5.7,0.347,32.3,10,3.416666666666667,318,Very Poor
2025-04-01 12:00:00,39.1,256.1,3.6,0.282,33.2,10,3.555555555555556,319,Very Poor
2025-04-01 13:00:00,43.3,317.6,3.4,0.283,33.8,10,3.555555555555556,321,Very Poor
2025-04-01 14:00:00,50.1,404.2,4.0,0.296,34.0,9,3.5833333333333335,323,Very Poor
2025-04-01 15:00:00,58.2,502.9,4.3,0.292,33.8,10,3.7222222222222223,327,Very Poor
2025-04-01 16:00:00,66.4,586.7,5.5,0.301,33.2,10,3.5277777777777777,332,Very Poor
2025-04-01 17:00:00,68.9,584.9,10.2,0.364,32.2,11,3.083333333333333,338,Very Poor
2025-04-01 18:00:00,79.2,600.0,17.7,0.539,31.0,13,2.0833333333333335,339,Very Poor
2025-04-01 19:00:00,88.5,600.0,28.2,0.769,29.5,15,1.7222222222222223,337,Very Poor
2025-04-01 20:00:00,94.1,600.0,36.9,0.917,28.1,17,1.4444444444444444,332,Very Poor
2025-04-01 21:00:00,97.3,583.0,42.5,0.912,27.0,18,1.3888888888888888,327,Very Poor
2025-04-01 22:00:00,99.2,549.5,46.3,0.826,26.3,19,1.4444444444444444,322,Very Poor
2025-04-01 23:00:00,98.5,516.0,47.6,0.74,25.5,21,1.611111111111111,318,Very Poor
2025-04-02 00:00:00,95.2,491.7,45.0,0.67,24.0,23,1.4444444444444444,316,Very Poor
2025-04-02 01:00:00,92.9,475.0,39.9,0.601,23.3,23,1.4444444444444444,315,Very Poor
2025-04-02 02:00:00,91.0,453.6,36.1,0.57,22.3,24,1.3333333333333333,316,Very Poor
2025-04-02 03:00:00,89.4,421.0,34.6,0.568,21.3,27,1.1111111111111112,318,Very Poor
2025-04-02 04:00:00,88.2,386.5,34.3,0.603,21.0,29,0.3611111111111111,319,Very Poor
2025-04-02 05:00:00,84.8,341.8,32.7,0.745,20.5,30,0.2777777777777778,319,Very Poor
2025-04-02 06:00:00,88.5,332.5,36.4,1.144,19.4,35,1.0,316,Very Poor
2025-04-02 07:00:00,89.4,254.3,41.0,1.65,21.5,30,1.7222222222222223,313,Very Poor
2025-04-02 08:00:00,75.2,193.7,41.0,1.872,25.1,25,1.3611111111111112,308,Very Poor
2025-04-02 09:00:00,56.3,143.9,32.0,1.54,29.0,18,1.1388888888888888,303,Very Poor
2025-04-02 10:00:00,35.3,110.1,18.4,0.926,31.9,13,1.25,296,Poor
2025-04-02 11:00:00,29.6,123.4,8.0,0.452,33.8,11,1.6388888888888888,288,Poor
2025-04-02 12:00:00,27.8,141.1,4.2,0.299,35.0,10,2.0833333333333335,282,Poor
2025-04-02 13:00:00,27.1,158.8,3.6,0.287,35.7,9,2.4444444444444446,275,Poor
2025-04-02 14:00:00,27.4,175.1,4.1,0.3,36.0,9,2.7222222222222223,266,Poor
2025-04-02 15:00:00,30.0,199.3,4.9,0.285,35.8,9,3.0,252,Poor
2025-04-02 16:00:00,32.1,224.9,6.8,0.294,35.2,10,3.138888888888889,234,Poor
2025-04-02 17:00:00,25.7,156.0,11.6,0.372,34.2,11,2.7222222222222223,212,Poor
2025-04-02 18:00:00,36.3,228.2,17.9,0.536,32.5,12,2.5555555555555554,195,Moderate
2025-04-02 19:00:00,49.0,285.0,26.6,0.769,31.0,14,2.0,187,Moderate
2025-04-02 20:00:00,55.9,306.4,33.4,1.055,29.9,19,0.38888888888888884,180,Moderate
2025-04-02 21:00:00,58.1,288.7,36.7,1.467,28.6,19,0.38888888888888884,174,Moderate
2025-04-02 22:00:00,59.8,266.4,38.2,1.933,27.6,29,0.19444444444444442,167,Moderate
2025-04-02 23:00:00,60.1,242.1,38.2,2.223,26.3,21,1.0833333333333333,162,Moderate
2025-04-03 00:00:00,56.1,201.6,35.9,2.187,25.3,23,1.0555555555555556,156,Moderate
2025-04-03 01:00:00,50.3,155.5,32.1,1.974,24.8,25,0.41666666666666663,151,Moderate
2025-04-03 02:00:00,48.0,135.0,29.9,1.803,23.6,27,0.4722222222222222,149,Moderate
2025-04-03 03:00:00,47.8,124.3,30.8,1.734,22.5,30,1.0,145,Moderate
2025-04-03 04:00:00,49.4,117.3,33.2,1.705,22.1,31,1.6388888888888888,140,Moderate
2025-04-03 05:00:00,40.9,139.7,16.4,1.753,21.2,34,1.4444444444444444,136,Moderate
2025-04-03 06:00:00,42.5,104.3,23.0,2.01,20.0,41,1.2777777777777777,132,Moderate
2025-04-03 07:00:00,53.6,96.9,31.7,2.343,22.5,35,1.5,127,Moderate
2025-04-03 08:00:00,52.9,94.1,36.4,2.385,26.2,27,0.9166666666666666,123,Moderate
2025-04-03 09:00:00,49.7,105.0,33.3,1.847,30.5,19,1.027777777777778,121,Moderate
2025-04-03 10:00:00,46.1,132.7,26.1,1.017,33.7,13,1.3611111111111112,120,Moderate
2025-04-03 11:00:00,44.2,183.0,19.3,0.399,35.5,10,1.1111111111111112,121,Moderate
2025-04-03 12:00:00,44.2,230.0,13.9,0.222,36.5,8,1.1111111111111112,123,Moderate
2025-04-03 13:00:00,38.6,226.3,8.9,0.256,37.2,7,0.9722222222222222,124,Moderate
2025-04-03 14:00:00,34.5,214.2,6.5,0.312,37.8,6,0.888888888888889,126,Moderate
2025-04-03 15:00:00,34.8,217.9,6.4,0.315,38.0,6,1.3888888888888888,133,Moderate
2025-04-03 16:00:00,34.8,210.9,8.9,0.341,36.9,6,2.138888888888889,156,Moderate
2025-04-03 17:00:00,37.1,218.9,14.9,0.422,35.4,8,2.944444444444444,171,Moderate
2025-04-03 18:00:00,48.5,270.1,19.2,0.624,34.0,9,3.3055555555555554,178,Moderate
2025-04-03 19:00:00,57.2,303.6,24.9,0.882,32.2,10,2.3333333333333335,176,Moderate
2025-04-03 20:00:00,61.0,327.8,28.4,1.034,30.6,12,2.305555555555556,165,Moderate
2025-04-03 21:00:00,62.6,336.2,27.2,0.984,28.4,17,1.0,150,Moderate
2025-04-03 22:00:00,65.0,339.0,23.8,0.828,27.2,21,0.6111111111111112,132,Moderate
2025-04-03 23:00:00,68.2,353.0,21.0,0.695,26.4,22,0.9166666666666666,132,Moderate
2025-04-04 00:00:00,68.2,341.8,19.9,0.625,26.1,20,1.6666666666666665,133,Moderate
2025-04-04 01:00:00,64.3,278.5,19.4,0.578,25.2,24,0.3055555555555556,134,Moderate
2025-04-04 02:00:00,59.4,213.7,19.9,0.568,23.9,25,0.8333333333333333,136,Moderate
2025-04-04 03:00:00,55.4,170.0,21.6,0.586,23.6,27,0.3333333333333333,137,Moderate
2025-04-04 04:00:00,52.0,132.7,24.1,0.641,22.5,27,0.9166666666666666,138,Moderate
2025-04-04 05:00:00,56.3,163.0,21.2,0.777,22.5,26,0.5277777777777778,138,Moderate
2025-04-04 06:00:00,57.7,139.7,27.0,1.115,23.5,31,0.888888888888889,139,Moderate
2025-04-04 07:00:00,68.5,127.1,34.7,1.534,25.5,26,1.7222222222222223,141,Moderate
2025-04-04 08:00:00,66.4,119.2,37.7,1.71,28.5,22,1.1944444444444444,143,Moderate
2025-04-04 09:00:00,54.6,107.1,31.8,1.413,32.2,16,0.9722222222222222,144,Moderate
2025-04-04 10:00:00,37.6,90.1,21.3,0.872,34.7,12,0.8611111111111112,145,Moderate
2025-04-04 11:00:00,31.1,111.3,12.7,0.455,36.0,10,1.8055555555555556,144,Moderate
2025-04-04 12:00:00,33.2,149.9,8.2,0.318,36.8,10,2.111111111111111,142,Moderate
2025-04-04 13:00:00,35.0,188.6,5.6,0.304,37.3,9,2.694444444444444,141,Moderate
2025-04-04 14:00:00,38.2,239.3,4.4,0.31,37.3,9,3.5,141,Moderate
2025-04-04 15:00:00,43.4,303.6,4.5,0.299,37.0,9,4.083333333333333,141,Moderate
2025-04-04 16:00:00,49.0,381.8,6.0,0.307,36.2,10,4.083333333333333,142,Moderate
2025-04-04 17:00:00,49.6,405.1,8.8,0.337,35.5,11,3.555555555555556,152,Moderate
2025-04-04 18:00:00,58.8,450.8,14.3,0.408,34.2,12,2.75,159,Moderate
2025-04-04 19:00:00,69.4,489.9,21.7,0.501,32.5,14,2.0277777777777777,157,Moderate
2025-04-04 20:00:00,74.3,491.7,26.9,0.559,31.4,15,1.777777777777778,147,Moderate
2025-04-04 21:00:00,76.1,468.5,27.8,0.549,30.3,17,2.2222222222222223,150,Moderate
2025-04-04 22:00:00,76.1,446.1,26.5,0.503,29.1,18,2.833333333333333,153,Moderate
2025-04-04 23:00:00,78.5,470.3,24.1,0.462,27.9,20,2.944444444444444,155,Moderate
2025-04-05 00:00:00,86.1,543.9,20.4,0.437,26.5,21,1.75,157,Moderate
2025-04-05 01:00:00,94.5,590.5,15.6,0.417,25.5,22,1.5,162,Moderate
2025-04-05 02:00:00,99.0,586.7,12.3,0.409,24.7,24,1.3888888888888888,168,Moderate
2025-04-05 03:00:00,100.8,562.5,11.3,0.404,24.0,25,1.2777777777777777,176,Moderate
2025-04-05 04:00:00,102.9,543.9,11.7,0.411,23.5,26,1.4166666666666665,184,Moderate
2025-04-05 05:00:00,94.3,474.0,13.7,0.464,23.0,26,1.5555555555555554,193,Moderate
2025-04-05 06:00:00,96.9,472.2,16.5,0.629,22.8,31,1.611111111111111,199,Moderate
2025-04-05 07:00:00,99.0,434.0,20.2,0.841,24.0,29,1.8888888888888888,218,Poor
2025-04-05 08:00:00,97.1,427.5,21.3,0.936,26.5,26,1.6944444444444442,236,Poor
2025-04-05 09:00:00,85.0,381.8,17.5,0.803,29.3,23,2.138888888888889,254,Poor
2025-04-05 10:00:00,67.3,298.0,11.3,0.554,31.8,19,2.5833333333333335,270,Poor
2025-04-05 11:00:00,51.0,241.2,6.4,0.362,33.5,16,3.222222222222222,283,Poor
2025-04-05 12:00:00,44.4,243.1,4.3,0.3,34.6,15,3.4722222222222223,291,Poor
2025-04-05 13:00:00,44.8,285.9,3.7,0.296,35.3,14,3.5277777777777777,296,Poor
2025-04-05 14:00:00,49.5,359.5,3.9,0.305,35.8,13,3.5,302,Very Poor
2025-04-05 15:00:00,56.0,444.2,4.5,0.299,35.7,13,3.7777777777777777,308,Very Poor
2025-04-05 16:00:00,61.9,517.8,6.0,0.306,35.0,14,3.75,315,Very Poor
2025-04-05 17:00:00,48.9,409.8,9.3,0.363,34.2,15,3.3888888888888884,322,Very Poor
2025-04-05 18:00:00,57.2,451.7,15.4,0.527,33.3,15,2.5833333333333335,323,Very Poor
2025-04-05 19:00:00,65.0,460.1,23.7,0.742,32.0,17,1.8055555555555556,323,Very Poor
2025-04-05 20:00:00,69.4,460.1,30.0,0.878,30.9,19,1.5555555555555554,321,Very Poor
2025-04-05 21:00:00,71.0,442.4,32.4,0.861,29.8,20,1.3888888888888888,319,Very Poor
2025-04-05 22:00:00,70.8,420.0,32.8,0.765,29.2,21,1.6944444444444442,318,Very Poor
2025-04-05 23:00:00,68.5,383.7,31.8,0.681,28.0,23,1.6944444444444442,317,Very Poor
2025-04-06 00:00:00,64.0,343.7,29.0,0.639,26.5,25,1.5,312,Very Poor
2025-04-06 01:00:00,59.8,309.2,25.0,0.609,25.3,26,1.2777777777777777,302,Very Poor
2025-04-06 02:00:00,56.7,279.4,21.9,0.589,24.8,26,1.027777777777778,285,Poor
2025-04-06 03:00:00,55.3,258.0,20.5,0.552,24.4,25,1.1944444444444444,267,Poor
2025-04-06 04:00:00,54.7,244.9,20.2,0.527,24.2,26,1.8055555555555556,249,Poor
2025-04-06 05:00:00,57.5,220.7,26.1,0.593,23.4,28,1.75,231,Poor
2025-04-06 06:00:00,55.9,217.0,28.0,0.877,23.0,32,1.611111111111111,216,Poor
2025-04-06 07:00:00,57.3,196.0,30.3,1.253,24.4,30,1.8333333333333333,201,Poor
2025-04-06 08:00:00,55.2,177.4,29.7,1.427,27.1,26,1.0833333333333333,195,Moderate
2025-04-06 09:00:00,45.8,151.3,23.4,1.201,30.9,21,1.3333333333333333,190,Moderate
2025-04-06 10:00:00,33.5,118.3,14.1,0.773,33.8,17,1.8055555555555556,185,Moderate
2025-04-06 11:00:00,28.1,107.8,7.1,0.442,35.7,14,2.0,182,Moderate
2025-04-06 12:00:00,26.5,109.2,4.3,0.332,37.0,12,1.9166666666666667,179,Moderate
2025-04-06 13:00:00,26.3,121.1,3.8,0.318,37.8,11,1.972222222222222,176,Moderate
2025-04-06 14:00:00,26.0,135.5,4.3,0.325,38.3,11,2.138888888888889,173,Moderate
2025-04-06 15:00:00,26.6,152.3,4.9,0.309,38.3,11,2.5277777777777777,168,Moderate
2025-04-06 16:00:00,28.2,166.7,6.5,0.313,37.8,12,2.694444444444444,162,Moderate
2025-04-06 17:00:00,27.9,161.6,11.1,0.397,36.9,13,2.2222222222222223,169,Moderate
2025-04-06 18:00:00,34.5,153.7,21.9,0.596,35.5,14,1.611111111111111,176,Moderate
2025-04-06 19:00:00,47.0,171.4,36.8,0.873,33.7,16,1.3611111111111112,171,Moderate
2025-04-06 20:00:00,57.7,184.9,47.9,1.182,32.5,21,0.6388888888888888,157,Moderate
2025-04-06 21:00:00,65.0,205.4,51.7,1.594,31.9,31,0.11111111111111112,134,Moderate
2025-04-06 22:00:00,69.8,221.2,51.8,2.037,30.6,32,0.1388888888888889,129,Moderate
2025-04-06 23:00:00,73.6,235.6,50.2,2.245,29.1,23,1.472222222222222,129,Moderate
2025-04-07 00:00:00,74.7,250.5,46.9,2.027,27.5,29,1.1666666666666667,129,Moderate
2025-04-07 01:00:00,75.0,253.3,42.0,1.574,27.0,35,0.3611111111111111,130,Moderate
2025-04-07 02:00:00,72.6,230.5,38.4,1.187,26.1,36,0.6388888888888888,132,Moderate
2025-04-07 03:00:00,72.4,225.4,37.2,0.944,25.2,35,1.1388888888888888,134,Moderate
2025-04-07 04:00:00,72.2,213.3,37.1,0.767,24.8,35,1.3333333333333333,135,Moderate
2025-04-07 05:00:00,65.9,228.2,32.0,0.726,24.4,35,1.3055555555555556,137,Moderate
2025-04-07 06:00:00,65.2,213.7,34.2,0.955,23.8,45,1.5,138,Moderate
2025-04-07 07:00:00,67.8,199.3,36.9,1.321,25.3,41,1.5833333333333333,139,Moderate
2025-04-07 08:00:00,66.4,189.5,36.2,1.492,28.3,35,0.8055555555555555,140,Moderate
2025-04-07 09:00:00,60.8,196.0,28.9,1.261,32.0,29,0.75,141,Moderate
2025-04-07 10:00:00,54.7,211.4,18.2,0.835,35.1,22,0.888888888888889,143,Moderate
2025-04-07 11:00:00,52.0,255.2,10.0,0.51,37.1,17,0.888888888888889,145,Moderate
2025-04-07 12:00:00,53.6,304.5,6.6,0.41,38.3,15,0.8611111111111112,148,Moderate
2025-04-07 13:00:00,55.5,340.9,5.6,0.411,39.0,14,0.9722222222222222,150,Moderate
2025-04-07 14:00:00,57.4,353.0,6.0,0.43,39.3,13,1.027777777777778,151,Moderate
2025-04-07 15:00:00,56.0,334.3,7.1,0.441,39.5,13,1.3611111111111112,180,Moderate
2025-04-07 16:00:00,51.6,282.2,9.6,0.471,39.5,13,1.9444444444444444,202,Poor
2025-04-07 17:00:00,42.0,195.1,15.7,0.522,38.8,14,2.4722222222222223,211,Poor
2025-04-07 18:00:00,43.9,155.5,25.9,0.613,36.7,16,2.5277777777777777,215,Poor
2025-04-07 19:00:00,48.3,109.7,40.1,0.725,34.8,18,1.8333333333333333,213,Poor
2025-04-07 20:00:00,54.0,98.5,50.8,0.796,33.8,19,2.3333333333333335,206,Poor
2025-04-07 21:00:00,64.7,129.9,55.2,0.796,32.2,23,2.611111111111111,190,Moderate
2025-04-07 22:00:00,73.1,156.0,56.1,0.756,31.0,26,1.9444444444444444,161,Moderate
2025-04-07 23:00:00,77.3,157.4,54.9,0.708,30.0,28,1.7222222222222223,153,Moderate
2025-04-08 00:00:00,77.3,153.7,51.2,0.65,28.5,31,1.2777777777777777,153,Moderate
2025-04-08 01:00:00,78.2,176.5,45.4,0.585,27.6,34,1.1666666666666667,153,Moderate
2025-04-08 02:00:00,77.5,197.0,40.0,0.548,26.8,35,1.1111111111111112,153,Moderate
2025-04-08 03:00:00,75.0,206.3,35.7,0.553,26.0,35,1.3055555555555556,153,Moderate
2025-04-08 04:00:00,70.3,198.4,31.8,0.587,25.6,34,1.6388888888888888,153,Moderate
2025-04-08 05:00:00,67.8,318.5,17.3,0.651,25.1,34,1.8888888888888888,153,Moderate
2025-04-08 06:00:00,65.7,295.2,19.7,0.79,25.0,36,2.1944444444444446,153,Moderate
2025-04-08 07:00:00,67.3,282.2,22.9,0.959,26.4,34,2.4444444444444446,153,Moderate
2025-04-08 08:00:00,69.4,288.7,23.7,1.028,29.0,29,2.111111111111111,153,Moderate
2025-04-08 09:00:00,75.0,339.0,20.0,0.906,32.0,24,2.361111111111111,154,Moderate
2025-04-08 10:00:00,80.8,393.9,14.0,0.684,34.8,20,2.5277777777777777,154,Moderate
2025-04-08 11:00:00,81.0,428.4,9.2,0.508,37.0,17,2.5555555555555554,154,Moderate
2025-04-08 12:00:00,75.4,433.1,6.7,0.432,38.5,15,2.2777777777777777,155,Moderate
2025-04-08 13:00:00,71.0,426.5,5.3,0.402,39.3,14,1.8333333333333333,156,Moderate
2025-04-08 14:00:00,69.8,434.0,5.5,0.395,39.8,13,1.4444444444444444,159,Moderate
2025-04-08 15:00:00,70.5,448.9,7.4,0.393,39.8,13,1.0555555555555556,182,Moderate
2025-04-08 16:00:00,72.4,468.5,10.8,0.414,39.5,13,0.8611111111111112,201,Poor
2025-04-08 17:00:00,48.1,224.9,14.9,0.497,38.9,13,0.75,207,Poor
2025-04-08 18:00:00,51.9,211.4,22.2,0.712,36.4,20,0.9166666666666666,209,Poor
2025-04-08 19:00:00,59.6,210.9,32.1,0.988,35.5,17,2.388888888888889,206,Poor
2025-04-08 20:00:00,65.7,234.7,38.6,1.147,33.3,26,1.1666666666666667,197,Moderate
2025-04-08 21:00:00,69.8,262.6,38.5,1.084,32.8,34,0.2777777777777778,173,Moderate
2025-04-08 22:00:00,75.0,299.9,34.9,0.904,30.9,28,1.1944444444444444,167,Moderate
2025-04-08 23:00:00,78.9,328.8,31.0,0.742,29.6,30,1.2777777777777777,170,Moderate
2025-04-09 00:00:00,81.0,346.5,27.6,0.64,29.0,30,1.4166666666666665,174,Moderate
2025-04-09 01:00:00,82.4,355.8,23.9,0.555,28.0,33,1.3333333333333333,178,Moderate
2025-04-09 02:00:00,83.6,355.8,21.2,0.497,27.1,36,1.25,182,Moderate
2025-04-09 03:00:00,83.4,342.7,19.8,0.463,26.6,35,1.5555555555555554,185,Moderate
2025-04-09 04:00:00,81.5,315.7,19.4,0.455,25.9,37,1.611111111111111,188,Moderate
2025-04-09 05:00:00,81.0,266.4,19.3,0.49,25.4,38,1.7222222222222223,190,Moderate
2025-04-09 06:00:00,81.5,280.3,22.8,0.616,26.4,50,1.4166666666666665,189,Moderate
2025-04-09 07:00:00,82.9,247.7,27.3,0.786,27.6,47,1.75,189,Moderate
2025-04-09 08:00:00,83.1,257.0,28.8,0.874,30.0,40,1.8333333333333333,188,Moderate
2025-04-09 09:00:00,83.8,283.1,24.5,0.803,32.7,34,1.972222222222222,187,Moderate
2025-04-09 10:00:00,86.4,314.8,17.1,0.651,35.2,29,2.055555555555556,186,Moderate
2025-04-09 11:00:00,84.5,352.0,11.1,0.529,37.3,24,2.0277777777777777,185,Moderate
2025-04-09 12:00:00,78.5,380.0,7.8,0.477,38.9,19,1.4444444444444444,183,Moderate
2025-04-09 13:00:00,71.2,380.9,5.9,0.454,39.7,17,0.5833333333333334,182,Moderate
2025-04-09 14:00:00,66.8,361.4,5.7,0.452,40.2,16,0.5,181,Moderate
2025-04-09 15:00:00,64.7,345.5,7.6,0.471,40.3,16,1.6944444444444442,182,Moderate
2025-04-09 16:00:00,63.8,327.8,11.1,0.509,39.3,16,2.1666666666666665,202,Poor
2025-04-09 17:00:00,50.2,275.7,12.8,0.555,37.1,20,4.833333333333333,208,Poor
2025-04-09 18:00:00,51.3,242.1,18.3,0.6,37.5,16,2.611111111111111,210,Poor
2025-04-09 19:00:00,55.5,227.2,26.0,0.653,34.9,23,1.5555555555555554,206,Poor
2025-04-09 20:00:00,58.6,174.6,33.1,0.721,33.4,36,0.4722222222222222,196,Moderate
2025-04-09 21:00:00,63.3,132.2,39.4,0.835,32.5,37,0.5277777777777778,175,Moderate
2025-04-09 22:00:00,68.9,120.1,45.1,0.964,31.7,38,0.8611111111111112,172,Moderate
2025-04-09 23:00:00,71.9,127.1,48.3,1.027,30.7,31,1.6666666666666665,169,Moderate
2025-04-10 00:00:00,71.5,122.9,47.2,0.956,28.8,44,0.9722222222222222,164,Moderate
2025-04-10 01:00:00,72.6,110.6,43.5,0.818,28.5,45,0.5,160,Moderate
2025-04-10 02:00:00,75.0,112.0,40.7,0.741,28.0,48,0.22222222222222224,159,Moderate
2025-04-10 03:00:00,75.9,116.6,40.2,0.79,26.9,46,1.25,159,Moderate
2025-04-10 04:00:00,76.4,119.2,40.6,0.9,26.8,49,0.3333333333333333,159,Moderate
2025-04-10 05:00:00,115.0,562.5,10.2,0.995,25.5,49,1.1388888888888888,158,Moderate
2025-04-10 06:00:00,120.6,564.4,13.7,1.069,26.0,50,2.111111111111111,159,Moderate
2025-04-10 07:00:00,121.5,555.1,18.4,1.128,26.9,49,1.5277777777777777,160,Moderate
2025-04-10 08:00:00,112.5,547.6,20.9,1.119,28.0,47,1.8888888888888888,161,Moderate
2025-04-10 09:00:00,103.6,534.6,19.1,0.994,30.5,41,1.3333333333333333,165,Moderate
2025-04-10 10:00:00,99.0,517.8,15.0,0.802,33.8,33,1.1944444444444444,171,Moderate
2025-04-10 11:00:00,98.0,519.7,11.5,0.629,36.3,25,0.8055555555555555,175,Moderate
2025-04-10 12:00:00,99.7,542.0,9.4,0.493,38.0,21,0.75,178,Moderate
2025-04-10 13:00:00,98.0,543.9,8.0,0.376,39.2,18,0.9166666666666666,182,Moderate
2025-04-10 14:00:00,98.7,564.4,7.6,0.32,37.4,18,2.5,185,Moderate
2025-04-10 15:00:00,94.1,536.4,9.0,0.356,37.5,17,2.361111111111111,189,Moderate
2025-04-10 16:00:00,75.7,372.5,11.4,0.452,28.4,52,5.527777777777778,194,Moderate
2025-04-10 17:00:00,86.8,600.0,10.4,0.553,30.0,42,2.0,204,Poor
2025-04-10 18:00:00,89.2,600.0,10.6,0.655,34.4,23,1.4444444444444444,208,Poor
2025-04-10 19:00:00,96.2,600.0,10.8,0.763,33.2,34,1.0,233,Poor
2025-04-10 20:00:00,93.8,584.9,11.3,0.831,32.2,30,0.9166666666666666,259,Poor
2025-04-10 21:00:00,102.7,568.1,12.1,0.836,31.5,27,2.055555555555556,284,Poor
2025-04-10 22:00:00,113.4,599.8,13.2,0.801,29.9,37,3.5,309,Very Poor
2025-04-10 23:00:00,126.2,600.0,13.9,0.76,28.5,48,2.7777777777777777,334,Very Poor
2025-04-11 00:00:00,135.5,600.0,14.0,0.717,27.7,51,2.8055555555555554,362,Very Poor
2025-04-11 01:00:00,140.2,600.0,13.8,0.666,27.1,53,2.2777777777777777,395,Very Poor
2025-04-11 02:00:00,134.1,600.0,13.7,0.624,26.5,55,2.2222222222222223,423,Severe
2025-04-11 03:00:00,123.4,600.0,13.8,0.594,26.1,58,2.888888888888889,448,Severe
2025-04-11 04:00:00,112.2,600.0,14.0,0.573,25.6,62,3.194444444444444,470,Severe
2025-04-11 05:00:00,136.0,600.0,14.2,0.564,25.0,65,3.138888888888889,491,Severe
2025-04-11 06:00:00,127.1,600.0,15.9,0.581,23.3,75,2.944444444444444,501,Severe
2025-04-11 07:00:00,115.0,600.0,18.1,0.61,23.9,73,3.5,508,Severe
2025-04-11 08:00:00,102.9,592.3,18.5,0.62,25.3,66,3.5277777777777777,513,Severe
2025-04-11 09:00:00,95.2,558.8,15.6,0.591,27.2,58,3.3611111111111107,514,Severe
2025-04-11 10:00:00,95.9,579.3,10.9,0.542,29.2,50,3.4444444444444446,515,Severe
2025-04-11 11:00:00,97.1,599.8,7.3,0.502,31.2,43,3.5,518,Severe
2025-04-11 12:00:00,97.3,600.0,5.7,0.473,33.0,38,3.3888888888888884,521,Severe
2025-04-11 13:00:00,96.9,600.0,5.1,0.452,34.3,34,2.8055555555555554,524,Severe
2025-04-11 14:00:00,97.8,600.0,5.7,0.457,31.4,37,5.249999999999999,528,Severe
2025-04-11 15:00:00,102.9,600.0,7.8,0.505,26.1,56,1.8888888888888888,531,Severe
2025-04-11 16:00:00,113.4,600.0,11.0,0.58,28.0,53,1.9166666666666667,538,Severe
2025-04-11 17:00:00,100.8,600.0,16.5,0.644,27.5,55,2.0,558,Severe
2025-04-11 18:00:00,98.0,600.0,22.1,0.691,23.0,79,5.944444444444444,559,Severe
2025-04-11 19:00:00,96.2,558.8,29.6,0.728,23.0,82,0.8333333333333333,559,Severe
2025-04-11 20:00:00,106.9,556.9,33.7,0.744,22.7,87,2.5833333333333335,554,Severe
2025-04-11 21:00:00,135.0,600.0,30.9,0.728,22.6,83,2.694444444444444,552,Severe
2025-04-11 22:00:00,134.6,600.0,24.8,0.691,22.5,84,2.25,560,Severe
2025-04-11 23:00:00,124.3,575.6,20.0,0.653,22.9,76,2.5555555555555554,566,Severe
2025-04-12 00:00:00,117.3,501.1,18.9,0.616,22.8,75,1.8055555555555556,561,Severe
2025-04-12 01:00:00,113.4,457.3,19.3,0.579,22.4,77,1.8888888888888888,551,Severe
2025-04-12 02:00:00,109.0,420.0,19.2,0.554,21.5,83,1.4444444444444444,539,Severe
2025-04-12 03:00:00,100.4,373.5,17.3,0.542,21.0,86,1.0,527,Severe
2025-04-12 04:00:00,91.0,369.7,14.8,0.542,20.6,88,1.0833333333333333,515,Severe
2025-04-12 05:00:00,76.1,266.4,15.5,0.569,20.3,89,1.0833333333333333,505,Severe
2025-04-12 06:00:00,72.6,239.3,19.0,0.655,21.2,76,1.7222222222222223,483,Severe
2025-04-12 07:00:00,71.0,206.8,23.7,0.766,22.5,71,1.1111111111111112,462,Severe
2025-04-12 08:00:00,72.6,268.2,25.5,0.821,24.5,62,0.5,443,Severe
2025-04-12 09:00:00,84.5,423.8,21.9,0.765,26.9,54,0.6388888888888888,429,Severe
2025-04-12 10:00:00,88.9,480.6,15.4,0.652,29.3,45,0.9166666666666666,424,Severe
2025-04-12 11:00:00,88.0,480.6,10.1,0.557,31.4,36,1.1111111111111112,419,Severe
2025-04-12 12:00:00,86.8,476.8,7.3,0.504,32.9,29,1.0555555555555556,414,Severe
2025-04-12 13:00:00,83.4,450.8,5.7,0.469,33.8,26,1.0555555555555556,409,Severe
2025-04-12 14:00:00,78.2,407.0,5.2,0.457,33.7,25,1.4166666666666665,401,Severe
2025-04-12 15:00:00,74.3,374.4,5.9,0.47,32.7,28,2.361111111111111,389,Very Poor
2025-04-12 16:00:00,71.2,360.4,7.6,0.505,31.0,36,1.3611111111111112,372,Very Poor
2025-04-12 17:00:00,75.9,443.3,12.8,0.559,30.1,38,1.3055555555555556,347,Very Poor
2025-04-12 18:00:00,71.5,361.4,17.3,0.632,28.9,34,1.6944444444444442,333,Very Poor
2025-04-12 19:00:00,68.5,298.0,23.5,0.724,28.0,40,1.1111111111111112,318,Very Poor
2025-04-12 20:00:00,64.7,245.9,27.7,0.829,27.3,41,1.611111111111111,304,Very Poor
2025-04-12 21:00:00,60.5,226.3,28.3,0.981,26.2,46,1.25,286,Poor
2025-04-12 22:00:00,56.1,195.1,26.9,1.147,25.5,50,1.25,255,Poor
2025-04-12 23:00:00,54.1,165.3,25.4,1.214,24.8,52,1.9166666666666667,223,Poor
2025-04-13 00:00:00,53.3,142.0,24.2,1.097,23.9,56,1.4444444444444444,199,Moderate
2025-04-13 01:00:00,52.4,125.7,22.9,0.881,22.8,64,0.9722222222222222,192,Moderate
2025-04-13 02:00:00,52.4,132.2,21.9,0.72,22.4,68,0.75,185,Moderate
2025-04-13 03:00:00,52.7,138.8,21.2,0.657,21.8,70,0.8055555555555555,179,Moderate
2025-04-13 04:00:00,53.9,145.3,20.7,0.647,21.5,72,0.7222222222222222,174,Moderate
2025-04-13 05:00:00,65.9,140.6,33.7,0.709,21.2,73,0.3055555555555556,169,Moderate
2025-04-13 06:00:00,70.1,134.6,33.2,0.929,22.2,73,0.25,167,Moderate
2025-04-13 07:00:00,71.7,127.1,32.3,1.22,24.0,62,0.4444444444444445,165,Moderate
2025-04-13 08:00:00,65.2,179.3,29.7,1.342,27.1,51,0.05555555555555556,163,Moderate
2025-04-13 09:00:00,64.0,244.9,24.0,1.126,29.9,40,0.75,161,Moderate
2025-04-13 10:00:00,64.3,284.1,16.7,0.741,31.9,32,1.3888888888888888,157,Moderate
2025-04-13 11:00:00,63.3,286.8,10.9,0.451,33.3,27,1.1388888888888888,156,Moderate
2025-04-13 12:00:00,56.0,244.0,7.6,0.372,34.2,24,0.7222222222222222,155,Moderate
2025-04-13 13:00:00,49.2,206.3,5.8,0.389,35.1,22,0.38888888888888884,155,Moderate
2025-04-13 14:00:00,45.5,187.7,5.2,0.415,35.7,21,0.2777777777777778,154,Moderate
2025-04-13 15:00:00,44.5,180.7,5.2,0.426,35.8,21,0.3055555555555556,168,Moderate
2025-04-13 16:00:00,43.3,178.8,6.4,0.447,35.5,21,1.3333333333333333,190,Moderate
2025-04-13 17:00:00,38.4,171.4,9.3,0.468,34.6,22,3.0555555555555554,203,Poor
2025-04-13 18:00:00,41.2,164.8,16.1,0.474,33.0,27,1.5555555555555554,206,Poor
2025-04-13 19:00:00,46.7,172.8,25.6,0.479,31.5,32,1.9166666666666667,205,Poor
2025-04-13 20:00:00,55.2,168.6,34.2,0.518,30.1,35,1.972222222222222,199,Moderate
2025-04-13 21:00:00,60.1,167.6,41.1,0.628,28.6,41,1.0555555555555556,180,Moderate
2025-04-13 22:00:00,64.5,163.0,47.1,0.771,27.6,46,1.027777777777778,157,Moderate
2025-04-13 23:00:00,66.6,160.7,50.7,0.871,26.8,48,1.1111111111111112,150,Moderate
2025-04-14 00:00:00,65.9,155.1,50.3,0.893,25.9,53,1.1111111111111112,150,Moderate
2025-04-14 01:00:00,64.3,147.6,47.6,0.871,25.1,55,1.1388888888888888,150,Moderate
2025-04-14 02:00:00,63.1,142.0,45.2,0.836,24.5,57,1.1944444444444444,151,Moderate
2025-04-14 03:00:00,63.6,140.6,44.5,0.776,23.7,58,1.1666666666666667,151,Moderate
2025-04-14 04:00:00,65.4,137.4,44.3,0.702,23.1,59,1.1944444444444444,151,Moderate
2025-04-14 05:00:00,103.8,488.0,20.1,0.679,22.6,62,1.1666666666666667,151,Moderate
2025-04-14 06:00:00,102.4,429.3,22.3,0.774,23.3,59,1.6666666666666665,152,Moderate
2025-04-14 07:00:00,100.4,372.5,25.0,0.919,24.4,57,1.2777777777777777,153,Moderate
2025-04-14 08:00:00,96.6,414.4,25.4,0.973,26.4,50,1.5277777777777777,154,Moderate
2025-04-14 09:00:00,90.6,411.6,21.2,0.843,28.6,44,1.8055555555555556,154,Moderate
2025-04-14 10:00:00,82.9,394.9,14.5,0.621,30.8,39,1.8333333333333333,155,Moderate
2025-04-14 11:00:00,72.2,368.8,9.2,0.449,32.8,33,1.777777777777778,155,Moderate
2025-04-14 12:00:00,64.0,352.0,6.5,0.385,34.2,29,1.5,155,Moderate
2025-04-14 13:00:00,60.8,346.5,5.0,0.371,35.0,26,1.2222222222222223,156,Moderate
2025-04-14 14:00:00,59.1,339.9,4.9,0.367,35.5,25,1.1111111111111112,156,Moderate
2025-04-14 15:00:00,56.7,322.2,6.0,0.355,35.8,24,1.5,162,Moderate
2025-04-14 16:00:00,55.2,303.6,8.4,0.353,35.3,24,2.388888888888889,183,Moderate
2025-04-14 17:00:00,65.2,506.6,11.0,0.383,34.4,25,3.083333333333333,200,Moderate
2025-04-14 18:00:00,63.3,428.4,15.3,0.473,33.8,28,1.8888888888888888,203,Poor
2025-04-14 19:00:00,59.8,377.2,21.2,0.593,32.2,32,2.361111111111111,202,Poor
2025-04-14 20:00:00,59.3,339.9,25.2,0.677,30.8,37,2.638888888888889,192,Moderate
2025-04-14 21:00:00,61.2,331.6,25.5,0.698,29.6,41,1.9444444444444444,177,Moderate
2025-04-14 22:00:00,61.7,347.4,24.0,0.682,28.8,43,1.8611111111111112,180,Moderate
2025-04-14 23:00:00,62.6,353.0,22.2,0.643,28.1,43,2.388888888888889,184,Moderate
2025-04-15 00:00:00,62.9,347.4,20.5,0.567,27.4,44,2.361111111111111,188,Moderate
2025-04-15 01:00:00,64.5,344.6,18.6,0.467,26.8,44,2.2222222222222223,192,Moderate
2025-04-15 02:00:00,65.0,336.2,17.3,0.397,26.0,46,2.1666666666666665,196,Moderate
2025-04-15 03:00:00,64.5,317.6,17.0,0.369,25.5,47,2.1944444444444446,201,Poor
2025-04-15 04:00:00,62.9,290.6,17.3,0.37,24.8,50,1.8611111111111112,211,Poor
2025-04-15 05:00:00,58.7,230.0,23.1,0.417,24.2,52,1.7222222222222223,220,Poor
2025-04-15 06:00:00,57.3,214.7,24.4,0.563,24.9,55,1.1111111111111112,205,Poor
2025-04-15 07:00:00,57.7,206.8,25.9,0.755,26.5,51,1.5,197,Moderate
2025-04-15 08:00:00,55.6,228.6,25.1,0.846,28.9,44,1.8055555555555556,194,Moderate
2025-04-15 09:00:00,53.2,259.8,19.7,0.735,31.2,39,2.0,190,Moderate
2025-04-15 10:00:00,50.9,286.8,12.1,0.524,33.2,34,2.388888888888889,187,Moderate
2025-04-15 11:00:00,50.6,304.5,6.3,0.366,34.8,28,2.2222222222222223,185,Moderate
2025-04-15 12:00:00,53.0,322.2,4.2,0.329,35.5,26,1.9166666666666667,183,Moderate
2025-04-15 13:00:00,54.5,324.1,4.1,0.346,36.3,25,1.472222222222222,183,Moderate
2025-04-15 14:00:00,54.6,317.6,4.7,0.373,36.4,25,1.2777777777777777,182,Moderate
2025-04-15 15:00:00,54.7,305.5,5.6,0.395,36.7,24,1.25,182,Moderate
2025-04-15 16:00:00,54.1,286.8,7.3,0.426,36.3,25,1.4166666666666665,181,Moderate
2025-04-15 17:00:00,52.4,293.4,11.4,0.464,35.6,26,1.972222222222222,193,Moderate
2025-04-15 18:00:00,54.4,247.7,17.7,0.511,34.4,27,2.5,202,Poor
2025-04-15 19:00:00,54.8,213.3,26.4,0.564,33.2,29,2.0277777777777777,202,Poor
2025-04-15 20:00:00,56.5,177.9,32.2,0.612,31.5,36,0.9444444444444444,195,Moderate
2025-04-15 21:00:00,57.5,185.3,32.7,0.656,30.5,38,1.2222222222222223,178,Moderate
2025-04-15 22:00:00,58.8,195.6,30.4,0.695,30.2,37,1.6944444444444442,163,Moderate
2025-04-15 23:00:00,59.8,208.6,27.7,0.709,29.9,37,1.9444444444444444,160,Moderate
2025-04-16 00:00:00,60.3,217.5,24.8,0.684,28.6,41,1.5,157,Moderate
2025-04-16 01:00:00,60.8,217.9,21.5,0.634,27.4,46,1.3055555555555556,154,Moderate
2025-04-16 02:00:00,61.7,207.7,19.3,0.59,26.8,48,1.4444444444444444,151,Moderate
2025-04-16 03:00:00,63.1,195.6,18.9,0.547,26.4,49,1.6944444444444442,151,Moderate
2025-04-16 04:00:00,64.7,184.4,19.6,0.51,25.8,51,1.8055555555555556,151,Moderate
2025-04-16 05:00:00,71.9,202.1,24.9,0.515,25.4,52,1.8333333333333333,151,Moderate
2025-04-16 06:00:00,75.2,207.7,26.8,0.617,26.4,54,1.5833333333333333,151,Moderate
2025-04-16 07:00:00,78.5,227.2,29.2,0.763,27.7,50,1.5277777777777777,151,Moderate
2025-04-16 08:00:00,78.2,293.4,28.8,0.825,30.0,43,1.6388888888888888,152,Moderate
2025-04-16 09:00:00,80.3,359.5,22.9,0.718,32.3,36,2.0,152,Moderate
2025-04-16 10:00:00,78.0,412.6,14.1,0.528,34.3,30,2.5,153,Moderate
2025-04-16 11:00:00,74.0,418.2,7.5,0.389,35.7,26,2.1666666666666665,153,Moderate
2025-04-16 12:00:00,72.2,409.8,5.0,0.359,36.7,25,1.5555555555555554,154,Moderate
2025-04-16 13:00:00,72.4,407.9,4.6,0.379,37.7,23,0.75,154,Moderate
2025-04-16 14:00:00,72.6,404.2,5.3,0.409,38.0,22,0.6666666666666666,156,Moderate
2025-04-16 15:00:00,71.9,393.0,6.9,0.434,38.3,22,0.2777777777777778,163,Moderate
2025-04-16 16:00:00,71.2,381.8,9.6,0.468,38.0,22,0.75,186,Moderate
2025-04-16 17:00:00,72.6,396.7,14.6,0.515,37.1,23,2.611111111111111,202,Poor
2025-04-16 18:00:00,74.3,353.0,18.7,0.59,35.8,24,3.1666666666666665,206,Poor
2025-04-16 19:00:00,74.7,328.8,24.3,0.678,34.2,29,2.2222222222222223,207,Poor
2025-04-16 20:00:00,76.6,318.5,28.4,0.733,33.1,32,2.5,203,Poor
2025-04-16 21:00:00,77.5,321.3,29.6,0.729,32.3,33,1.972222222222222,191,Moderate
2025-04-16 22:00:00,77.5,311.1,29.4,0.693,31.4,35,1.5555555555555554,174,Moderate
2025-04-16 23:00:00,76.1,296.2,28.6,0.656,30.4,38,1.5277777777777777,176,Moderate
2025-04-17 00:00:00,74.0,272.9,27.4,0.627,29.1,42,1.3333333333333333,178,Moderate
2025-04-17 01:00:00,72.9,262.6,25.7,0.598,28.2,44,1.3888888888888888,179,Moderate
2025-04-17 02:00:00,71.0,268.2,24.2,0.579,27.5,46,1.4444444444444444,180,Moderate
2025-04-17 03:00:00,69.4,286.8,22.6,0.565,26.8,47,1.6388888888888888,181,Moderate
2025-04-17 04:00:00,69.8,311.1,21.2,0.56,26.1,49,1.3611111111111112,183,Moderate
2025-04-17 05:00:00,70.3,248.7,12.5,0.586,25.6,51,1.2777777777777777,186,Moderate
2025-04-17 06:00:00,78.9,289.6,16.8,0.69,25.5,60,1.3611111111111112,187,Moderate
2025-04-17 07:00:00,86.4,331.6,22.5,0.825,26.9,56,1.5833333333333333,189,Moderate
2025-04-17 08:00:00,90.8,371.6,25.0,0.877,29.8,46,2.0277777777777777,191,Moderate
2025-04-17 09:00:00,86.4,389.3,21.3,0.766,32.8,37,2.25,192,Moderate
2025-04-17 10:00:00,79.9,424.7,14.4,0.571,35.5,29,1.972222222222222,193,Moderate
2025-04-17 11:00:00,74.7,439.6,8.9,0.42,37.5,23,2.0833333333333335,193,Moderate
2025-04-17 12:00:00,71.2,430.3,6.3,0.364,39.1,19,2.0277777777777777,194,Moderate
2025-04-17 13:00:00,65.4,376.3,4.9,0.352,40.2,17,2.8055555555555554,194,Moderate
2025-04-17 14:00:00,57.0,311.1,4.7,0.352,40.3,16,3.2777777777777777,193,Moderate
2025-04-17 15:00:00,51.1,280.3,4.8,0.343,40.5,15,3.3611111111111107,192,Moderate
2025-04-17 16:00:00,50.1,283.1,6.0,0.347,39.5,15,4.916666666666666,190,Moderate
2025-04-17 17:00:00,50.6,277.5,12.0,0.396,38.7,16,3.5,200,Moderate
2025-04-17 18:00:00,50.9,247.7,16.9,0.517,35.9,29,2.25,202,Poor
2025-04-17 19:00:00,58.3,249.6,23.9,0.683,34.7,33,1.4166666666666665,199,Moderate
2025-04-17 20:00:00,62.6,227.7,29.8,0.849,33.0,37,1.3611111111111112,186,Moderate
2025-04-17 21:00:00,64.7,194.2,34.0,1.041,31.2,45,0.9166666666666666,179,Moderate
2025-04-17 22:00:00,65.9,171.8,37.3,1.233,30.4,46,1.0555555555555556,176,Moderate
2025-04-17 23:00:00,67.8,181.1,38.6,1.298,29.6,46,1.8055555555555556,173,Moderate
2025-04-18 00:00:00,70.1,208.2,36.9,1.128,28.5,49,1.5833333333333333,171,Moderate
2025-04-18 01:00:00,71.9,230.0,33.3,0.831,27.7,52,1.5833333333333333,170,Moderate
2025-04-18 02:00:00,72.6,240.3,30.0,0.606,27.1,53,1.6666666666666665,169,Moderate
2025-04-18 03:00:00,69.8,231.9,27.4,0.534,26.2,56,1.8333333333333333,168,Moderate
2025-04-18 04:00:00,66.4,226.8,25.0,0.535,25.6,59,2.0277777777777777,167,Moderate
2025-04-18 05:00:00,68.0,237.0,27.5,0.562,25.0,62,1.6944444444444442,165,Moderate
2025-04-18 06:00:00,66.8,224.4,27.0,0.625,26.1,66,1.9166666666666667,165,Moderate
2025-04-18 07:00:00,69.6,246.8,26.2,0.715,27.2,63,2.0,164,Moderate
2025-04-18 08:00:00,74.5,302.7,24.4,0.757,29.3,57,2.2777777777777777,162,Moderate
2025-04-18 09:00:00,81.7,358.6,20.7,0.701,31.8,50,2.1666666666666665,161,Moderate
2025-04-18 10:00:00,83.8,387.4,15.9,0.597,34.2,42,1.9166666666666667,160,Moderate
2025-04-18 11:00:00,83.1,406.1,11.9,0.517,36.4,34,1.5,159,Moderate
2025-04-18 12:00:00,79.4,391.2,9.0,0.492,38.0,28,0.888888888888889,159,Moderate
2025-04-18 13:00:00,73.8,361.4,6.9,0.492,39.3,25,0.5833333333333334,158,Moderate
2025-04-18 14:00:00,70.1,343.7,6.1,0.497,40.0,22,0.888888888888889,157,Moderate
2025-04-18 15:00:00,67.3,339.0,7.4,0.494,40.5,20,1.25,184,Moderate
2025-04-18 16:00:00,64.7,331.6,10.0,0.495,40.5,19,1.1666666666666667,204,Poor
2025-04-18 17:00:00,72.4,404.2,13.1,0.519,39.3,21,2.8055555555555554,211,Poor
2025-04-18 18:00:00,70.8,371.6,14.8,0.59,35.8,33,4.25,215,Poor
2025-04-18 19:00:00,73.8,399.5,17.0,0.683,32.3,42,4.222222222222222,215,Poor
2025-04-18 20:00:00,75.7,412.6,18.2,0.747,32.1,44,2.2777777777777777,210,Poor
2025-04-18 21:00:00,73.3,380.9,17.3,0.762,31.5,45,2.361111111111111,202,Poor
2025-04-18 22:00:00,65.9,320.4,15.3,0.747,30.6,48,2.6666666666666665,184,Moderate
2025-04-18 23:00:00,60.3,280.3,13.6,0.709,29.9,50,2.388888888888889,180,Moderate
2025-04-19 00:00:00,59.4,270.1,12.7,0.63,29.5,51,2.2777777777777777,182,Moderate
2025-04-19 01:00:00,67.3,319.4,12.2,0.528,29.0,52,2.0,183,Moderate
2025-04-19 02:00:00,79.2,417.2,11.9,0.463,28.9,51,2.7777777777777777,185,Moderate
2025-04-19 03:00:00,90.6,508.5,11.8,0.468,28.5,53,2.7777777777777777,188,Moderate
2025-04-19 04:00:00,99.9,577.4,11.9,0.51,28.0,56,2.75,194,Moderate
2025-04-19 05:00:00,85.2,435.9,13.9,0.555,27.5,60,2.972222222222222,204,Poor
2025-04-19 06:00:00,92.0,448.0,16.0,0.605,27.0,66,2.861111111111111,216,Poor
2025-04-19 07:00:00,96.9,497.3,18.8,0.659,28.0,64,2.7777777777777777,229,Poor
2025-04-19 08:00:00,101.5,553.2,19.5,0.675,29.8,58,2.861111111111111,244,Poor
2025-04-19 09:00:00,105.9,600.0,16.2,0.625,31.8,52,3.0277777777777777,259,Poor
2025-04-19 10:00:00,113.4,600.0,10.8,0.538,34.0,45,3.3611111111111107,274,Poor
2025-04-19 11:00:00,119.2,600.0,6.7,0.461,36.0,37,3.333333333333333,293,Poor
2025-04-19 12:00:00,117.8,600.0,5.0,0.403,37.8,28,2.888888888888889,313,Very Poor
2025-04-19 13:00:00,109.2,600.0,4.6,0.355,38.8,22,2.833333333333333,334,Very Poor
2025-04-19 14:00:00,97.8,600.0,5.0,0.333,39.5,18,2.7222222222222223,355,Very Poor
2025-04-19 15:00:00,91.0,600.0,6.2,0.352,39.7,15,1.9166666666666667,374,Very Poor
2025-04-19 16:00:00,84.3,600.0,8.2,0.396,38.0,19,2.1944444444444446,392,Very Poor
2025-04-19 17:00:00,97.1,600.0,11.7,0.435,34.2,36,5.361111111111112,405,Severe
2025-04-19 18:00:00,93.4,600.0,12.9,0.46,33.1,36,4.555555555555555,418,Severe
2025-04-19 19:00:00,107.6,600.0,14.5,0.481,31.5,42,3.5277777777777777,430,Severe
2025-04-19 20:00:00,115.0,600.0,15.4,0.495,30.8,44,2.4444444444444446,441,Severe
2025-04-19 21:00:00,115.7,600.0,14.9,0.501,30.1,46,3.2777777777777777,455,Severe
2025-04-19 22:00:00,119.2,600.0,13.7,0.501,29.6,49,3.4722222222222223,468,Severe
2025-04-19 23:00:00,122.0,600.0,12.7,0.493,29.2,52,3.3055555555555554,485,Severe
2025-04-20 00:00:00,119.2,600.0,12.0,0.471,28.7,53,3.2499999999999996,505,Severe
2025-04-20 01:00:00,117.8,600.0,11.4,0.443,28.3,54,3.083333333333333,525,Severe
2025-04-20 02:00:00,117.8,600.0,11.2,0.426,27.9,55,2.638888888888889,542,Severe
2025-04-20 03:00:00,119.0,600.0,11.4,0.424,27.4,57,2.694444444444444,555,Severe
2025-04-20 04:00:00,118.3,600.0,11.9,0.434,27.0,59,2.9166666666666665,563,Severe
2025-04-20 05:00:00,131.8,600.0,13.1,0.468,26.8,61,3.0,569,Severe
2025-04-20 06:00:00,131.3,600.0,15.7,0.557,27.1,67,2.694444444444444,581,Severe
2025-04-20 07:00:00,127.1,600.0,19.2,0.67,28.3,62,2.611111111111111,589,Severe
2025-04-20 08:00:00,124.3,600.0,20.5,0.723,30.4,55,2.2777777777777777,596,Severe
2025-04-20 09:00:00,118.7,600.0,17.8,0.662,33.0,45,1.8888888888888888,600,Severe
2025-04-20 10:00:00,109.7,592.3,12.9,0.541,35.4,36,2.0,601,Severe
2025-04-20 11:00:00,104.1,581.1,8.9,0.443,37.5,27,1.8055555555555556,597,Severe
2025-04-20 12:00:00,95.0,542.0,6.6,0.396,37.4,24,2.75,589,Severe
2025-04-20 13:00:00,74.7,430.3,5.1,0.37,38.2,22,2.9166666666666665,578,Severe
2025-04-20 14:00:00,66.4,390.2,4.7,0.363,37.7,23,3.6666666666666665,564,Severe
2025-04-20 15:00:00,63.1,373.5,5.8,0.374,36.0,29,4.777777777777778,550,Severe
2025-04-20 16:00:00,58.6,339.0,8.1,0.402,35.2,29,4.277777777777778,538,Severe
2025-04-20 17:00:00,54.9,307.3,11.3,0.442,36.0,29,3.3611111111111107,526,Severe
2025-04-20 18:00:00,55.3,288.7,14.1,0.503,37.7,15,1.5277777777777777,509,Severe
2025-04-20 19:00:00,66.6,355.8,17.9,0.576,35.0,24,2.0,494,Severe
2025-04-20 20:00:00,76.1,406.1,20.2,0.63,33.0,32,1.6666666666666665,481,Severe
2025-04-20 21:00:00,81.0,416.3,19.5,0.653,32.0,37,1.5555555555555554,467,Severe
2025-04-20 22:00:00,85.2,427.5,17.4,0.656,31.1,39,2.055555555555556,455,Severe
2025-04-20 23:00:00,86.8,457.3,15.6,0.642,30.0,41,1.8055555555555556,443,Severe
2025-04-21 00:00:00,91.5,489.9,14.7,0.593,28.6,47,0.9444444444444444,430,Severe
2025-04-21 01:00:00,94.5,497.3,14.2,0.526,28.0,47,1.1666666666666667,420,Severe
2025-04-21 02:00:00,95.0,475.0,14.8,0.495,27.0,51,1.1666666666666667,410,Severe
2025-04-21 03:00:00,91.7,409.8,17.0,0.521,26.6,52,1.3055555555555556,400,Very Poor
2025-04-21 04:00:00,89.6,357.6,20.3,0.583,26.1,54,1.4166666666666665,384,Very Poor
2025-04-21 05:00:00,78.2,244.0,29.7,0.667,25.2,59,1.1111111111111112,366,Very Poor
2025-04-21 06:00:00,84.5,261.7,29.2,0.804,27.7,61,0.75,340,Very Poor
2025-04-21 07:00:00,88.5,286.8,28.4,0.964,29.4,56,0.08333333333333333,320,Very Poor
2025-04-21 08:00:00,86.4,330.6,26.7,1.041,31.4,49,0.41666666666666663,301,Very Poor
2025-04-21 09:00:00,86.4,339.0,23.7,0.973,33.7,40,0.38888888888888884,281,Poor
2025-04-21 10:00:00,89.4,342.7,19.9,0.823,36.1,31,0.6111111111111112,264,Poor
2025-04-21 11:00:00,87.1,355.8,16.0,0.671,38.3,20,1.0,249,Poor
2025-04-21 12:00:00,74.3,324.1,11.8,0.529,39.9,11,1.8611111111111112,236,Poor
2025-04-21 13:00:00,67.5,339.9,7.5,0.386,40.5,9,2.861111111111111,223,Poor
2025-04-21 14:00:00,65.9,376.3,5.2,0.291,40.5,8,2.888888888888889,218,Poor
2025-04-21 15:00:00,63.6,402.3,5.3,0.27,40.3,7,2.5833333333333335,217,Poor
2025-04-21 16:00:00,59.8,395.8,7.3,0.296,40.0,6,2.4444444444444446,218,Poor
2025-04-21 17:00:00,54.1,296.2,14.1,0.342,39.1,6,2.1944444444444446,222,Poor
2025-04-21 18:00:00,57.6,321.3,19.7,0.4,37.7,7,1.3611111111111112,221,Poor
2025-04-21 19:00:00,63.3,325.0,27.5,0.476,37.5,5,3.4444444444444446,223,Poor
2025-04-21 20:00:00,63.3,334.3,32.9,0.565,35.8,6,3.3611111111111107,221,Poor
2025-04-21 21:00:00,59.8,325.0,34.0,0.698,34.0,10,2.25,217,Poor
2025-04-21 22:00:00,55.8,299.9,32.9,0.842,32.6,11,2.3333333333333335,212,Poor
2025-04-21 23:00:00,53.6,284.1,31.1,0.896,31.3,11,1.8611111111111112,204,Poor
2025-04-22 00:00:00,53.7,288.7,28.9,0.776,29.9,12,1.6666666666666665,198,Moderate
2025-04-22 01:00:00,55.4,301.7,26.1,0.565,28.6,12,1.5277777777777777,194,Moderate
2025-04-22 02:00:00,57.4,315.7,23.7,0.41,27.5,13,1.5833333333333333,190,Moderate
2025-04-22 03:00:00,59.0,328.8,21.9,0.355,26.5,13,1.7222222222222223,186,Moderate
2025-04-22 04:00:00,60.5,339.0,20.7,0.356,25.4,15,1.5555555555555554,185,Moderate
2025-04-22 05:00:00,75.4,422.8,22.0,0.422,24.8,16,1.611111111111111,184,Moderate
2025-04-22 06:00:00,78.7,402.3,24.9,0.629,26.1,19,1.972222222222222,188,Moderate
2025-04-22 07:00:00,82.7,371.6,28.6,0.903,27.8,18,2.5833333333333335,191,Moderate
2025-04-22 08:00:00,86.6,373.5,29.0,1.028,30.7,15,1.972222222222222,193,Moderate
2025-04-22 09:00:00,91.7,419.1,22.8,0.857,34.0,12,2.361111111111111,193,Moderate
2025-04-22 10:00:00,88.2,420.0,13.2,0.537,36.6,11,2.4444444444444446,195,Moderate
2025-04-22 11:00:00,66.8,343.7,6.0,0.298,38.3,6,2.888888888888889,197,Moderate
2025-04-22 12:00:00,49.2,281.3,3.4,0.239,39.2,6,2.75,196,Moderate
2025-04-22 13:00:00,48.1,295.2,3.1,0.261,39.7,6,2.611111111111111,196,Moderate
2025-04-22 14:00:00,50.8,339.0,3.8,0.289,39.8,6,2.694444444444444,195,Moderate
2025-04-22 15:00:00,54.0,392.1,4.5,0.28,39.5,7,3.083333333333333,194,Moderate
2025-04-22 16:00:00,57.4,432.1,6.1,0.279,38.8,7,3.611111111111111,194,Moderate
2025-04-22 17:00:00,54.0,395.8,10.5,0.342,37.7,7,3.4722222222222223,194,Moderate
2025-04-22 18:00:00,61.7,436.8,19.0,0.549,36.8,7,2.944444444444444,197,Moderate
2025-04-22 19:00:00,71.7,447.0,30.5,0.822,35.0,8,1.6944444444444442,199,Moderate
2025-04-22 20:00:00,78.7,462.9,38.2,0.981,33.8,9,1.8611111111111112,204,Poor
2025-04-22 21:00:00,82.9,478.7,38.8,0.925,33.0,10,2.361111111111111,212,Poor
2025-04-22 22:00:00,84.8,495.5,35.6,0.757,32.0,10,2.5833333333333335,221,Poor
2025-04-22 23:00:00,85.2,516.0,31.3,0.603,30.5,10,2.111111111111111,233,Poor
2025-04-23 00:00:00,84.5,523.4,25.8,0.5,28.8,11,1.777777777777778,246,Poor
2025-04-23 01:00:00,82.4,493.6,19.2,0.413,27.6,13,1.6944444444444442,260,Poor
2025-04-23 02:00:00,80.8,454.5,14.8,0.36,26.5,15,1.5,272,Poor
2025-04-23 03:00:00,80.8,424.7,14.2,0.336,25.5,17,1.4444444444444444,280,Poor
2025-04-23 04:00:00,81.5,397.7,15.8,0.347,24.9,18,1.5277777777777777,286,Poor
2025-04-23 05:00:00,84.1,380.9,18.2,0.429,24.1,20,1.4444444444444444,289,Poor
2025-04-23 06:00:00,90.6,382.8,22.6,0.675,25.4,25,1.25,287,Poor
2025-04-23 07:00:00,95.5,355.8,27.8,0.993,27.8,21,1.611111111111111,286,Poor
2025-04-23 08:00:00,94.3,353.9,29.2,1.141,30.7,19,1.777777777777778,285,Poor
2025-04-23 09:00:00,86.6,332.5,23.3,0.954,33.5,17,2.3333333333333335,283,Poor
2025-04-23 10:00:00,68.7,269.2,13.6,0.596,36.2,14,2.5,278,Poor
2025-04-23 11:00:00,48.9,224.0,6.2,0.324,38.0,8,3.222222222222222,269,Poor
2025-04-23 12:00:00,40.5,231.4,3.5,0.246,38.9,7,3.638888888888889,262,Poor
2025-04-23 13:00:00,41.1,271.9,3.2,0.252,39.3,7,3.8055555555555554,259,Poor
2025-04-23 14:00:00,45.4,331.6,3.8,0.272,39.5,7,3.75,258,Poor
2025-04-23 15:00:00,50.2,393.0,4.3,0.263,39.2,7,3.861111111111111,257,Poor
2025-04-23 16:00:00,54.1,427.5,5.9,0.267,38.7,7,3.8333333333333335,257,Poor
2025-04-23 17:00:00,77.8,600.0,9.8,0.341,37.9,7,3.4722222222222223,257,Poor
2025-04-23 18:00:00,86.6,600.0,17.6,0.563,36.8,8,3.1666666666666665,273,Poor
2025-04-23 19:00:00,96.4,600.0,28.3,0.853,35.5,9,2.388888888888889,288,Poor
2025-04-23 20:00:00,103.1,600.0,36.4,1.033,34.1,10,1.7222222222222223,302,Very Poor
2025-04-23 21:00:00,106.4,600.0,39.4,1.0,33.3,10,1.972222222222222,313,Very Poor
2025-04-23 22:00:00,106.9,600.0,39.7,0.856,31.8,12,1.75,323,Very Poor
2025-04-23 23:00:00,105.7,600.0,39.0,0.723,31.2,11,2.0277777777777777,331,Very Poor
2025-04-24 00:00:00,105.7,600.0,36.9,0.641,28.5,17,1.2777777777777777,336,Very Poor
2025-04-24 01:00:00,106.4,600.0,33.7,0.572,27.2,18,1.2222222222222223,341,Very Poor
2025-04-24 02:00:00,106.4,592.3,32.1,0.519,26.7,20,1.3055555555555556,348,Very Poor
2025-04-24 03:00:00,105.9,553.2,33.5,0.462,26.3,21,1.25,355,Very Poor
2025-04-24 04:00:00,105.0,510.4,36.6,0.422,25.5,20,1.3611111111111112,361,Very Poor
2025-04-24 05:00:00,87.1,383.7,26.4,0.471,24.9,18,1.6666666666666665,367,Very Poor
2025-04-24 06:00:00,87.5,331.6,29.3,0.723,25.4,21,1.5555555555555554,367,Very Poor
2025-04-24 07:00:00,85.9,266.4,32.9,1.065,27.7,18,1.5555555555555554,365,Very Poor
2025-04-24 08:00:00,81.5,261.7,33.0,1.228,30.8,16,1.1388888888888888,360,Very Poor
2025-04-24 09:00:00,71.5,228.6,26.2,1.036,34.0,12,1.5555555555555554,355,Very Poor
2025-04-24 10:00:00,49.0,152.3,15.8,0.664,37.0,10,1.0555555555555556,350,Very Poor
2025-04-24 11:00:00,34.9,133.2,7.8,0.374,38.8,8,1.1944444444444444,344,Very Poor
2025-04-24 12:00:00,29.7,145.8,4.5,0.273,40.0,6,1.472222222222222,339,Very Poor
2025-04-24 13:00:00,28.2,166.7,3.4,0.253,40.8,5,2.4166666666666665,335,Very Poor
2025-04-24 14:00:00,28.6,193.7,3.6,0.253,41.0,5,3.5833333333333335,329,Very Poor
2025-04-24 15:00:00,31.2,222.1,4.4,0.219,40.3,5,4.166666666666667,322,Very Poor
2025-04-24 16:00:00,32.6,241.2,6.4,0.204,39.6,6,4.111111111111112,313,Very Poor
2025-04-24 17:00:00,29.8,190.0,10.3,0.31,38.9,6,3.2777777777777777,303,Very Poor
2025-04-24 18:00:00,36.2,181.1,20.2,0.635,37.9,7,1.8055555555555556,276,Poor
2025-04-24 19:00:00,47.8,170.9,33.8,1.08,34.8,15,1.1388888888888888,246,Poor
2025-04-24 20:00:00,54.9,192.3,43.5,1.448,34.3,25,0.08333333333333333,215,Poor
2025-04-24 21:00:00,58.0,215.6,45.5,1.684,32.4,17,1.25,195,Moderate
2025-04-24 22:00:00,59.1,211.4,43.5,1.842,31.2,17,1.4166666666666665,186,Moderate
2025-04-24 23:00:00,60.3,195.1,41.9,1.887,30.0,17,1.7222222222222223,177,Moderate
2025-04-25 00:00:00,63.6,202.6,41.9,1.75,29.5,18,2.5277777777777777,168,Moderate
2025-04-25 01:00:00,67.5,214.2,42.2,1.501,28.6,32,0.11111111111111112,159,Moderate
2025-04-25 02:00:00,70.8,225.8,42.8,1.311,26.9,31,0.8611111111111112,152,Moderate
2025-04-25 03:00:00,72.9,235.2,43.9,1.257,26.3,32,0.3333333333333333,152,Moderate
2025-04-25 04:00:00,73.8,233.8,45.3,1.263,24.9,32,1.3333333333333333,151,Moderate
2025-04-25 05:00:00,84.8,404.2,33.5,1.267,25.0,29,1.611111111111111,150,Moderate
2025-04-25 06:00:00,91.7,387.4,38.1,1.274,26.3,29,1.3611111111111112,150,Moderate
2025-04-25 07:00:00,95.9,285.0,43.9,1.28,29.0,24,1.4444444444444444,150,Moderate
2025-04-25 08:00:00,92.2,280.3,45.0,1.215,32.1,18,1.777777777777778,150,Moderate
2025-04-25 09:00:00,81.0,267.3,36.8,1.018,35.0,14,1.2777777777777777,151,Moderate
2025-04-25 10:00:00,64.7,222.6,23.8,0.75,37.3,11,1.1388888888888888,151,Moderate
2025-04-25 11:00:00,44.9,170.9,13.3,0.529,39.7,7,1.4444444444444444,151,Moderate
2025-04-25 12:00:00,31.8,144.8,7.8,0.396,40.7,6,2.6666666666666665,151,Moderate
2025-04-25 13:00:00,26.3,151.3,4.7,0.31,41.0,6,3.2499999999999996,152,Moderate
2025-04-25 14:00:00,23.5,152.3,3.5,0.262,40.8,6,3.944444444444444,152,Moderate
2025-04-25 15:00:00,23.1,155.5,3.6,0.252,40.8,6,3.5277777777777777,151,Moderate
2025-04-25 16:00:00,24.2,161.1,5.5,0.28,40.5,6,2.6666666666666665,163,Moderate
2025-04-25 17:00:00,27.2,179.3,10.6,0.341,40.0,6,1.9444444444444444,173,Moderate
2025-04-25 18:00:00,34.1,206.8,15.6,0.442,37.7,9,2.361111111111111,175,Moderate
2025-04-25 19:00:00,42.7,226.8,22.7,0.575,34.6,14,1.611111111111111,169,Moderate
2025-04-25 20:00:00,46.0,222.6,28.6,0.718,33.0,22,0.888888888888889,156,Moderate
2025-04-25 21:00:00,46.0,195.6,31.7,0.874,32.8,24,0.38888888888888884,151,Moderate
2025-04-25 22:00:00,44.7,155.5,33.7,1.038,31.8,24,0.38888888888888884,150,Moderate
2025-04-25 23:00:00,45.4,142.0,36.6,1.174,31.0,28,0.2777777777777778,150,Moderate
2025-04-26 00:00:00,49.0,141.6,41.9,1.282,30.1,18,1.75,149,Moderate
2025-04-26 01:00:00,51.8,136.9,48.0,1.361,28.8,19,1.611111111111111,147,Moderate
2025-04-26 02:00:00,52.6,127.1,52.6,1.372,27.9,24,1.0,145,Moderate
2025-04-26 03:00:00,52.9,114.6,54.2,1.226,27.0,20,1.5833333333333333,144,Moderate
2025-04-26 04:00:00,51.8,102.4,54.1,1.011,26.1,23,1.3611111111111112,141,Moderate
2025-04-26 05:00:00,65.9,182.5,53.1,0.951,26.4,26,0.6666666666666666,139,Moderate
2025-04-26 06:00:00,70.1,173.2,55.2,1.269,27.0,34,0.6111111111111112,137,Moderate
2025-04-26 07:00:00,81.7,149.0,57.4,1.742,29.5,23,1.4166666666666665,135,Moderate
2025-04-26 08:00:00,61.9,106.9,54.7,1.928,33.0,20,0.75,133,Moderate
2025-04-26 09:00:00,40.6,74.0,42.2,1.528,36.7,13,1.3333333333333333,130,Moderate
2025-04-26 10:00:00,28.0,56.8,24.7,0.84,39.0,8,0.888888888888889,126,Moderate
2025-04-26 11:00:00,20.0,53.1,11.3,0.325,40.5,7,1.1111111111111112,122,Moderate
2025-04-26 12:00:00,16.3,50.5,6.0,0.186,41.6,6,1.2777777777777777,120,Moderate
2025-04-26 13:00:00,17.1,61.5,4.8,0.219,41.9,6,1.6388888888888888,118,Moderate
2025-04-26 14:00:00,19.4,75.7,5.3,0.268,40.9,8,2.888888888888889,133,Moderate
2025-04-26 15:00:00,21.2,85.7,6.0,0.282,38.8,9,4.611111111111112,163,Moderate
2025-04-26 16:00:00,22.3,88.2,8.2,0.312,39.0,9,2.75,184,Moderate
2025-04-26 17:00:00,41.2,187.7,20.5,0.357,38.8,9,3.222222222222222,199,Moderate
2025-04-26 18:00:00,50.9,209.1,30.1,0.426,37.6,10,1.1388888888888888,202,Poor
2025-04-26 19:00:00,62.9,231.0,43.2,0.51,35.0,17,1.027777777777778,200,Moderate
2025-04-26 20:00:00,74.5,306.4,51.1,0.585,34.7,22,0.25,184,Moderate
2025-04-26 21:00:00,86.1,376.3,49.6,0.659,33.7,16,1.1111111111111112,161,Moderate
2025-04-26 22:00:00,89.2,405.1,43.1,0.725,33.5,14,2.0277777777777777,130,Moderate
2025-04-26 23:00:00,78.0,370.7,35.7,0.735,32.5,16,2.5277777777777777,133,Moderate
2025-04-27 00:00:00,66.4,337.1,27.6,0.639,32.0,17,2.2222222222222223,137,Moderate
2025-04-27 01:00:00,58.3,321.3,18.7,0.488,30.8,25,1.1944444444444444,139,Moderate
2025-04-27 02:00:00,55.1,309.2,13.0,0.39,30.1,21,1.5555555555555554,139,Moderate
2025-04-27 03:00:00,55.3,298.0,12.8,0.38,28.8,23,1.4166666666666665,140,Moderate
2025-04-27 04:00:00,58.0,293.4,15.8,0.422,28.2,22,1.5555555555555554,140,Moderate
2025-04-27 05:00:00,91.3,525.3,16.7,0.516,28.0,22,1.75,140,Moderate
2025-04-27 06:00:00,95.7,499.2,20.5,0.727,29.2,28,1.0833333333333333,143,Moderate
2025-04-27 07:00:00,98.0,425.6,25.5,0.99,30.5,27,0.9722222222222222,146,Moderate
2025-04-27 08:00:00,98.3,450.8,27.6,1.103,32.9,22,0.8611111111111112,147,Moderate
2025-04-27 09:00:00,87.1,414.4,24.2,0.922,35.3,15,1.027777777777778,150,Moderate
2025-04-27 10:00:00,73.8,339.0,17.9,0.59,37.7,12,1.3611111111111112,157,Moderate
2025-04-27 11:00:00,62.6,285.0,12.4,0.342,38.8,11,1.7222222222222223,162,Moderate
2025-04-27 12:00:00,52.6,239.3,8.5,0.279,40.1,9,0.9722222222222222,167,Moderate
2025-04-27 13:00:00,39.5,190.0,5.4,0.299,41.1,8,0.25,171,Moderate
2025-04-27 14:00:00,33.1,182.1,4.0,0.325,41.2,8,1.1111111111111112,174,Moderate
2025-04-27 15:00:00,32.9,180.2,4.4,0.318,40.7,8,2.138888888888889,176,Moderate
2025-04-27 16:00:00,34.1,181.6,6.7,0.316,39.8,7,3.611111111111111,178,Moderate
2025-04-27 17:00:00,34.0,145.3,12.2,0.36,38.8,7,3.8333333333333335,180,Moderate
2025-04-27 18:00:00,38.5,155.1,17.7,0.492,37.5,8,2.7777777777777777,183,Moderate
2025-04-27 19:00:00,55.8,271.0,25.3,0.669,35.7,17,0.41666666666666663,184,Moderate
2025-04-27 20:00:00,72.4,394.9,30.9,0.799,34.1,19,0.5833333333333334,179,Moderate
2025-04-27 21:00:00,86.8,510.4,33.0,0.849,33.2,14,1.7222222222222223,181,Moderate
2025-04-27 22:00:00,95.9,555.1,33.2,0.853,31.8,17,1.5,183,Moderate
2025-04-27 23:00:00,98.5,545.8,32.1,0.816,30.8,25,0.41666666666666663,187,Moderate
2025-04-28 00:00:00,95.9,510.4,29.0,0.71,29.4,28,0.8333333333333333,190,Moderate
2025-04-28 01:00:00,89.9,457.3,24.7,0.563,28.2,26,1.1944444444444444,194,Moderate
2025-04-28 02:00:00,85.0,429.3,22.1,0.467,28.1,28,0.9444444444444444,197,Moderate
2025-04-28 03:00:00,87.1,471.2,22.7,0.466,28.1,26,0.6666666666666666,199,Moderate
2025-04-28 04:00:00,86.8,442.4,25.0,0.517,26.5,31,0.6111111111111112,208,Poor
2025-04-28 05:00:00,87.5,418.2,24.5,0.581,25.0,33,1.1388888888888888,217,Poor
2025-04-28 06:00:00,85.9,352.0,26.2,0.672,26.8,33,1.972222222222222,210,Poor
2025-04-28 07:00:00,86.4,346.5,28.4,0.777,27.8,32,2.305555555555556,202,Poor
2025-04-28 08:00:00,82.4,350.2,28.1,0.811,30.0,28,2.4166666666666665,199,Moderate
2025-04-28 09:00:00,78.2,376.3,23.2,0.712,33.1,23,2.4166666666666665,197,Moderate
2025-04-28 10:00:00,77.3,419.1,15.9,0.543,35.6,19,2.25,196,Moderate
2025-04-28 11:00:00,76.6,454.5,10.0,0.409,37.6,16,2.0277777777777777,198,Moderate
2025-04-28 12:00:00,75.9,482.4,7.0,0.35,39.3,14,1.5,203,Poor
2025-04-28 13:00:00,70.3,459.1,5.4,0.327,40.3,11,1.0555555555555556,218,Poor
2025-04-28 14:00:00,61.7,393.9,5.1,0.323,40.8,9,1.25,234,Poor
2025-04-28 15:00:00,56.2,342.7,6.2,0.339,41.0,9,0.38888888888888884,247,Poor
2025-04-28 16:00:00,52.5,295.2,8.6,0.375,38.7,12,3.555555555555556,256,Poor
2025-04-28 17:00:00,66.6,489.9,11.0,0.417,36.5,17,3.8333333333333335,263,Poor
2025-04-28 18:00:00,63.6,397.7,13.6,0.471,34.3,20,3.944444444444444,284,Poor
2025-04-28 19:00:00,67.5,405.1,17.2,0.531,32.9,26,3.5,298,Poor
2025-04-28 20:00:00,71.7,408.9,19.7,0.562,31.7,30,1.8611111111111112,305,Very Poor
2025-04-28 21:00:00,76.4,414.4,20.3,0.544,31.0,32,2.6666666666666665,306,Very Poor
2025-04-28 22:00:00,84.5,448.0,19.8,0.498,30.0,34,3.4722222222222223,301,Very Poor
2025-04-28 23:00:00,90.6,488.0,19.1,0.454,29.4,34,2.861111111111111,295,Poor
2025-04-29 00:00:00,91.5,482.4,18.2,0.416,28.6,34,2.7222222222222223,291,Poor
2025-04-29 01:00:00,88.9,457.3,17.0,0.379,27.7,36,2.972222222222222,290,Poor
2025-04-29 02:00:00,86.1,436.8,16.0,0.359,27.1,37,3.2777777777777777,290,Poor
2025-04-29 03:00:00,84.1,433.1,15.3,0.366,26.3,39,3.4722222222222223,290,Poor
2025-04-29 04:00:00,83.4,444.2,14.8,0.39,25.5,43,3.2499999999999996,288,Poor
2025-04-29 05:00:00,92.9,499.2,15.1,0.42,24.5,49,3.2499999999999996,288,Poor
2025-04-29 06:00:00,89.9,463.8,15.7,0.462,24.8,62,3.1111111111111107,293,Poor
2025-04-29 07:00:00,89.6,468.5,16.5,0.511,25.8,60,3.5277777777777777,299,Poor
2025-04-29 08:00:00,94.1,495.5,16.2,0.534,27.5,53,4.0,306,Very Poor
2025-04-29 09:00:00,98.5,504.8,13.8,0.51,29.7,45,3.9722222222222223,313,Very Poor
2025-04-29 10:00:00,99.0,502.9,10.3,0.461,32.0,38,3.8055555555555554,320,Very Poor
2025-04-29 11:00:00,96.2,495.5,7.6,0.424,33.9,33,3.5,324,Very Poor
2025-04-29 12:00:00,90.3,482.4,6.2,0.413,35.3,29,3.083333333333333,327,Very Poor
2025-04-29 13:00:00,84.3,468.5,5.5,0.414,36.4,27,2.611111111111111,327,Very Poor
2025-04-29 14:00:00,80.8,455.4,5.8,0.419,37.2,25,2.0,327,Very Poor
2025-04-29 15:00:00,79.2,439.6,7.2,0.413,37.5,23,1.5277777777777777,330,Very Poor
2025-04-29 16:00:00,75.0,396.7,9.6,0.412,37.5,20,1.8611111111111112,335,Very Poor
2025-04-29 17:00:00,79.4,465.7,12.6,0.458,36.7,21,2.1944444444444446,341,Very Poor
2025-04-29 18:00:00,78.5,394.9,16.8,0.608,35.0,26,1.6388888888888888,339,Very Poor
2025-04-29 19:00:00,78.5,365.1,22.6,0.806,33.4,29,2.5,339,Very Poor
2025-04-29 20:00:00,78.7,352.0,26.1,0.921,32.2,31,1.8888888888888888,337,Very Poor
2025-04-29 21:00:00,80.3,365.1,25.4,0.88,31.1,34,2.111111111111111,334,Very Poor
2025-04-29 22:00:00,79.2,366.0,22.5,0.757,30.1,39,2.5277777777777777,332,Very Poor
2025-04-29 23:00:00,78.5,362.3,19.9,0.644,29.5,41,2.1944444444444446,327,Very Poor
2025-04-30 00:00:00,76.6,351.1,18.2,0.567,28.8,43,1.75,321,Very Poor
2025-04-30 01:00:00,75.4,339.9,16.7,0.499,28.2,45,1.8611111111111112,314,Very Poor
2025-04-30 02:00:00,75.4,337.1,15.7,0.458,27.5,46,2.055555555555556,308,Very Poor
2025-04-30 03:00:00,75.4,334.3,15.4,0.455,27.0,48,2.0833333333333335,303,Very Poor
2025-04-30 04:00:00,74.7,325.0,15.6,0.478,26.5,50,2.5833333333333335,297,Poor
2025-04-30 05:00:00,73.1,276.6,18.2,0.507,25.8,52,2.2777777777777777,290,Poor
2025-04-30 06:00:00,72.4,267.3,19.1,0.549,26.3,57,2.305555555555556,277,Poor
2025-04-30 07:00:00,71.5,275.7,20.1,0.598,27.1,57,2.638888888888889,265,Poor
2025-04-30 08:00:00,74.5,326.0,19.5,0.613,28.9,52,2.7222222222222223,254,Poor
2025-04-30 09:00:00,80.3,381.8,15.6,0.565,31.0,46,3.222222222222222,243,Poor
2025-04-30 10:00:00,79.6,394.9,10.1,0.484,33.1,39,3.083333333333333,236,Poor
2025-04-30 11:00:00,76.1,405.1,6.1,0.422,34.8,33,2.4722222222222223,230,Poor
2025-04-30 12:00:00,68.7,369.7,4.8,0.399,35.8,28,1.8611111111111112,224,Poor
2025-04-30 13:00:00,65.7,351.1,4.9,0.395,36.7,26,1.6388888888888888,218,Poor
2025-04-30 14:00:00,66.8,354.8,5.8,0.406,37.0,24,1.3611111111111112,211,Poor
2025-04-30 15:00:00,68.0,353.9,7.6,0.44,36.5,25,1.0,205,Poor
2025-04-30 16:00:00,68.5,345.5,10.3,0.488,35.2,26,0.8611111111111112,201,Poor
2025-04-30 17:00:00,82.7,584.9,11.3,0.527,35.2,26,2.055555555555556,208,Poor
2025-04-30 18:00:00,77.1,482.4,15.0,0.544,34.3,26,2.0,211,Poor
2025-04-30 19:00:00,75.2,442.4,20.1,0.551,33.5,28,1.8888888888888888,210,Poor
2025-04-30 20:00:00,79.2,430.3,23.4,0.555,32.6,29,1.972222222222222,213,Poor
2025-04-30 21:00:00,82.0,424.7,23.6,0.565,31.9,31,2.75,218,Poor
2025-04-30 22:00:00,86.1,436.8,22.1,0.572,30.6,37,3.1111111111111107,222,Poor
2025-04-30 23:00:00,92.9,484.3,20.2,0.564,29.5,41,2.861111111111111,226,Poor
2025-05-01 00:00:00,100.4,543.9,18.0,0.523,28.5,44,2.833333333333333,233,Poor
2025-05-01 01:00:00,108.0,568.1,15.5,0.465,27.8,45,2.694444444444444,245,Poor
2025-05-01 02:00:00,111.1,600.0,13.7,0.428,27.2,47,2.972222222222222,258,Poor
2025-05-01 03:00:00,111.3,596.0,13.1,0.428,26.7,49,2.9166666666666665,274,Poor
2025-05-01 04:00:00,107.1,555.1,13.3,0.449,26.2,51,3.0555555555555554,289,Poor
2025-05-01 05:00:00,85.2,304.5,17.1,0.476,25.8,52,2.888888888888889,303,Very Poor
2025-05-01 06:00:00,80.6,267.3,18.2,0.519,27.0,65,1.9166666666666667,304,Very Poor
2025-05-01 07:00:00,75.9,250.5,19.5,0.569,28.1,61,2.7222222222222223,304,Very Poor
2025-05-01 08:00:00,75.9,286.8,19.1,0.587,29.8,54,3.4444444444444446,303,Very Poor
2025-05-01 09:00:00,80.3,347.4,15.5,0.544,32.0,46,3.416666666666667,301,Very Poor
2025-05-01 10:00:00,82.7,390.2,10.2,0.47,34.0,36,3.333333333333333,299,Poor
2025-05-01 11:00:00,80.6,418.2,6.2,0.415,35.2,30,2.611111111111111,299,Poor
2025-05-01 12:00:00,79.9,439.6,4.7,0.4,36.2,27,2.055555555555556,299,Poor
2025-05-01 13:00:00,79.6,454.5,4.5,0.405,36.5,25,2.0277777777777777,303,Very Poor
2025-05-01 14:00:00,80.1,473.1,5.3,0.417,37.0,21,1.3333333333333333,309,Very Poor
2025-05-01 15:00:00,81.3,491.7,7.3,0.437,36.0,21,0.5833333333333334,315,Very Poor
2025-05-01 16:00:00,92.4,529.0,10.3,0.464,35.3,24,2.361111111111111,322,Very Poor
2025-05-01 17:00:00,74.0,393.9,14.8,0.485,35.0,25,2.305555555555556,331,Very Poor
2025-05-01 18:00:00,79.6,432.1,17.1,0.496,34.8,25,2.055555555555556,321,Very Poor
2025-05-01 19:00:00,81.7,415.4,20.2,0.502,33.7,27,2.361111111111111,319,Very Poor
2025-05-01 20:00:00,82.9,389.3,21.9,0.503,32.5,30,2.5,317,Very Poor
2025-05-01 21:00:00,84.3,382.8,21.1,0.499,31.3,32,2.8055555555555554,315,Very Poor
2025-05-01 22:00:00,88.5,388.4,18.9,0.491,29.5,42,3.5833333333333335,313,Very Poor
2025-05-01 23:00:00,91.3,416.3,16.8,0.478,28.6,47,3.5277777777777777,311,Very Poor
2025-05-02 00:00:00,94.5,445.2,15.0,0.456,28.1,48,3.333333333333333,307,Very Poor
2025-05-02 01:00:00,93.1,437.7,13.2,0.431,27.5,49,3.1666666666666665,302,Very Poor
2025-05-02 02:00:00,90.3,422.8,12.0,0.418,27.0,51,2.944444444444444,294,Poor
2025-05-02 03:00:00,88.9,414.4,11.7,0.405,26.6,52,3.083333333333333,284,Poor
2025-05-02 04:00:00,89.6,419.1,12.1,0.405,26.2,53,3.222222222222222,273,Poor
2025-05-02 05:00:00,58.9,145.8,9.0,0.471,25.8,55,3.0277777777777777,265,Poor
2025-05-02 06:00:00,54.0,88.7,14.7,0.688,22.5,90,1.75,255,Poor
2025-05-02 07:00:00,61.2,114.3,22.4,0.971,22.6,89,1.5,245,Poor
2025-05-02 08:00:00,69.4,142.5,26.6,1.122,22.1,93,2.2222222222222223,237,Poor
2025-05-02 09:00:00,74.0,145.8,24.2,1.015,22.0,93,3.6944444444444446,228,Poor
2025-05-02 10:00:00,72.4,134.1,18.4,0.777,22.4,93,2.5,216,Poor
2025-05-02 11:00:00,63.3,111.1,13.3,0.589,23.8,84,1.6388888888888888,201,Poor
2025-05-02 12:00:00,69.2,224.0,10.1,0.521,25.5,73,2.611111111111111,194,Moderate
2025-05-02 13:00:00,74.7,266.4,7.5,0.504,26.5,69,2.361111111111111,189,Moderate
2025-05-02 14:00:00,76.1,295.2,6.5,0.511,27.5,66,2.138888888888889,185,Moderate
2025-05-02 15:00:00,75.4,304.5,6.8,0.485,28.2,62,1.75,182,Moderate
2025-05-02 16:00:00,74.5,307.3,8.6,0.482,28.8,59,0.8611111111111112,178,Moderate
2025-05-02 17:00:00,59.1,196.5,15.0,0.648,28.8,59,0.8055555555555555,178,Moderate
2025-05-02 18:00:00,62.4,199.8,25.5,1.171,28.3,56,1.1111111111111112,197,Moderate
2025-05-02 19:00:00,75.0,176.5,39.6,1.863,28.0,60,0.2777777777777778,203,Poor
2025-05-02 20:00:00,78.2,153.2,48.4,2.301,27.8,58,0.9722222222222222,202,Poor
2025-05-02 21:00:00,75.2,149.5,46.7,2.273,27.2,61,1.1666666666666667,195,Moderate
2025-05-02 22:00:00,72.4,147.6,39.6,1.991,26.4,66,0.7777777777777777,178,Moderate
2025-05-02 23:00:00,69.6,140.6,33.1,1.666,25.8,69,0.6944444444444444,160,Moderate
2025-05-03 00:00:00,67.3,132.7,28.8,1.317,25.0,76,0.5277777777777778,160,Moderate
2025-05-03 01:00:00,66.1,124.8,25.1,0.924,24.6,74,0.9166666666666666,159,Moderate
2025-05-03 02:00:00,65.4,114.8,23.1,0.645,24.2,74,1.0833333333333333,158,Moderate
2025-05-03 03:00:00,65.2,102.4,24.0,0.562,24.0,74,1.5,158,Moderate
2025-05-03 04:00:00,65.4,88.9,26.7,0.592,23.4,80,0.75,157,Moderate
2025-05-03 05:00:00,79.6,157.9,27.8,0.642,23.4,80,0.11111111111111112,157,Moderate
2025-05-03 06:00:00,79.9,128.5,28.2,0.703,24.1,83,1.8055555555555556,157,Moderate
2025-05-03 07:00:00,80.3,123.9,28.4,0.784,24.5,78,2.305555555555556,158,Moderate
2025-05-03 08:00:00,72.4,152.7,26.7,0.813,27.1,66,1.3333333333333333,158,Moderate
2025-05-03 09:00:00,66.6,230.5,21.1,0.741,29.5,54,2.0,158,Moderate
2025-05-03 10:00:00,72.4,323.2,13.5,0.618,31.7,42,1.0555555555555556,158,Moderate
2025-05-03 11:00:00,76.1,385.6,7.8,0.523,31.9,37,0.6944444444444444,158,Moderate
2025-05-03 12:00:00,78.5,422.8,5.7,0.485,33.3,33,1.611111111111111,158,Moderate
2025-05-03 13:00:00,74.5,389.3,5.4,0.474,34.5,32,1.611111111111111,159,Moderate
2025-05-03 14:00:00,73.1,364.1,6.0,0.489,30.2,48,1.972222222222222,181,Moderate
2025-05-03 15:00:00,73.1,357.6,7.0,0.532,29.5,50,0.16666666666666666,203,Poor
2025-05-03 16:00:00,72.6,353.0,8.8,0.599,31.0,43,0.8611111111111112,212,Poor
2025-05-03 17:00:00,73.1,431.2,14.1,0.676,31.1,43,1.3333333333333333,219,Poor
2025-05-03 18:00:00,79.6,383.7,19.5,0.771,28.8,49,3.9722222222222223,219,Poor
2025-05-03 19:00:00,74.5,285.0,26.9,0.875,29.2,48,1.2777777777777777,215,Poor
2025-05-03 20:00:00,66.4,202.1,31.9,0.954,29.2,46,1.6666666666666665,208,Poor
2025-05-03 21:00:00,64.0,200.7,32.3,0.998,28.5,51,0.9722222222222222,199,Moderate
2025-05-03 22:00:00,62.6,163.0,30.2,1.017,28.0,57,0.75,177,Moderate
2025-05-03 23:00:00,59.3,136.9,27.7,1.0,27.6,53,1.1111111111111112,158,Moderate
2025-05-04 00:00:00,56.2,130.4,24.9,0.923,27.3,54,1.1111111111111112,158,Moderate
2025-05-04 01:00:00,53.8,131.3,21.7,0.811,26.9,61,0.3611111111111111,158,Moderate
2025-05-04 02:00:00,52.6,139.7,19.4,0.73,25.8,60,1.3055555555555556,158,Moderate
2025-05-04 03:00:00,53.3,155.1,18.5,0.703,25.0,64,1.2777777777777777,157,Moderate
2025-05-04 04:00:00,56.3,174.6,18.5,0.707,24.4,66,1.3055555555555556,157,Moderate
2025-05-04 05:00:00,69.6,365.1,10.1,0.733,23.9,68,1.25,157,Moderate
2025-05-04 06:00:00,80.6,415.4,13.9,0.81,26.2,76,1.0555555555555556,157,Moderate
2025-05-04 07:00:00,87.5,436.8,18.9,0.908,27.2,72,0.8611111111111112,157,Moderate
2025-05-04 08:00:00,89.6,444.2,21.2,0.934,29.4,63,0.9722222222222222,163,Moderate
2025-05-04 09:00:00,87.5,441.4,18.2,0.815,31.6,54,1.4166666666666665,169,Moderate
2025-05-04 10:00:00,87.1,480.6,12.5,0.622,33.7,42,1.472222222222222,173,Moderate
2025-05-04 11:00:00,94.5,562.5,8.1,0.48,34.3,38,0.8055555555555555,176,Moderate
2025-05-04 12:00:00,98.5,600.0,6.5,0.442,33.5,39,1.5555555555555554,180,Moderate
2025-05-04 13:00:00,96.9,600.0,6.1,0.455,32.2,41,2.6666666666666665,184,Moderate
2025-05-04 14:00:00,92.7,600.0,6.7,0.474,32.5,41,0.9166666666666666,189,Moderate
2025-05-04 15:00:00,90.1,570.0,8.4,0.492,32.5,40,0.6388888888888888,194,Moderate
2025-05-04 16:00:00,89.2,543.9,11.1,0.517,33.0,39,1.3611111111111112,199,Moderate
2025-05-04 17:00:00,75.7,414.4,11.8,0.533,32.6,40,2.0833333333333335,208,Poor
2025-05-04 18:00:00,71.5,341.8,18.9,0.528,31.1,46,2.111111111111111,207,Poor
2025-05-04 19:00:00,74.3,303.6,28.5,0.514,29.5,58,0.8333333333333333,204,Poor
2025-05-04 20:00:00,77.1,261.7,34.8,0.508,29.2,63,0.6944444444444444,205,Poor
2025-05-04 21:00:00,78.2,238.0,34.9,0.522,29.0,66,0.5833333333333334,209,Poor
2025-05-04 22:00:00,74.7,217.0,31.8,0.544,28.3,62,1.1388888888888888,211,Poor
2025-05-04 23:00:00,70.1,199.3,28.4,0.551,27.3,67,1.25,214,Poor
2025-05-05 00:00:00,66.6,198.8,25.2,0.525,26.4,73,1.3611111111111112,218,Poor
2025-05-05 01:00:00,65.9,215.1,21.7,0.484,25.9,76,1.4444444444444444,222,Poor
2025-05-05 02:00:00,65.7,212.3,19.4,0.46,25.5,76,1.8611111111111112,227,Poor
2025-05-05 03:00:00,64.0,192.8,19.4,0.468,25.0,77,1.7222222222222223,231,Poor
2025-05-05 04:00:00,62.2,168.1,20.6,0.492,24.6,78,1.5555555555555554,233,Poor
2025-05-05 05:00:00,53.3,152.7,16.1,0.521,24.1,79,1.3333333333333333,233,Poor
2025-05-05 06:00:00,56.5,171.8,18.3,0.561,23.9,74,2.0,220,Poor
2025-05-05 07:00:00,58.9,179.3,21.1,0.605,25.0,68,2.1666666666666665,206,Poor
2025-05-05 08:00:00,62.6,238.4,21.9,0.617,26.8,63,2.5833333333333335,197,Moderate
2025-05-05 09:00:00,66.4,291.5,18.6,0.57,28.8,55,2.861111111111111,192,Moderate
2025-05-05 10:00:00,69.8,337.1,13.3,0.492,30.8,48,2.611111111111111,189,Moderate
2025-05-05 11:00:00,69.6,359.5,9.0,0.43,32.3,42,2.305555555555556,186,Moderate
2025-05-05 12:00:00,68.7,366.0,6.8,0.402,34.0,35,1.972222222222222,182,Moderate
2025-05-05 13:00:00,68.0,352.0,5.6,0.39,34.8,33,0.888888888888889,177,Moderate
2025-05-05 14:00:00,67.8,341.8,5.4,0.388,34.8,32,1.2222222222222223,171,Moderate
2025-05-05 15:00:00,67.3,329.7,6.4,0.4,32.2,41,2.7222222222222223,166,Moderate
2025-05-05 16:00:00,65.9,312.0,8.3,0.422,32.8,39,2.944444444444444,168,Moderate
2025-05-05 17:00:00,91.5,545.8,12.4,0.442,31.8,42,2.944444444444444,182,Moderate
2025-05-05 18:00:00,82.2,420.0,13.8,0.449,27.8,64,1.8333333333333333,191,Moderate
2025-05-05 19:00:00,78.7,388.4,15.7,0.452,26.4,70,2.2222222222222223,191,Moderate
2025-05-05 20:00:00,72.4,328.8,17.8,0.469,25.3,76,1.75,185,Moderate
2025-05-05 21:00:00,65.7,238.0,19.9,0.516,24.8,78,1.8611111111111112,173,Moderate
2025-05-05 22:00:00,63.1,193.2,22.1,0.575,24.2,80,1.4444444444444444,163,Moderate
2025-05-05 23:00:00,61.7,165.3,23.9,0.615,23.8,82,1.4444444444444444,163,Moderate
2025-05-06 00:00:00,61.0,145.8,25.0,0.616,23.4,84,1.4444444444444444,162,Moderate
2025-05-06 01:00:00,63.3,132.2,25.6,0.598,23.0,86,1.0555555555555556,161,Moderate
2025-05-06 02:00:00,65.9,127.1,25.9,0.58,22.5,88,0.8333333333333333,159,Moderate
2025-05-06 03:00:00,68.0,129.0,25.9,0.562,22.3,89,0.9722222222222222,157,Moderate
2025-05-06 04:00:00,69.2,133.6,25.6,0.545,22.0,90,1.25,156,Moderate
2025-05-06 05:00:00,78.0,271.9,20.8,0.556,21.8,90,1.3888888888888888,156,Moderate
2025-05-06 06:00:00,76.8,242.1,22.4,0.634,23.1,87,1.5555555555555554,158,Moderate
2025-05-06 07:00:00,75.2,224.0,24.5,0.74,24.5,80,1.2777777777777777,159,Moderate
2025-05-06 08:00:00,73.1,224.4,24.9,0.782,26.3,72,1.4166666666666665,160,Moderate
2025-05-06 09:00:00,75.2,287.8,22.3,0.698,28.2,63,1.8611111111111112,160,Moderate
2025-05-06 10:00:00,75.4,316.6,18.1,0.55,29.9,55,1.8333333333333333,160,Moderate
2025-05-06 11:00:00,69.2,259.8,14.1,0.433,31.0,50,1.75,159,Moderate
2025-05-06 12:00:00,69.8,288.7,10.5,0.383,32.2,46,2.0277777777777777,158,Moderate
2025-05-06 13:00:00,68.5,307.3,7.2,0.364,32.7,44,2.0833333333333335,158,Moderate
2025-05-06 14:00:00,68.7,337.1,5.6,0.366,33.4,40,2.0,158,Moderate
2025-05-06 15:00:00,71.5,387.4,6.4,0.384,28.0,61,2.4722222222222223,158,Moderate
2025-05-06 16:00:00,76.6,432.1,8.8,0.422,30.0,54,1.8333333333333333,158,Moderate
2025-05-06 17:00:00,66.1,366.0,10.5,0.482,30.1,52,2.1944444444444446,159,Moderate
2025-05-06 18:00:00,66.8,326.9,15.9,0.589,28.3,62,1.5555555555555554,164,Moderate
2025-05-06 19:00:00,67.3,249.6,23.3,0.718,27.4,63,1.8888888888888888,166,Moderate
2025-05-06 20:00:00,61.9,204.4,28.5,0.798,26.5,67,1.5,159,Moderate
2025-05-06 21:00:00,64.0,263.6,29.5,0.788,26.0,67,2.0277777777777777,157,Moderate
2025-05-06 22:00:00,57.3,188.6,28.2,0.729,25.5,68,2.1944444444444446,157,Moderate
2025-05-06 23:00:00,55.3,163.9,26.3,0.67,24.9,71,1.777777777777778,157,Moderate
2025-05-07 00:00:00,55.2,152.3,23.7,0.619,24.5,73,1.6944444444444442,157,Moderate
2025-05-07 01:00:00,58.9,189.5,20.5,0.568,24.2,75,1.6666666666666665,157,Moderate
2025-05-07 02:00:00,61.7,210.5,18.2,0.537,24.0,77,1.5833333333333333,157,Moderate
2025-05-07 03:00:00,62.6,212.3,17.4,0.54,23.8,79,1.611111111111111,157,Moderate
2025-05-07 04:00:00,62.6,206.3,17.5,0.563,23.5,81,1.611111111111111,156,Moderate
2025-05-07 05:00:00,66.6,253.3,15.5,0.584,23.2,82,1.7222222222222223,156,Moderate
2025-05-07 06:00:00,62.9,204.0,17.0,0.607,24.5,83,1.8055555555555556,156,Moderate
2025-05-07 07:00:00,61.0,204.9,18.9,0.628,25.5,79,1.8055555555555556,156,Moderate
2025-05-07 08:00:00,62.2,229.6,18.9,0.618,27.1,71,1.972222222222222,155,Moderate
2025-05-07 09:00:00,66.1,274.7,15.3,0.55,28.8,63,2.1944444444444446,155,Moderate
2025-05-07 10:00:00,64.3,229.1,9.8,0.451,29.5,57,2.8055555555555554,155,Moderate
2025-05-07 11:00:00,68.2,316.6,5.7,0.376,30.2,53,2.4722222222222223,155,Moderate
2025-05-07 12:00:00,65.0,309.2,4.2,0.347,31.2,48,2.1666666666666665,155,Moderate
2025-05-07 13:00:00,60.8,298.0,4.1,0.341,31.6,47,2.3333333333333335,155,Moderate
2025-05-07 14:00:00,58.0,289.6,4.6,0.344,32.0,46,2.388888888888889,154,Moderate
2025-05-07 15:00:00,58.1,307.3,5.2,0.346,32.1,43,1.8333333333333333,163,Moderate
2025-05-07 16:00:00,57.5,310.1,6.4,0.358,32.0,42,2.8055555555555554,177,Moderate
2025-05-07 17:00:00,57.4,303.6,10.4,0.393,31.1,46,2.305555555555556,187,Moderate
2025-05-07 18:00:00,60.3,249.6,14.8,0.452,27.1,74,0.9166666666666666,191,Moderate
2025-05-07 19:00:00,61.0,204.9,21.2,0.535,26.8,79,0.5277777777777778,185,Moderate
2025-05-07 20:00:00,59.8,165.3,27.7,0.657,26.3,74,1.5555555555555554,171,Moderate
2025-05-07 21:00:00,62.9,149.9,34.7,0.86,25.5,77,1.0555555555555556,153,Moderate
2025-05-07 22:00:00,68.5,144.4,41.8,1.101,25.1,80,0.7777777777777777,153,Moderate
2025-05-07 23:00:00,71.0,135.5,46.3,1.266,25.0,81,0.41666666666666663,153,Moderate
2025-05-08 00:00:00,71.0,127.6,46.7,1.303,24.9,80,0.3333333333333333,154,Moderate
2025-05-08 01:00:00,71.2,122.0,44.6,1.265,24.5,82,0.4722222222222222,154,Moderate
2025-05-08 02:00:00,71.2,116.9,41.9,1.194,24.0,85,0.8611111111111112,154,Moderate
2025-05-08 03:00:00,69.6,109.4,38.9,1.086,23.8,85,1.027777777777778,154,Moderate
2025-05-08 04:00:00,68.0,101.5,35.4,0.947,23.5,85,1.1666666666666667,154,Moderate
2025-05-08 05:00:00,73.8,144.4,37.0,0.831,23.2,85,1.1666666666666667,155,Moderate
2025-05-08 06:00:00,74.5,146.7,33.6,0.773,24.5,80,2.7222222222222223,155,Moderate
2025-05-08 07:00:00,74.7,153.7,28.7,0.738,24.2,82,2.2777777777777777,155,Moderate
2025-05-08 08:00:00,70.3,179.7,23.3,0.686,26.0,76,2.0277777777777777,155,Moderate
2025-05-08 09:00:00,63.3,229.1,16.8,0.58,28.8,63,2.111111111111111,156,Moderate
2025-05-08 10:00:00,65.7,314.8,9.7,0.457,30.6,53,2.5,155,Moderate
2025-05-08 11:00:00,65.2,355.8,4.8,0.377,29.8,57,3.1111111111111107,155,Moderate
2025-05-08 12:00:00,61.7,366.0,3.6,0.38,30.3,55,2.6666666666666665,155,Moderate
2025-05-08 13:00:00,57.7,361.4,4.6,0.427,31.9,48,2.4444444444444446,155,Moderate
2025-05-08 14:00:00,55.9,355.8,6.0,0.466,31.5,50,1.8333333333333333,155,Moderate
2025-05-08 15:00:00,55.9,356.7,6.6,0.46,31.1,53,1.3055555555555556,155,Moderate
2025-05-08 16:00:00,57.3,361.4,7.6,0.446,29.6,60,0.8333333333333333,159,Moderate
2025-05-08 17:00:00,65.9,478.7,11.9,0.482,29.1,63,1.25,162,Moderate
2025-05-08 18:00:00,68.9,480.6,27.0,0.591,31.0,52,0.6388888888888888,160,Moderate
2025-05-08 19:00:00,79.9,434.9,47.7,0.751,29.5,57,1.4166666666666665,156,Moderate
2025-05-08 20:00:00,88.7,383.7,63.0,0.946,28.3,62,1.1388888888888888,156,Moderate
2025-05-08 21:00:00,88.5,323.2,67.8,1.228,27.4,70,0.75,157,Moderate
2025-05-08 22:00:00,88.9,286.8,67.2,1.546,26.8,72,0.75,157,Moderate
2025-05-08 23:00:00,89.6,277.5,64.9,1.736,26.2,71,1.25,158,Moderate
2025-05-09 00:00:00,85.9,246.8,61.4,1.701,25.9,70,2.3333333333333335,159,Moderate
2025-05-09 01:00:00,79.2,203.5,56.4,1.538,25.6,70,1.7222222222222223,162,Moderate
2025-05-09 02:00:00,74.3,177.0,52.3,1.367,25.2,72,1.2777777777777777,164,Moderate
2025-05-09 03:00:00,71.5,154.1,50.6,1.215,25.0,75,1.0555555555555556,165,Moderate
2025-05-09 04:00:00,70.3,141.6,49.9,1.057,24.7,79,0.7777777777777777,166,Moderate
2025-05-09 05:00:00,74.3,242.1,44.9,0.935,24.1,80,0.9722222222222222,167,Moderate
2025-05-09 06:00:00,68.0,180.7,41.0,0.892,25.9,73,1.6666666666666665,169,Moderate
2025-05-09 07:00:00,65.7,184.4,35.3,0.886,26.9,68,0.8055555555555555,169,Moderate
2025-05-09 08:00:00,63.3,201.6,29.2,0.838,29.1,59,0.7777777777777777,170,Moderate
2025-05-09 09:00:00,54.6,209.1,22.4,0.694,31.2,51,1.0833333333333333,170,Moderate
2025-05-09 10:00:00,47.7,161.6,15.1,0.508,32.6,46,1.5,170,Moderate
2025-05-09 11:00:00,41.7,126.2,9.7,0.364,33.7,41,1.7222222222222223,167,Moderate
2025-05-09 12:00:00,40.2,112.9,7.2,0.296,34.9,37,1.6944444444444442,162,Moderate
2025-05-09 13:00:00,46.6,123.4,6.4,0.27,36.1,33,2.055555555555556,157,Moderate
2025-05-09 14:00:00,50.2,180.2,6.4,0.274,36.5,30,2.4722222222222223,156,Moderate
2025-05-09 15:00:00,48.5,188.1,6.5,0.307,36.6,29,2.5,156,Moderate
2025-05-09 16:00:00,45.6,196.5,7.4,0.368,34.3,34,2.4166666666666665,156,Moderate
2025-05-09 17:00:00,67.1,514.1,11.6,0.446,32.8,40,0.7222222222222222,161,Moderate
2025-05-09 18:00:00,65.2,453.6,15.4,0.529,33.5,38,1.4444444444444444,166,Moderate
2025-05-09 19:00:00,68.9,401.4,20.8,0.627,31.6,48,1.1111111111111112,165,Moderate
2025-05-09 20:00:00,65.2,336.2,25.4,0.76,30.4,55,0.9166666666666666,158,Moderate
2025-05-09 21:00:00,64.5,305.5,28.6,0.967,29.5,68,0.5,155,Moderate
2025-05-09 22:00:00,65.2,271.9,31.1,1.208,29.3,68,0.05555555555555556,154,Moderate
2025-05-09 23:00:00,65.7,244.0,32.9,1.38,28.5,72,0.3611111111111111,154,Moderate
2025-05-10 00:00:00,65.4,230.0,33.5,1.428,27.7,71,0.9166666666666666,153,Moderate
2025-05-10 01:00:00,66.4,230.0,33.5,1.407,27.0,76,0.8333333333333333,153,Moderate
2025-05-10 02:00:00,66.8,221.2,34.4,1.382,26.6,73,0.8611111111111112,153,Moderate
2025-05-10 03:00:00,66.6,209.5,37.7,1.384,26.2,71,1.1388888888888888,153,Moderate
2025-05-10 04:00:00,67.5,206.3,41.8,1.382,25.7,72,1.0,152,Moderate
2025-05-10 05:00:00,51.1,161.6,20.2,1.35,25.1,75,0.8611111111111112,152,Moderate
2025-05-10 06:00:00,52.2,144.4,22.6,1.284,26.4,74,1.027777777777778,152,Moderate
2025-05-10 07:00:00,55.4,164.4,25.6,1.189,28.3,66,0.75,152,Moderate
2025-05-10 08:00:00,58.2,204.9,26.3,1.051,31.1,55,0.8055555555555555,151,Moderate
2025-05-10 09:00:00,59.3,243.1,22.4,0.822,33.3,43,0.9166666666666666,151,Moderate
2025-05-10 10:00:00,50.4,205.8,16.1,0.55,34.8,37,1.3333333333333333,151,Moderate
2025-05-10 11:00:00,47.0,194.6,11.1,0.368,35.8,35,1.5277777777777777,151,Moderate
2025-05-10 12:00:00,47.3,183.0,8.8,0.351,36.6,32,1.472222222222222,151,Moderate
2025-05-10 13:00:00,47.6,174.6,7.8,0.424,36.5,31,0.9166666666666666,152,Moderate
2025-05-10 14:00:00,49.9,176.0,7.6,0.498,29.9,56,4.777777777777778,152,Moderate
2025-05-10 15:00:00,52.6,188.6,7.8,0.528,32.2,46,1.4444444444444444,157,Moderate
2025-05-10 16:00:00,54.2,190.5,8.8,0.558,32.6,47,2.25,173,Moderate
2025-05-10 17:00:00,44.2,131.3,11.5,0.63,31.4,51,1.8888888888888888,184,Moderate
2025-05-10 18:00:00,42.6,108.7,13.6,0.764,30.9,53,1.472222222222222,192,Moderate
2025-05-10 19:00:00,44.2,91.5,16.6,0.94,29.5,63,1.1388888888888888,191,Moderate
2025-05-10 20:00:00,43.2,76.8,20.3,1.134,29.2,68,0.75,182,Moderate
2025-05-10 21:00:00,46.7,129.5,24.8,1.377,29.0,68,0.3055555555555556,168,Moderate
2025-05-10 22:00:00,49.0,114.6,30.1,1.638,28.2,72,0.22222222222222224,150,Moderate
2025-05-10 23:00:00,54.5,115.0,35.3,1.8,27.5,77,0.41666666666666663,146,Moderate
2025-05-11 00:00:00,60.8,122.0,40.7,1.778,27.0,80,0.5277777777777778,145,Moderate
2025-05-11 01:00:00,66.8,121.1,46.1,1.657,26.5,82,0.6388888888888888,144,Moderate
2025-05-11 02:00:00,70.8,108.0,50.2,1.569,26.3,81,0.9722222222222222,144,Moderate
2025-05-11 03:00:00,75.0,100.1,53.4,1.589,26.0,80,0.9166666666666666,145,Moderate
2025-05-11 04:00:00,79.2,99.0,55.4,1.642,25.8,80,1.0,146,Moderate
2025-05-11 05:00:00,84.3,134.1,57.0,1.635,25.3,82,0.7777777777777777,147,Moderate
2025-05-11 06:00:00,79.6,132.7,48.0,1.524,26.1,80,1.25,150,Moderate
2025-05-11 07:00:00,72.4,143.9,35.3,1.353,27.5,74,0.6666666666666666,151,Moderate
2025-05-11 08:00:00,63.6,143.4,24.3,1.158,29.8,61,0.9722222222222222,151,Moderate
2025-05-11 09:00:00,52.0,139.2,16.5,0.924,31.8,50,1.3888888888888888,151,Moderate
2025-05-11 10:00:00,50.8,167.2,10.4,0.666,33.5,43,1.472222222222222,151,Moderate
2025-05-11 11:00:00,49.0,177.0,6.0,0.47,35.0,37,1.6666666666666665,151,Moderate
2025-05-11 12:00:00,45.3,160.7,3.8,0.378,36.2,32,1.8055555555555556,151,Moderate
2025-05-11 13:00:00,42.8,165.3,3.4,0.347,37.2,29,1.972222222222222,151,Moderate
2025-05-11 14:00:00,43.4,191.4,3.8,0.335,37.9,26,2.305555555555556,151,Moderate
2025-05-11 15:00:00,48.4,249.6,4.7,0.323,38.1,23,2.638888888888889,152,Moderate
2025-05-11 16:00:00,57.3,334.3,6.3,0.33,38.2,22,2.4444444444444446,167,Moderate
2025-05-11 17:00:00,96.2,600.0,9.4,0.368,37.8,22,2.5,174,Moderate
2025-05-11 18:00:00,100.6,600.0,16.8,0.429,35.4,41,0.6944444444444444,176,Moderate
2025-05-11 19:00:00,110.8,600.0,27.0,0.522,33.8,43,0.2777777777777778,170,Moderate
2025-05-11 20:00:00,122.0,600.0,35.0,0.68,33.1,33,3.3611111111111107,157,Moderate
2025-05-11 21:00:00,129.0,600.0,38.6,0.964,32.2,32,3.083333333333333,156,Moderate
2025-05-11 22:00:00,132.2,600.0,40.0,1.314,31.0,37,1.972222222222222,158,Moderate
2025-05-11 23:00:00,130.9,600.0,40.6,1.585,30.4,38,2.111111111111111,170,Moderate
2025-05-12 00:00:00,126.2,600.0,40.1,1.731,29.7,39,2.25,182,Moderate
2025-05-12 01:00:00,126.7,600.0,38.9,1.798,28.4,45,1.5,194,Moderate
2025-05-12 02:00:00,127.6,600.0,39.5,1.773,27.6,54,0.9166666666666666,216,Poor
2025-05-12 03:00:00,127.6,600.0,44.7,1.611,27.3,54,0.41666666666666663,250,Poor
2025-05-12 04:00:00,129.5,600.0,51.7,1.358,26.2,58,1.0,284,Poor
2025-05-12 05:00:00,128.1,545.8,33.8,1.142,25.8,56,1.3333333333333333,314,Very Poor
2025-05-12 06:00:00,126.2,475.0,32.4,1.023,26.6,57,1.2777777777777777,336,Very Poor
2025-05-12 07:00:00,122.5,453.6,30.2,0.94,28.0,52,1.472222222222222,353,Very Poor
2025-05-12 08:00:00,110.4,431.2,26.5,0.842,30.5,43,1.3888888888888888,370,Very Poor
2025-05-12 09:00:00,89.9,340.9,19.8,0.694,32.9,35,1.8333333333333333,385,Very Poor
2025-05-12 10:00:00,74.0,309.2,11.7,0.531,35.0,28,2.305555555555556,395,Very Poor
2025-05-12 11:00:00,67.8,328.8,5.6,0.405,36.9,24,2.7777777777777777,402,Severe
2025-05-12 12:00:00,58.2,316.6,3.1,0.342,38.2,22,2.972222222222222,408,Severe
2025-05-12 13:00:00,51.5,318.5,2.7,0.317,39.1,20,2.9166666666666665,415,Severe
2025-05-12 14:00:00,49.9,347.4,3.4,0.308,39.5,18,3.2777777777777777,421,Severe
2025-05-12 15:00:00,51.1,381.8,3.7,0.305,39.5,18,3.555555555555556,428,Severe
2025-05-12 16:00:00,53.6,410.7,5.0,0.319,39.2,18,3.4722222222222223,433,Severe
2025-05-12 17:00:00,60.3,512.2,8.7,0.36,38.5,18,3.1111111111111107,436,Severe
2025-05-12 18:00:00,67.1,519.7,19.8,0.448,36.7,20,1.75,429,Severe
2025-05-12 19:00:00,78.0,497.3,35.3,0.563,34.7,35,0.6111111111111112,422,Severe
2025-05-12 20:00:00,87.8,480.6,47.7,0.659,33.7,37,0.25,415,Severe
2025-05-12 21:00:00,95.9,493.6,53.4,0.715,31.8,39,1.0,405,Severe
2025-05-12 22:00:00,99.9,482.4,55.9,0.752,30.8,45,1.1944444444444444,393,Very Poor
2025-05-12 23:00:00,100.4,457.3,58.7,0.789,30.5,41,2.0833333333333335,379,Very Poor
2025-05-13 00:00:00,101.3,448.9,63.3,0.846,29.9,40,1.5,365,Very Poor
2025-05-13 01:00:00,104.3,458.2,68.1,0.904,29.5,39,1.5,353,Very Poor
2025-05-13 02:00:00,108.3,461.0,71.6,0.923,29.0,39,1.5277777777777777,341,Very Poor
2025-05-13 03:00:00,110.4,443.3,74.0,0.874,29.2,35,1.972222222222222,330,Very Poor
2025-05-13 04:00:00,108.0,407.0,75.1,0.786,29.0,35,2.694444444444444,319,Very Poor
2025-05-13 05:00:00,90.6,596.0,13.2,0.713,28.6,35,2.4166666666666665,306,Very Poor
2025-05-13 06:00:00,88.2,506.6,14.3,0.685,30.2,38,2.2777777777777777,309,Very Poor
2025-05-13 07:00:00,84.5,439.6,15.6,0.671,31.2,36,2.1666666666666665,311,Very Poor
2025-05-13 08:00:00,80.6,463.8,15.4,0.629,32.8,32,2.2222222222222223,310,Very Poor
2025-05-13 09:00:00,71.9,426.5,12.4,0.525,34.8,28,2.5833333333333335,312,Very Poor
2025-05-13 10:00:00,66.1,407.9,7.9,0.393,37.0,24,3.2777777777777777,316,Very Poor
2025-05-13 11:00:00,65.7,455.4,4.5,0.294,38.8,19,3.7777777777777777,321,Very Poor
2025-05-13 12:00:00,68.2,510.4,3.1,0.255,40.1,17,3.611111111111111,328,Very Poor
2025-05-13 13:00:00,68.7,536.4,2.8,0.247,41.0,15,3.4444444444444446,338,Very Poor
2025-05-13 14:00:00,68.7,555.1,3.5,0.249,41.2,14,3.861111111111111,349,Very Poor
2025-05-13 15:00:00,68.2,566.2,4.9,0.253,40.7,14,3.888888888888889,360,Very Poor
2025-05-13 16:00:00,69.4,571.8,7.3,0.266,40.7,14,3.861111111111111,370,Very Poor
2025-05-13 17:00:00,73.8,547.6,10.5,0.285,39.5,16,4.611111111111112,378,Very Poor
2025-05-13 18:00:00,77.8,508.5,23.2,0.297,38.0,18,2.5277777777777777,380,Very Poor
2025-05-13 19:00:00,84.1,417.2,41.0,0.316,36.3,20,2.5555555555555554,379,Very Poor
2025-05-13 20:00:00,91.5,372.5,56.7,0.381,34.8,23,1.472222222222222,375,Very Poor
2025-05-13 21:00:00,101.5,385.6,68.4,0.552,33.5,28,1.1944444444444444,369,Very Poor
2025-05-13 22:00:00,115.5,432.1,78.0,0.77,32.7,29,1.4444444444444444,364,Very Poor
2025-05-13 23:00:00,122.5,458.2,83.7,0.897,32.7,25,1.6388888888888888,361,Very Poor
2025-05-14 00:00:00,120.6,448.9,84.2,0.847,31.8,29,1.472222222222222,361,Very Poor
2025-05-14 01:00:00,118.3,449.8,80.8,0.706,31.2,28,1.6388888888888888,361,Very Poor
2025-05-14 02:00:00,110.1,428.4,76.0,0.597,30.8,28,1.6666666666666665,361,Very Poor
2025-05-14 03:00:00,102.4,401.4,70.3,0.564,29.1,32,1.3888888888888888,359,Very Poor
2025-05-14 04:00:00,97.1,389.3,63.3,0.563,29.1,30,2.1944444444444446,357,Very Poor
2025-05-14 05:00:00,115.9,600.0,12.7,0.59,28.6,30,2.861111111111111,356,Very Poor
2025-05-14 06:00:00,113.2,600.0,14.9,0.678,28.3,39,2.0,364,Very Poor
2025-05-14 07:00:00,110.6,575.6,17.7,0.794,30.0,35,1.8333333333333333,372,Very Poor
2025-05-14 08:00:00,107.6,579.3,18.4,0.83,32.5,30,1.75,379,Very Poor
2025-05-14 09:00:00,96.6,484.3,15.1,0.708,35.4,25,1.9166666666666667,385,Very Poor
2025-05-14 10:00:00,79.2,368.8,9.8,0.506,37.5,21,2.5277777777777777,388,Very Poor
2025-05-14 11:00:00,61.5,292.4,5.7,0.352,39.1,18,2.8055555555555554,386,Very Poor
2025-05-14 12:00:00,54.0,278.5,3.8,0.303,40.3,15,3.083333333333333,377,Very Poor
2025-05-14 13:00:00,51.2,292.4,3.2,0.302,41.0,13,3.333333333333333,365,Very Poor
2025-05-14 14:00:00,49.6,311.1,3.5,0.311,41.2,13,3.5277777777777777,353,Very Poor
2025-05-14 15:00:00,49.9,336.2,4.2,0.306,41.1,12,3.6944444444444446,340,Very Poor
2025-05-14 16:00:00,51.9,362.3,5.9,0.312,40.9,12,3.861111111111111,328,Very Poor
2025-05-14 17:00:00,60.3,476.8,10.4,0.362,40.0,12,4.0,317,Very Poor
2025-05-14 18:00:00,66.1,456.3,24.6,0.472,39.5,13,3.0277777777777777,313,Very Poor
2025-05-14 19:00:00,76.4,400.5,44.4,0.626,38.8,14,3.1111111111111107,311,Very Poor
2025-05-14 20:00:00,88.9,412.6,60.7,0.811,36.3,19,1.3888888888888888,310,Very Poor
2025-05-14 21:00:00,99.4,433.1,69.6,1.065,34.5,24,1.6388888888888888,312,Very Poor
2025-05-14 22:00:00,106.4,448.0,75.1,1.35,33.0,37,0.3333333333333333,314,Very Poor
2025-05-14 23:00:00,107.8,444.2,80.1,1.544,32.4,39,0.3611111111111111,315,Very Poor
2025-05-15 00:00:00,109.0,437.7,85.7,1.584,32.2,38,0.41666666666666663,314,Very Poor
2025-05-15 01:00:00,113.4,447.0,90.9,1.532,31.7,37,0.6388888888888888,314,Very Poor
2025-05-15 02:00:00,118.3,451.7,95.6,1.449,30.9,40,0.6388888888888888,314,Very Poor
2025-05-15 03:00:00,122.0,448.9,101.4,1.32,30.6,43,0.11111111111111112,315,Very Poor
2025-05-15 04:00:00,124.8,446.1,106.8,1.159,29.8,43,0.19444444444444442,317,Very Poor
2025-05-15 05:00:00,91.5,415.4,25.5,1.071,29.1,44,0.5833333333333334,320,Very Poor
2025-05-15 06:00:00,89.4,362.3,25.2,1.159,30.2,35,1.75,303,Very Poor
2025-05-15 07:00:00,86.8,317.6,24.5,1.32,31.8,33,1.777777777777778,286,Poor
2025-05-15 08:00:00,83.6,323.2,22.3,1.344,34.0,29,1.611111111111111,270,Poor
2025-05-15 09:00:00,74.3,284.1,17.1,1.085,36.7,23,1.6944444444444442,255,Poor
2025-05-15 10:00:00,60.3,233.8,10.4,0.688,38.7,19,2.305555555555556,243,Poor
2025-05-15 11:00:00,49.9,222.6,5.3,0.383,40.0,17,2.5833333333333335,235,Poor
2025-05-15 12:00:00,44.4,236.1,3.2,0.269,41.0,15,2.7777777777777777,231,Poor
2025-05-15 13:00:00,43.2,271.9,2.7,0.247,41.6,13,3.0555555555555554,229,Poor
2025-05-15 14:00:00,45.6,321.3,3.4,0.245,41.8,13,3.4722222222222223,227,Poor
2025-05-15 15:00:00,49.4,376.3,3.5,0.245,41.7,13,3.611111111111111,228,Poor
2025-05-15 16:00:00,53.7,422.8,4.8,0.266,41.3,13,3.3055555555555554,230,Poor
2025-05-15 17:00:00,62.9,482.4,10.8,0.293,40.8,13,2.833333333333333,234,Poor
2025-05-15 18:00:00,73.1,536.4,22.5,0.3,40.1,14,2.0,234,Poor
2025-05-15 19:00:00,85.2,529.0,39.3,0.314,37.9,17,1.3888888888888888,239,Poor
2025-05-15 20:00:00,98.3,549.5,56.1,0.397,36.8,19,1.611111111111111,247,Poor
2025-05-15 21:00:00,113.4,600.0,72.9,0.643,35.8,20,1.5277777777777777,255,Poor
2025-05-15 22:00:00,128.1,600.0,89.6,0.959,34.2,25,1.3055555555555556,265,Poor
2025-05-15 23:00:00,140.2,600.0,101.5,1.132,33.6,26,1.3333333333333333,278,Poor
2025-05-16 00:00:00,145.8,600.0,107.0,1.023,32.8,25,1.3888888888888888,293,Poor
2025-05-16 01:00:00,141.1,600.0,107.6,0.771,32.0,27,1.4444444444444444,308,Very Poor
2025-05-16 02:00:00,122.0,536.4,102.9,0.574,31.0,32,1.1388888888888888,320,Very Poor
2025-05-16 03:00:00,98.7,418.2,90.5,0.496,30.4,35,0.75,324,Very Poor
2025-05-16 04:00:00,82.4,350.2,72.8,0.473,29.5,31,1.3888888888888888,322,Very Poor
2025-05-16 05:00:00,101.5,428.4,45.3,0.512,28.8,33,1.25,317,Very Poor
2025-05-16 06:00:00,95.5,384.6,42.9,0.678,30.6,37,0.9444444444444444,318,Very Poor
2025-05-16 07:00:00,94.1,355.8,39.2,0.905,33.2,28,1.1944444444444444,319,Very Poor
2025-05-16 08:00:00,90.6,342.7,33.8,1.001,36.2,22,1.4166666666666665,321,Very Poor
2025-05-16 09:00:00,76.1,313.9,25.1,0.833,37.8,19,2.0277777777777777,322,Very Poor
2025-05-16 10:00:00,63.6,313.9,14.7,0.533,39.2,18,3.0555555555555554,324,Very Poor
2025-05-16 11:00:00,58.7,348.3,6.9,0.305,40.7,16,3.611111111111111,328,Very Poor
2025-05-16 12:00:00,55.3,380.9,3.5,0.23,41.8,14,4.5,335,Very Poor
2025-05-16 13:00:00,55.5,434.0,2.7,0.228,42.4,13,4.111111111111112,342,Very Poor
2025-05-16 14:00:00,64.5,523.4,3.4,0.254,42.3,14,4.25,351,Very Poor
2025-05-16 15:00:00,66.1,517.8,4.9,0.296,42.2,14,4.5,361,Very Poor
2025-05-16 16:00:00,65.7,499.2,7.9,0.367,39.8,18,3.5277777777777777,368,Very Poor
2025-05-16 17:00:00,60.5,329.7,11.5,0.467,38.5,20,3.5833333333333335,372,Very Poor
2025-05-16 18:00:00,58.2,274.7,15.4,0.614,35.6,34,4.0,364,Very Poor
2025-05-16 19:00:00,61.9,257.0,20.9,0.79,34.5,38,2.1666666666666665,351,Very Poor
2025-05-16 20:00:00,60.8,236.1,25.9,0.946,33.7,38,1.5833333333333333,337,Very Poor
2025-05-16 21:00:00,59.8,215.6,30.4,1.09,32.9,39,1.611111111111111,320,Very Poor
2025-05-16 22:00:00,60.5,188.1,34.4,1.213,32.2,40,1.9166666666666667,300,Poor
2025-05-16 23:00:00,60.8,161.1,36.4,1.236,31.6,41,1.3888888888888888,272,Poor
2025-05-17 00:00:00,64.7,175.6,35.2,1.081,31.1,44,1.25,240,Poor
2025-05-17 01:00:00,76.1,285.9,31.9,0.826,30.0,50,1.027777777777778,208,Poor
2025-05-17 02:00:00,86.8,356.7,28.7,0.631,29.4,56,0.8611111111111112,195,Moderate
2025-05-17 03:00:00,90.8,382.8,26.0,0.564,29.0,53,1.0,191,Moderate
2025-05-17 04:00:00,94.3,413.5,23.3,0.558,28.6,51,1.1944444444444444,190,Moderate
2025-05-17 05:00:00,61.0,393.0,16.4,0.568,28.1,53,1.0,192,Moderate
2025-05-17 06:00:00,63.6,349.2,18.4,0.597,31.8,32,1.7222222222222223,191,Moderate
2025-05-17 07:00:00,58.6,220.7,20.9,0.643,32.7,32,0.4722222222222222,190,Moderate
2025-05-17 08:00:00,64.5,299.9,21.5,0.65,34.1,29,2.361111111111111,187,Moderate
2025-05-17 09:00:00,63.3,314.8,18.4,0.583,36.2,26,0.7777777777777777,186,Moderate
2025-05-17 10:00:00,72.6,390.2,13.3,0.478,38.3,23,1.3333333333333333,186,Moderate
2025-05-17 11:00:00,79.6,443.3,9.1,0.389,40.5,20,2.4444444444444446,188,Moderate
2025-05-17 12:00:00,87.8,568.1,6.3,0.332,41.5,19,3.7222222222222223,190,Moderate
2025-05-17 13:00:00,89.4,600.0,4.3,0.292,41.1,18,4.388888888888889,194,Moderate
2025-05-17 14:00:00,97.6,600.0,3.9,0.268,42.8,15,3.888888888888889,198,Moderate
2025-05-17 15:00:00,107.1,600.0,5.0,0.254,42.0,15,5.361111111111112,209,Poor
2025-05-17 16:00:00,109.9,600.0,7.8,0.258,41.8,15,5.027777777777778,231,Poor
2025-05-17 17:00:00,63.8,439.6,12.5,0.304,41.7,15,4.805555555555555,256,Poor
2025-05-17 18:00:00,61.0,366.9,21.7,0.425,37.7,25,2.833333333333333,263,Poor
2025-05-17 19:00:00,64.3,281.3,34.0,0.589,36.3,26,3.083333333333333,268,Poor
2025-05-17 20:00:00,68.0,268.2,41.2,0.723,34.6,31,0.888888888888889,270,Poor
2025-05-17 21:00:00,71.2,300.8,38.3,0.812,33.8,32,1.472222222222222,272,Poor
2025-05-17 22:00:00,71.9,315.7,30.2,0.87,32.9,34,1.75,277,Poor
2025-05-17 23:00:00,72.9,336.2,23.7,0.875,31.9,37,1.6944444444444442,284,Poor
2025-05-18 00:00:00,77.3,373.5,21.2,0.78,31.2,38,2.0,295,Poor
2025-05-18 01:00:00,81.5,393.0,20.3,0.63,30.5,39,2.111111111111111,306,Very Poor
2025-05-18 02:00:00,82.9,380.0,20.4,0.538,29.8,41,2.055555555555556,311,Very Poor
2025-05-18 03:00:00,82.4,350.2,22.1,0.557,29.2,40,1.5,313,Very Poor
2025-05-18 04:00:00,81.3,311.1,24.9,0.634,29.0,44,1.0833333333333333,311,Very Poor
2025-05-18 05:00:00,77.1,300.8,40.7,0.714,28.4,40,1.5277777777777777,306,Very Poor
2025-05-18 06:00:00,70.1,212.8,36.9,0.811,29.3,44,1.2777777777777777,301,Very Poor
2025-05-18 07:00:00,68.7,205.4,31.3,0.913,30.2,46,1.2222222222222223,293,Poor
2025-05-18 08:00:00,72.2,267.3,25.5,0.927,33.0,38,0.75,292,Poor
2025-05-18 09:00:00,77.3,326.0,19.1,0.777,35.7,30,0.5555555555555556,290,Poor
2025-05-18 10:00:00,77.8,343.7,12.5,0.54,38.0,25,1.8333333333333333,291,Poor
2025-05-18 11:00:00,74.0,333.4,7.5,0.358,39.6,23,2.8055555555555554,288,Poor
2025-05-18 12:00:00,66.8,305.5,5.1,0.288,40.7,22,3.0555555555555554,281,Poor
2025-05-18 13:00:00,61.9,298.0,4.4,0.273,41.2,22,3.0,266,Poor
2025-05-18 14:00:00,59.8,317.6,4.7,0.289,41.8,20,2.833333333333333,246,Poor
2025-05-18 15:00:00,61.9,368.8,5.5,0.343,41.8,18,3.0277777777777777,219,Poor
2025-05-18 16:00:00,63.3,401.4,7.3,0.427,41.0,19,2.6666666666666665,196,Moderate
2025-05-18 17:00:00,68.2,412.6,10.9,0.497,38.2,35,3.0555555555555554,195,Moderate
2025-05-18 18:00:00,62.4,320.4,14.5,0.532,36.5,37,3.1111111111111107,199,Moderate
2025-05-18 19:00:00,71.5,318.5,19.3,0.553,35.0,42,2.7222222222222223,195,Moderate
2025-05-18 20:00:00,84.8,381.8,22.5,0.573,33.6,49,2.5555555555555554,184,Moderate
2025-05-18 21:00:00,91.0,396.7,22.6,0.606,32.8,51,2.2222222222222223,187,Moderate
2025-05-18 22:00:00,93.6,384.6,21.1,0.639,32.2,53,2.2222222222222223,189,Moderate
2025-05-18 23:00:00,95.5,381.8,19.4,0.648,31.5,54,2.2777777777777777,190,Moderate
2025-05-19 00:00:00,97.6,399.5,17.8,0.61,31.0,54,2.5833333333333335,191,Moderate
2025-05-19 01:00:00,100.6,426.5,16.1,0.548,30.3,57,2.5277777777777777,191,Moderate
2025-05-19 02:00:00,104.1,461.0,14.9,0.506,29.6,60,2.305555555555556,192,Moderate
2025-05-19 03:00:00,107.6,488.0,14.5,0.502,29.0,63,2.1666666666666665,194,Moderate
2025-05-19 04:00:00,109.4,532.7,14.5,0.517,28.3,67,2.111111111111111,197,Moderate
2025-05-19 05:00:00,92.7,305.5,19.4,0.541,27.8,70,2.1944444444444446,204,Poor
2025-05-19 06:00:00,93.4,355.8,19.9,0.581,28.8,67,2.5555555555555554,204,Poor
2025-05-19 07:00:00,95.2,399.5,20.3,0.63,29.8,64,2.7222222222222223,213,Poor
2025-05-19 08:00:00,97.8,444.2,19.5,0.653,31.3,59,2.75,224,Poor
2025-05-19 09:00:00,100.8,484.3,16.2,0.631,33.5,51,2.2777777777777777,235,Poor
2025-05-19 10:00:00,104.5,516.0,11.6,0.584,35.5,45,1.5,244,Poor
2025-05-19 11:00:00,105.5,521.5,8.1,0.538,37.4,39,1.3888888888888888,254,Poor
2025-05-19 12:00:00,104.8,514.1,6.6,0.499,38.8,35,1.5833333333333333,266,Poor
2025-05-19 13:00:00,101.0,491.7,6.1,0.462,39.7,33,0.9444444444444444,278,Poor
2025-05-19 14:00:00,96.6,467.5,6.3,0.435,40.5,29,1.9444444444444444,290,Poor
2025-05-19 15:00:00,87.3,412.6,7.1,0.42,40.3,26,2.2777777777777777,298,Poor
2025-05-19 16:00:00,76.8,349.2,8.5,0.416,40.2,27,2.4722222222222223,301,Very Poor
2025-05-19 17:00:00,55.2,223.1,10.0,0.424,37.5,39,3.3055555555555554,298,Poor
2025-05-19 18:00:00,56.8,193.2,14.4,0.445,36.3,42,2.944444444444444,287,Poor
2025-05-19 19:00:00,67.5,235.6,20.4,0.479,34.8,47,3.2777777777777777,279,Poor
2025-05-19 20:00:00,80.6,316.6,25.1,0.529,33.8,50,2.2222222222222223,274,Poor
2025-05-19 21:00:00,85.7,321.3,27.2,0.615,33.2,53,2.138888888888889,270,Poor
2025-05-19 22:00:00,90.8,334.3,28.0,0.719,32.5,55,1.4444444444444444,266,Poor
2025-05-19 23:00:00,100.8,408.9,27.7,0.785,31.7,57,2.1666666666666665,263,Poor
2025-05-20 00:00:00,107.6,421.9,26.0,0.784,31.2,59,1.8888888888888888,264,Poor
2025-05-20 01:00:00,112.9,480.6,23.3,0.747,30.7,61,1.3333333333333333,266,Poor
2025-05-20 02:00:00,112.2,475.9,20.9,0.708,30.0,63,1.9166666666666667,269,Poor
2025-05-20 03:00:00,109.0,470.3,19.2,0.674,29.1,67,1.8888888888888888,270,Poor
2025-05-20 04:00:00,108.3,478.7,17.8,0.64,28.2,71,2.388888888888889,269,Poor
2025-05-20 05:00:00,126.7,600.0,15.0,0.622,27.6,73,2.361111111111111,266,Poor
2025-05-20 06:00:00,125.7,600.0,16.1,0.638,29.2,68,2.694444444444444,284,Poor
2025-05-20 07:00:00,125.3,600.0,17.4,0.671,30.1,63,2.5,299,Poor
2025-05-20 08:00:00,123.4,600.0,17.4,0.687,31.9,57,2.1666666666666665,311,Very Poor
2025-05-20 09:00:00,120.6,597.9,14.9,0.673,34.0,50,2.2222222222222223,320,Very Poor
2025-05-20 10:00:00,118.3,588.6,11.0,0.642,36.0,43,1.611111111111111,326,Very Poor
2025-05-20 11:00:00,119.7,579.3,7.9,0.595,38.0,37,0.75,329,Very Poor
2025-05-20 12:00:00,117.8,553.2,6.1,0.512,40.2,30,0.11111111111111112,332,Very Poor
2025-05-20 13:00:00,104.3,488.0,5.0,0.413,42.0,22,1.6666666666666665,334,Very Poor
2025-05-20 14:00:00,93.6,462.9,4.8,0.36,42.4,21,2.9166666666666665,334,Very Poor
2025-05-20 15:00:00,90.3,486.2,5.7,0.389,41.8,21,3.5277777777777777,334,Very Poor
2025-05-20 16:00:00,90.1,506.6,7.4,0.463,37.5,31,4.5,338,Very Poor
2025-05-20 17:00:00,81.5,446.1,10.4,0.534,38.9,24,3.3611111111111107,346,Very Poor
2025-05-20 18:00:00,81.0,389.3,13.7,0.585,37.0,44,3.2499999999999996,358,Very Poor
2025-05-20 19:00:00,89.6,362.3,18.4,0.634,35.0,50,2.5555555555555554,368,Very Poor
2025-05-20 20:00:00,96.4,370.7,22.1,0.677,34.1,53,1.9166666666666667,374,Very Poor
2025-05-20 21:00:00,99.0,349.2,24.3,0.726,33.5,55,1.8055555555555556,377,Very Poor
2025-05-20 22:00:00,105.9,380.0,25.6,0.769,32.9,57,1.972222222222222,379,Very Poor
2025-05-20 23:00:00,117.8,469.4,25.8,0.779,32.4,57,2.388888888888889,381,Very Poor
2025-05-21 00:00:00,129.5,556.9,24.1,0.721,32.3,55,2.7777777777777777,384,Very Poor
2025-05-21 01:00:00,136.0,583.0,21.2,0.629,32.0,55,2.611111111111111,391,Very Poor
2025-05-21 02:00:00,136.9,568.1,18.9,0.571,31.3,57,1.6944444444444442,397,Very Poor
2025-05-21 03:00:00,132.7,600.0,17.9,0.586,30.5,60,1.8055555555555556,401,Severe
2025-05-21 04:00:00,125.7,560.7,17.5,0.635,29.7,63,1.8888888888888888,407,Severe
2025-05-21 05:00:00,118.7,577.4,14.8,0.669,28.9,67,1.8888888888888888,410,Severe
2025-05-21 06:00:00,116.6,534.6,16.0,0.669,31.1,64,2.5,409,Severe
2025-05-21 07:00:00,116.4,540.2,17.4,0.655,30.2,63,2.861111111111111,405,Severe
2025-05-21 08:00:00,105.9,497.3,17.4,0.633,31.6,53,2.972222222222222,402,Severe
2025-05-21 09:00:00,97.6,510.4,14.5,0.603,34.2,45,2.5833333333333335,397,Very Poor
2025-05-21 10:00:00,103.6,583.0,10.2,0.565,36.5,38,1.8333333333333333,392,Very Poor
2025-05-21 11:00:00,115.7,600.0,7.0,0.535,38.3,34,1.6666666666666665,392,Very Poor
2025-05-21 12:00:00,124.3,600.0,5.8,0.514,40.0,30,1.611111111111111,397,Very Poor
2025-05-21 13:00:00,124.3,600.0,5.7,0.501,41.1,26,1.777777777777778,406,Severe
2025-05-21 14:00:00,125.3,600.0,6.4,0.501,41.8,24,1.5833333333333333,417,Severe
2025-05-21 15:00:00,126.7,600.0,7.9,0.524,41.5,22,2.888888888888889,429,Severe
2025-05-21 16:00:00,124.8,600.0,10.1,0.56,39.2,28,5.472222222222222,441,Severe
2025-05-21 17:00:00,117.3,600.0,14.7,0.587,37.0,34,3.416666666666667,451,Severe
2025-05-21 18:00:00,111.1,600.0,15.2,0.592,35.0,48,3.3055555555555554,462,Severe
2025-05-21 19:00:00,98.0,516.0,15.9,0.587,34.0,50,3.9722222222222223,472,Severe
2025-05-21 20:00:00,92.2,482.4,16.6,0.587,32.9,55,3.416666666666667,478,Severe
2025-05-21 21:00:00,88.2,452.6,17.4,0.606,32.5,57,2.9166666666666665,483,Severe
2025-05-21 22:00:00,86.6,439.6,18.1,0.63,31.9,59,3.083333333333333,487,Severe
2025-05-21 23:00:00,94.3,504.8,18.4,0.632,31.2,61,3.1111111111111107,490,Severe
2025-05-22 00:00:00,105.2,584.9,17.9,0.591,30.8,62,2.75,491,Severe
2025-05-22 01:00:00,114.1,600.0,16.9,0.529,30.3,63,2.5277777777777777,492,Severe
2025-05-22 02:00:00,117.6,600.0,16.2,0.484,29.9,65,2.5833333333333335,494,Severe
2025-05-22 03:00:00,116.9,600.0,16.3,0.473,29.4,66,2.4444444444444446,497,Severe
2025-05-22 04:00:00,111.1,566.2,16.8,0.48,28.6,69,2.5277777777777777,497,Severe
2025-05-22 05:00:00,222.1,600.0,19.1,0.496,28.0,72,3.0,497,Severe
2025-05-22 06:00:00,210.9,600.0,19.0,0.528,24.5,81,2.0833333333333335,520,Severe
2025-05-22 07:00:00,187.2,600.0,18.8,0.57,25.9,74,2.5833333333333335,538,Severe
2025-05-22 08:00:00,157.4,600.0,17.5,0.589,27.8,67,3.194444444444444,552,Severe
2025-05-22 09:00:00,144.4,600.0,14.2,0.564,29.8,61,3.7777777777777777,565,Severe
2025-05-22 10:00:00,137.4,600.0,9.8,0.518,31.9,55,3.888888888888889,576,Severe
2025-05-22 11:00:00,134.1,600.0,6.6,0.483,33.5,49,3.888888888888889,585,Severe
2025-05-22 12:00:00,133.6,600.0,5.3,0.471,34.7,45,3.5833333333333335,590,Severe
2025-05-22 13:00:00,133.2,600.0,5.2,0.471,35.8,41,3.0,593,Severe
2025-05-22 14:00:00,135.5,600.0,5.9,0.485,36.6,38,2.4722222222222223,598,Severe
2025-05-22 15:00:00,139.7,600.0,7.5,0.525,36.9,37,2.388888888888889,604,Severe
2025-05-22 16:00:00,143.4,600.0,10.0,0.579,36.6,37,2.5277777777777777,611,Severe
2025-05-22 17:00:00,96.9,600.0,12.6,0.609,36.0,39,2.861111111111111,621,Severe
2025-05-22 18:00:00,93.6,573.7,15.7,0.59,32.7,49,3.0277777777777777,617,Severe
2025-05-22 19:00:00,92.4,536.4,20.0,0.547,31.5,53,2.9166666666666665,615,Severe
2025-05-22 20:00:00,94.1,534.6,23.0,0.525,30.5,57,2.944444444444444,616,Severe
2025-05-22 21:00:00,97.1,523.4,23.6,0.555,30.0,58,3.0277777777777777,618,Severe
2025-05-22 22:00:00,98.0,514.1,22.9,0.605,29.4,60,2.833333333333333,621,Severe
2025-05-22 23:00:00,103.8,553.2,21.7,0.626,28.8,62,2.5277777777777777,624,Severe
2025-05-23 00:00:00,115.3,600.0,19.7,0.586,28.2,64,2.75,626,Severe
2025-05-23 01:00:00,127.1,600.0,17.2,0.516,27.9,65,2.944444444444444,629,Severe
2025-05-23 02:00:00,127.1,600.0,15.6,0.463,27.4,67,2.861111111111111,632,Severe
2025-05-23 03:00:00,117.6,600.0,15.7,0.442,27.0,69,2.8055555555555554,635,Severe
2025-05-23 04:00:00,102.2,525.3,16.8,0.438,26.6,72,2.7777777777777777,635,Severe
2025-05-23 05:00:00,98.0,538.3,14.9,0.446,26.3,75,2.9166666666666665,633,Severe
2025-05-23 06:00:00,89.6,508.5,15.3,0.477,27.2,73,2.5277777777777777,609,Severe
2025-05-23 07:00:00,86.6,504.8,15.7,0.52,28.3,71,2.833333333333333,590,Severe
2025-05-23 08:00:00,85.7,506.6,15.1,0.539,30.0,65,3.2499999999999996,575,Severe
2025-05-23 09:00:00,87.5,534.6,12.4,0.508,32.0,55,3.6944444444444446,562,Severe
2025-05-23 10:00:00,92.4,588.6,8.5,0.452,33.8,48,3.5833333333333335,552,Severe
2025-05-23 11:00:00,97.1,600.0,5.7,0.41,35.2,43,3.4722222222222223,543,Severe
2025-05-23 12:00:00,104.1,600.0,4.6,0.397,36.5,39,3.2499999999999996,536,Severe
2025-05-23 13:00:00,108.5,600.0,4.4,0.397,37.3,37,2.888888888888889,531,Severe
2025-05-23 14:00:00,112.0,600.0,5.0,0.403,37.7,36,2.75,526,Severe
2025-05-23 15:00:00,114.1,600.0,6.3,0.416,37.8,36,2.944444444444444,521,Severe
2025-05-23 16:00:00,113.2,600.0,8.2,0.435,37.2,37,3.3055555555555554,516,Severe
2025-05-23 17:00:00,107.6,600.0,11.1,0.453,36.2,39,3.3611111111111107,509,Severe
2025-05-23 18:00:00,99.9,600.0,14.0,0.469,35.2,40,3.2499999999999996,514,Severe
2025-05-23 19:00:00,92.7,568.1,18.0,0.484,34.2,43,3.3611111111111107,518,Severe
2025-05-23 20:00:00,91.0,512.2,21.0,0.496,33.2,47,3.0555555555555554,519,Severe
2025-05-23 21:00:00,89.4,470.3,22.4,0.506,32.5,49,2.7777777777777777,518,Severe
2025-05-23 22:00:00,88.7,426.5,22.8,0.512,31.6,51,2.9166666666666665,516,Severe
2025-05-23 23:00:00,85.0,395.8,22.3,0.505,31.0,55,2.5277777777777777,512,Severe
2025-05-24 00:00:00,83.8,401.4,20.4,0.472,30.4,58,2.5833333333333335,506,Severe
2025-05-24 01:00:00,83.1,388.4,17.6,0.426,29.9,59,2.972222222222222,495,Severe
2025-05-24 02:00:00,83.4,388.4,15.7,0.397,29.5,61,2.944444444444444,482,Severe
2025-05-24 03:00:00,86.8,403.3,15.6,0.4,29.0,63,2.861111111111111,469,Severe
2025-05-24 04:00:00,92.2,436.8,16.5,0.42,28.7,64,2.888888888888889,460,Severe
2025-05-24 05:00:00,74.0,255.2,16.9,0.448,28.3,65,3.083333333333333,456,Severe
2025-05-24 06:00:00,53.7,102.9,16.5,0.491,30.6,60,3.3611111111111107,445,Severe
2025-05-24 07:00:00,51.1,85.2,15.9,0.541,31.4,59,3.333333333333333,428,Severe
2025-05-24 08:00:00,69.8,304.5,14.5,0.565,32.7,55,4.055555555555555,410,Severe
2025-05-24 09:00:00,86.1,454.5,11.7,0.54,34.0,50,4.388888888888889,402,Severe
2025-05-24 10:00:00,97.1,553.2,8.3,0.489,35.0,48,4.166666666666667,398,Very Poor
2025-05-24 11:00:00,103.1,600.0,5.7,0.448,36.0,44,3.7777777777777777,396,Very Poor
2025-05-24 12:00:00,104.8,600.0,4.6,0.428,36.6,42,3.611111111111111,394,Very Poor
2025-05-24 13:00:00,105.2,600.0,4.4,0.419,37.3,40,3.555555555555556,390,Very Poor
2025-05-24 14:00:00,105.7,600.0,5.0,0.417,37.7,39,3.1666666666666665,385,Very Poor
2025-05-24 15:00:00,107.8,600.0,6.4,0.427,36.6,39,3.5277777777777777,379,Very Poor
2025-05-24 16:00:00,108.0,600.0,8.6,0.446,36.1,41,2.6666666666666665,374,Very Poor
2025-05-24 17:00:00,110.4,600.0,11.8,0.462,35.8,41,3.0,369,Very Poor
2025-05-24 18:00:00,108.0,600.0,13.8,0.469,36.2,37,4.111111111111112,371,Very Poor
2025-05-24 19:00:00,103.8,600.0,16.6,0.474,35.0,40,3.4722222222222223,375,Very Poor
2025-05-24 20:00:00,103.8,600.0,18.5,0.477,34.0,43,3.75,381,Very Poor
2025-05-24 21:00:00,99.9,542.0,18.7,0.484,33.5,44,3.9166666666666665,386,Very Poor
2025-05-24 22:00:00,95.5,521.5,18.1,0.49,32.4,48,3.611111111111111,390,Very Poor
2025-05-24 23:00:00,98.3,553.2,17.1,0.485,31.5,51,3.861111111111111,395,Very Poor
2025-05-25 00:00:00,105.7,600.0,15.7,0.456,30.9,53,4.055555555555555,402,Severe
2025-05-25 01:00:00,109.9,600.0,14.0,0.416,30.5,54,3.4722222222222223,411,Severe
2025-05-25 02:00:00,108.0,600.0,13.0,0.39,29.9,57,3.0,422,Severe
2025-05-25 03:00:00,100.6,568.1,13.1,0.383,29.2,60,3.4722222222222223,432,Severe
2025-05-25 04:00:00,91.7,508.5,13.9,0.39,28.5,64,2.944444444444444,439,Severe
2025-05-25 05:00:00,67.5,330.6,14.5,0.425,27.3,68,3.0555555555555554,442,Severe
2025-05-25 06:00:00,64.7,296.2,15.4,0.517,22.7,93,2.388888888888889,445,Severe
2025-05-25 07:00:00,65.7,271.9,16.6,0.637,23.6,89,1.5555555555555554,453,Severe
2025-05-25 08:00:00,81.7,430.3,16.3,0.705,25.1,82,2.388888888888889,461,Severe
2025-05-25 09:00:00,109.2,600.0,13.2,0.67,26.5,71,3.2499999999999996,466,Severe
2025-05-25 10:00:00,128.5,600.0,8.8,0.583,27.2,61,2.6666666666666665,475,Severe
2025-05-25 11:00:00,140.2,600.0,5.5,0.521,28.6,59,2.2777777777777777,487,Severe
2025-05-25 12:00:00,135.0,600.0,4.1,0.511,28.9,60,1.1944444444444444,500,Severe
2025-05-25 13:00:00,132.2,600.0,4.0,0.526,30.6,58,0.75,509,Severe
2025-05-25 14:00:00,131.8,600.0,5.2,0.556,31.0,58,0.7777777777777777,518,Severe
2025-05-25 15:00:00,127.1,600.0,8.2,0.61,31.4,56,1.0555555555555556,526,Severe
2025-05-25 16:00:00,116.4,600.0,12.7,0.68,31.6,54,1.1111111111111112,530,Severe
2025-05-25 17:00:00,95.0,445.2,11.3,0.732,31.3,55,1.5833333333333333,529,Severe
2025-05-25 18:00:00,94.8,388.4,14.3,0.753,30.0,69,1.7222222222222223,515,Severe
2025-05-25 19:00:00,80.6,271.0,18.5,0.757,28.8,75,1.8611111111111112,501,Severe
2025-05-25 20:00:00,63.6,132.2,22.2,0.747,27.5,77,3.0,484,Severe
2025-05-25 21:00:00,58.0,92.4,25.4,0.724,26.1,85,1.6944444444444442,464,Severe
2025-05-25 22:00:00,55.8,81.0,28.2,0.688,26.3,87,1.75,445,Severe
2025-05-25 23:00:00,53.3,79.9,29.1,0.644,26.2,85,1.4444444444444444,427,Severe
2025-05-26 00:00:00,52.2,86.8,26.7,0.579,26.0,83,1.5555555555555554,407,Severe
2025-05-26 01:00:00,52.0,86.4,22.4,0.505,25.6,83,1.3611111111111112,381,Very Poor
2025-05-26 02:00:00,48.4,93.8,19.1,0.468,25.1,85,3.4722222222222223,352,Very Poor
2025-05-26 03:00:00,44.9,91.0,17.8,0.499,24.3,85,2.888888888888889,324,Very Poor
2025-05-26 04:00:00,42.8,99.7,17.4,0.567,24.0,86,2.888888888888889,299,Poor
2025-05-26 05:00:00,42.4,94.1,14.1,0.619,23.9,87,2.5555555555555554,275,Poor
2025-05-26 06:00:00,44.0,89.6,17.0,0.641,26.9,79,3.0277777777777777,261,Poor
2025-05-26 07:00:00,46.0,97.6,20.8,0.647,27.5,78,2.972222222222222,249,Poor
2025-05-26 08:00:00,47.5,102.0,22.2,0.631,28.4,73,2.4166666666666665,238,Poor
2025-05-26 09:00:00,48.3,105.9,19.1,0.577,29.6,69,1.9166666666666667,219,Poor
2025-05-26 10:00:00,49.9,140.6,13.7,0.501,31.1,64,1.9166666666666667,195,Moderate
2025-05-26 11:00:00,51.7,146.7,9.3,0.441,32.4,57,1.8611111111111112,180,Moderate
2025-05-26 12:00:00,52.6,145.8,7.1,0.41,33.7,52,1.6666666666666665,164,Moderate
2025-05-26 13:00:00,52.5,143.9,5.9,0.396,34.8,46,1.027777777777778,157,Moderate
2025-05-26 14:00:00,52.9,143.0,5.8,0.4,35.3,43,0.3055555555555556,165,Moderate
2025-05-26 15:00:00,53.6,143.0,5.5,0.424,35.5,42,0.1388888888888889,189,Moderate
2025-05-26 16:00:00,53.8,140.2,6.3,0.466,35.5,42,0.6111111111111112,206,Poor
2025-05-26 17:00:00,60.1,311.1,13.2,0.529,34.5,48,1.25,215,Poor
2025-05-26 18:00:00,64.5,270.1,29.7,0.636,32.0,59,1.3888888888888888,218,Poor
2025-05-26 19:00:00,74.3,241.2,52.4,0.764,30.3,63,1.75,216,Poor
2025-05-26 20:00:00,80.1,214.7,69.3,0.839,29.5,67,1.5555555555555554,208,Poor
2025-05-26 21:00:00,82.7,191.4,75.6,0.822,28.8,73,1.3611111111111112,193,Moderate
2025-05-26 22:00:00,83.1,171.8,76.1,0.754,28.2,78,1.1666666666666667,162,Moderate
2025-05-26 23:00:00,81.3,157.9,72.7,0.681,27.9,79,1.1944444444444444,150,Moderate
2025-05-27 00:00:00,76.6,149.5,64.3,0.612,27.5,79,1.3333333333333333,151,Moderate
2025-05-27 01:00:00,68.7,139.2,52.0,0.539,27.2,80,1.3888888888888888,151,Moderate
2025-05-27 02:00:00,59.8,137.8,41.3,0.487,26.9,80,1.6944444444444442,152,Moderate
2025-05-27 03:00:00,55.3,150.4,33.9,0.463,26.5,80,1.7222222222222223,152,Moderate
2025-05-27 04:00:00,53.8,169.5,28.0,0.46,26.3,80,1.75,152,Moderate
2025-05-27 05:00:00,48.5,133.6,25.8,0.48,26.1,79,2.138888888888889,152,Moderate
2025-05-27 06:00:00,49.5,133.2,25.5,0.552,27.5,81,1.6944444444444442,152,Moderate
2025-05-27 07:00:00,49.2,128.5,24.8,0.648,28.6,78,1.25,153,Moderate
2025-05-27 08:00:00,50.6,155.1,22.6,0.687,30.2,72,1.611111111111111,153,Moderate
2025-05-27 09:00:00,51.5,190.5,17.5,0.611,31.5,64,2.305555555555556,153,Moderate
2025-05-27 10:00:00,53.3,214.2,11.0,0.478,32.7,57,1.9444444444444444,153,Moderate
2025-05-27 11:00:00,54.6,225.8,6.2,0.383,33.5,53,1.3611111111111112,153,Moderate
2025-05-27 12:00:00,51.5,190.5,4.6,0.371,34.3,50,0.9444444444444444,153,Moderate
2025-05-27 13:00:00,53.7,209.5,4.7,0.397,35.0,46,0.5833333333333334,153,Moderate
2025-05-27 14:00:00,51.1,195.1,5.6,0.424,35.4,45,0.6666666666666666,153,Moderate
2025-05-27 15:00:00,47.6,176.5,6.3,0.435,35.5,46,1.0833333333333333,158,Moderate
2025-05-27 16:00:00,45.3,158.3,7.8,0.448,35.2,47,1.25,176,Moderate
2025-05-27 17:00:00,48.3,125.3,12.0,0.479,34.5,50,1.5277777777777777,190,Moderate
2025-05-27 18:00:00,53.8,106.9,26.7,0.548,34.2,51,1.3333333333333333,199,Moderate
2025-05-27 19:00:00,64.7,100.6,46.8,0.636,31.8,63,1.5,198,Moderate
2025-05-27 20:00:00,69.2,97.8,60.2,0.704,30.8,67,1.4166666666666665,185,Moderate
2025-05-27 21:00:00,69.2,101.3,61.1,0.743,30.1,70,1.25,165,Moderate
2025-05-27 22:00:00,67.5,110.1,55.4,0.763,29.5,71,1.4444444444444444,151,Moderate
2025-05-27 23:00:00,65.2,118.5,48.8,0.754,29.0,73,1.472222222222222,151,Moderate
2025-05-28 00:00:00,62.4,132.7,42.5,0.699,28.5,75,1.4444444444444444,151,Moderate
2025-05-28 01:00:00,61.0,152.3,35.3,0.615,28.0,78,1.4166666666666665,150,Moderate
2025-05-28 02:00:00,59.0,167.6,29.5,0.548,27.7,78,1.5277777777777777,150,Moderate
2025-05-28 03:00:00,57.4,184.9,26.1,0.509,27.4,79,1.5555555555555554,150,Moderate
2025-05-28 04:00:00,56.1,197.9,24.1,0.487,27.1,80,1.9166666666666667,150,Moderate
2025-05-28 05:00:00,65.2,260.8,23.1,0.498,26.9,81,1.8333333333333333,150,Moderate
2025-05-28 06:00:00,61.2,184.9,23.4,0.577,29.1,77,1.1111111111111112,151,Moderate
2025-05-28 07:00:00,59.6,178.3,23.7,0.688,30.0,74,0.9166666666666666,151,Moderate
2025-05-28 08:00:00,56.0,175.1,22.5,0.741,31.2,68,1.6388888888888888,151,Moderate
2025-05-28 09:00:00,54.5,181.6,18.4,0.675,32.8,61,1.0,151,Moderate
2025-05-28 10:00:00,52.5,177.0,12.7,0.551,34.2,54,0.75,151,Moderate
2025-05-28 11:00:00,50.8,167.6,8.4,0.462,35.3,49,0.3611111111111111,151,Moderate
2025-05-28 12:00:00,56.6,183.0,6.3,0.453,36.2,45,0.2777777777777778,151,Moderate
2025-05-28 13:00:00,60.8,178.8,5.6,0.478,37.0,42,0.8611111111111112,151,Moderate
2025-05-28 14:00:00,62.2,173.7,5.8,0.494,37.6,41,1.5555555555555554,151,Moderate
2025-05-28 15:00:00,61.5,171.4,5.4,0.475,38.0,40,1.8611111111111112,180,Moderate
2025-05-28 16:00:00,61.7,186.3,6.1,0.447,37.2,41,2.888888888888889,202,Poor
2025-05-28 17:00:00,72.6,235.2,13.9,0.444,36.1,45,2.138888888888889,211,Poor
2025-05-28 18:00:00,79.6,210.5,28.8,0.484,34.5,48,2.25,216,Poor
2025-05-28 19:00:00,89.2,196.0,49.4,0.55,32.3,58,2.833333333333333,216,Poor
2025-05-28 20:00:00,95.9,185.3,64.9,0.623,30.5,70,0.9166666666666666,211,Poor
2025-05-28 21:00:00,100.4,180.2,71.0,0.723,29.6,73,1.3888888888888888,202,Poor
2025-05-28 22:00:00,102.2,186.3,72.0,0.83,29.2,76,1.6388888888888888,179,Moderate
2025-05-28 23:00:00,104.1,194.6,70.5,0.87,28.6,79,1.6944444444444442,156,Moderate
2025-05-29 00:00:00,105.2,200.7,66.4,0.783,28.0,81,1.8888888888888888,157,Moderate
2025-05-29 01:00:00,103.4,197.9,59.8,0.628,27.5,84,1.3888888888888888,158,Moderate
2025-05-29 02:00:00,97.6,190.5,53.5,0.515,27.2,85,1.3333333333333333,159,Moderate
2025-05-29 03:00:00,90.1,181.6,48.3,0.482,27.1,87,1.1111111111111112,160,Moderate
2025-05-29 04:00:00,83.4,170.9,43.4,0.491,27.0,88,1.1666666666666667,160,Moderate
2025-05-29 05:00:00,78.7,204.9,29.0,0.528,26.7,89,1.2222222222222223,161,Moderate
2025-05-29 06:00:00,78.9,165.3,30.4,0.625,29.5,78,0.2777777777777778,161,Moderate
2025-05-29 07:00:00,82.2,166.7,32.0,0.751,30.7,73,1.1944444444444444,162,Moderate
2025-05-29 08:00:00,79.4,186.3,31.4,0.804,32.4,63,1.472222222222222,162,Moderate
2025-05-29 09:00:00,75.4,212.8,26.4,0.713,34.7,51,1.777777777777778,163,Moderate
2025-05-29 10:00:00,78.0,253.3,19.1,0.55,35.7,45,1.777777777777778,163,Moderate
2025-05-29 11:00:00,80.3,288.7,13.2,0.428,37.8,38,1.0,164,Moderate
2025-05-29 12:00:00,83.6,321.3,9.8,0.392,38.7,34,1.0555555555555556,164,Moderate
2025-05-29 13:00:00,89.6,376.3,7.9,0.398,39.4,32,1.3055555555555556,165,Moderate
2025-05-29 14:00:00,93.6,402.3,7.5,0.42,39.8,30,1.3055555555555556,165,Moderate
2025-05-29 15:00:00,93.1,406.1,6.9,0.449,39.0,30,0.6111111111111112,173,Moderate
2025-05-29 16:00:00,88.0,390.2,7.9,0.494,39.3,28,0.3055555555555556,199,Moderate
2025-05-29 17:00:00,102.2,400.5,32.3,0.563,38.1,32,0.9166666666666666,207,Poor
2025-05-29 18:00:00,104.1,348.3,43.8,0.675,36.2,49,0.6666666666666666,210,Poor
2025-05-29 19:00:00,111.1,344.6,59.6,0.811,34.8,46,1.027777777777778,209,Poor
2025-05-29 20:00:00,113.2,326.0,71.0,0.916,34.2,46,1.3888888888888888,202,Poor
2025-05-29 21:00:00,112.9,321.3,74.1,0.98,33.2,50,1.4166666666666665,179,Moderate
2025-05-29 22:00:00,112.9,320.4,72.8,1.013,32.1,52,1.3055555555555556,170,Moderate
2025-05-29 23:00:00,110.8,315.7,69.9,0.99,31.2,52,1.4166666666666665,170,Moderate
2025-05-30 00:00:00,105.7,304.5,65.7,0.864,30.5,53,1.5555555555555554,170,Moderate
2025-05-30 01:00:00,101.0,291.5,59.9,0.682,29.7,56,1.3888888888888888,170,Moderate
2025-05-30 02:00:00,99.0,285.9,55.1,0.558,29.1,57,1.3888888888888888,170,Moderate
2025-05-30 03:00:00,98.5,281.3,52.5,0.527,29.1,59,0.11111111111111112,170,Moderate
2025-05-30 04:00:00,96.4,252.4,50.8,0.554,27.6,63,1.3611111111111112,170,Moderate
2025-05-30 05:00:00,105.2,261.7,47.5,0.644,26.8,71,0.8611111111111112,172,Moderate
2025-05-30 06:00:00,101.0,262.6,42.8,0.873,27.9,67,0.9166666666666666,173,Moderate
2025-05-30 07:00:00,98.5,276.6,36.2,1.165,29.2,63,0.5,175,Moderate
2025-05-30 08:00:00,95.2,252.4,30.2,1.293,31.9,55,0.888888888888889,177,Moderate
2025-05-30 09:00:00,93.8,285.0,25.6,1.095,34.4,40,1.9444444444444444,179,Moderate
2025-05-30 10:00:00,91.3,308.3,21.6,0.733,34.7,36,3.5277777777777777,180,Moderate
2025-05-30 11:00:00,91.3,308.3,18.1,0.474,33.9,37,2.5555555555555554,181,Moderate
2025-05-30 12:00:00,94.3,331.6,14.9,0.441,33.8,42,2.111111111111111,182,Moderate
2025-05-30 13:00:00,99.4,366.0,12.3,0.509,34.3,44,1.9166666666666667,182,Moderate
2025-05-30 14:00:00,99.9,385.6,10.8,0.573,33.8,46,1.611111111111111,182,Moderate
2025-05-30 15:00:00,98.3,388.4,9.7,0.574,34.5,42,0.8055555555555555,181,Moderate
2025-05-30 16:00:00,97.1,392.1,9.6,0.57,35.4,38,0.38888888888888884,191,Moderate
2025-05-30 17:00:00,67.3,238.4,22.0,0.626,35.3,36,0.75,204,Poor
2025-05-30 18:00:00,82.7,332.5,25.9,0.787,33.2,48,1.2777777777777777,205,Poor
2025-05-30 19:00:00,98.5,413.5,31.5,1.007,31.5,58,1.0833333333333333,203,Poor
2025-05-30 20:00:00,112.7,459.1,36.7,1.219,31.0,56,1.25,200,Moderate
2025-05-30 21:00:00,122.5,463.8,41.0,1.419,30.2,53,1.5277777777777777,186,Moderate
2025-05-30 22:00:00,130.9,461.0,44.9,1.611,29.9,56,1.3888888888888888,185,Moderate
2025-05-30 23:00:00,141.1,504.8,48.6,1.733,29.5,59,0.6666666666666666,187,Moderate
2025-05-31 00:00:00,150.9,560.7,52.4,1.738,28.4,62,0.38888888888888884,191,Moderate
2025-05-31 01:00:00,159.7,600.0,55.9,1.673,27.2,67,0.5277777777777778,197,Moderate
2025-05-31 02:00:00,167.2,600.0,58.1,1.622,26.6,70,0.6944444444444444,209,Poor
2025-05-31 03:00:00,171.4,600.0,59.1,1.63,26.2,71,1.0,230,Poor
2025-05-31 04:00:00,170.0,600.0,58.8,1.652,26.0,68,1.1666666666666667,252,Poor
2025-05-31 05:00:00,169.0,594.2,71.7,1.639,26.0,67,1.4444444444444444,273,Poor
2025-05-31 06:00:00,161.1,501.1,61.7,1.586,28.6,64,1.1111111111111112,293,Poor
2025-05-31 07:00:00,162.1,542.0,47.5,1.497,30.4,60,0.25,306,Very Poor
2025-05-31 08:00:00,159.3,600.0,34.5,1.337,32.5,52,0.4722222222222222,320,Very Poor
2025-05-31 09:00:00,152.3,600.0,24.0,1.037,34.8,42,0.888888888888889,341,Very Poor
2025-05-31 10:00:00,132.2,568.1,14.6,0.667,36.7,34,0.3333333333333333,362,Very Poor
2025-05-31 11:00:00,111.8,461.0,7.9,0.398,38.2,29,0.1388888888888889,375,Very Poor
2025-05-31 12:00:00,93.1,379.0,4.8,0.32,39.3,25,0.7222222222222222,383,Very Poor
2025-05-31 13:00:00,81.0,326.9,4.3,0.345,40.1,23,1.25,386,Very Poor
2025-05-31 14:00:00,70.8,285.9,5.2,0.377,40.0,22,1.1111111111111112,384,Very Poor
2025-05-31 15:00:00,63.6,256.1,6.5,0.379,37.7,28,3.3055555555555554,378,Very Poor
2025-05-31 16:00:00,60.3,244.0,9.1,0.39,37.6,31,1.1944444444444444,372,Very Poor
2025-05-31 17:00:00,62.9,215.6,16.6,0.43,37.0,23,2.611111111111111,364,Very Poor
2025-05-31 18:00:00,72.2,212.8,25.7,0.535,29.9,55,3.1666666666666665,363,Very Poor
2025-05-31 19:00:00,73.8,190.5,38.2,0.669,30.5,55,0.41666666666666663,356,Very Poor
2025-05-31 20:00:00,74.5,185.3,46.7,0.751,29.4,61,1.8055555555555556,345,Very Poor
2025-05-31 21:00:00,81.0,238.4,47.6,0.737,29.0,56,1.8055555555555556,331,Very Poor
2025-05-31 22:00:00,86.8,257.0,44.5,0.67,28.8,62,1.1944444444444444,319,Very Poor
2025-05-31 23:00:00,85.7,219.8,41.1,0.596,28.5,61,1.2222222222222223,308,Very Poor
2025-06-01 00:00:00,81.0,186.7,38.3,0.524,27.8,62,2.111111111111111,292,Poor
2025-06-01 01:00:00,78.5,196.5,35.2,0.445,27.0,67,1.4166666666666665,270,Poor
2025-06-01 02:00:00,77.3,214.2,32.4,0.383,27.0,64,1.8611111111111112,246,Poor
2025-06-01 03:00:00,83.1,252.4,30.2,0.341,27.5,56,2.75,221,Poor
2025-06-01 04:00:00,92.2,356.7,28.2,0.316,27.8,51,2.7222222222222223,199,Moderate
2025-06-01 05:00:00,88.7,253.3,37.7,0.317,27.2,54,3.194444444444444,194,Moderate
2025-06-01 06:00:00,97.6,245.9,35.9,0.371,29.6,51,2.0833333333333335,187,Moderate
2025-06-01 07:00:00,87.5,244.0,33.0,0.452,31.4,47,1.972222222222222,181,Moderate
2025-06-01 08:00:00,91.5,434.9,28.5,0.493,33.8,42,2.4722222222222223,175,Moderate
2025-06-01 09:00:00,99.2,600.0,20.8,0.452,35.2,40,3.8055555555555554,171,Moderate
2025-06-01 10:00:00,88.9,568.1,11.4,0.372,34.8,37,3.8055555555555554,170,Moderate
2025-06-01 11:00:00,79.6,516.0,4.7,0.315,34.8,37,2.0833333333333335,170,Moderate
2025-06-01 12:00:00,80.1,527.1,2.5,0.307,35.3,36,0.6111111111111112,171,Moderate
2025-06-01 13:00:00,82.2,549.5,3.0,0.322,37.2,31,1.1111111111111112,174,Moderate
2025-06-01 14:00:00,84.3,568.1,4.2,0.343,35.5,30,2.0833333333333335,179,Moderate
2025-06-01 15:00:00,85.4,564.4,5.1,0.357,36.8,27,2.1944444444444446,184,Moderate
2025-06-01 16:00:00,89.2,592.3,6.8,0.377,35.8,31,2.138888888888889,191,Moderate
2025-06-01 17:00:00,94.5,588.6,12.7,0.432,35.8,30,1.25,198,Moderate
2025-06-01 18:00:00,96.2,516.0,14.7,0.566,27.5,64,3.7222222222222223,217,Poor
2025-06-01 19:00:00,106.2,545.8,17.7,0.735,27.1,71,3.3611111111111107,235,Poor
2025-06-01 20:00:00,104.5,538.3,21.7,0.832,27.5,69,4.083333333333333,256,Poor
2025-06-01 21:00:00,107.1,476.8,28.0,0.801,27.8,59,2.5555555555555554,277,Poor
2025-06-01 22:00:00,108.5,448.0,35.3,0.698,28.0,58,2.0,291,Poor
2025-06-01 23:00:00,106.6,417.2,39.2,0.589,27.5,64,1.2777777777777777,302,Very Poor
2025-06-02 00:00:00,100.6,382.8,36.7,0.484,27.5,61,1.5833333333333333,313,Very Poor
2025-06-02 01:00:00,93.1,358.6,30.8,0.374,27.5,58,2.0,323,Very Poor
2025-06-02 02:00:00,86.4,341.8,26.2,0.295,26.8,58,1.9166666666666667,331,Very Poor
2025-06-02 03:00:00,85.9,369.7,25.1,0.262,26.1,59,2.1944444444444446,338,Very Poor
2025-06-02 04:00:00,91.5,436.8,25.3,0.262,25.4,62,2.5833333333333335,344,Very Poor
2025-06-02 05:00:00,84.1,272.9,39.6,0.285,24.6,72,0.8611111111111112,348,Very Poor
2025-06-02 06:00:00,82.4,249.6,36.1,0.35,28.0,60,1.2777777777777777,349,Very Poor
2025-06-02 07:00:00,79.6,245.9,31.0,0.439,29.0,56,1.5555555555555554,349,Very Poor
2025-06-02 08:00:00,73.8,289.6,25.4,0.495,30.6,51,1.0833333333333333,350,Very Poor
2025-06-02 09:00:00,71.7,318.5,19.0,0.491,32.2,48,0.9722222222222222,342,Very Poor
2025-06-02 10:00:00,75.4,326.9,12.1,0.454,33.8,43,0.4444444444444445,325,Very Poor
2025-06-02 11:00:00,78.2,329.7,7.0,0.41,35.5,37,0.6388888888888888,313,Very Poor
2025-06-02 12:00:00,78.0,333.4,4.6,0.356,36.8,31,1.2222222222222223,303,Very Poor
2025-06-02 13:00:00,74.7,337.1,3.9,0.295,37.6,26,2.4722222222222223,292,Poor
2025-06-02 14:00:00,68.0,326.9,4.5,0.267,37.8,22,3.5277777777777777,279,Poor
2025-06-02 15:00:00,59.4,312.0,6.5,0.294,36.2,26,3.194444444444444,265,Poor
2025-06-02 16:00:00,55.3,316.6,9.7,0.354,35.5,32,1.1944444444444444,250,Poor
2025-06-02 17:00:00,57.5,244.9,12.3,0.421,34.0,35,2.5,233,Poor
2025-06-02 18:00:00,61.5,223.1,18.2,0.507,33.2,37,1.75,213,Poor
2025-06-02 19:00:00,68.7,234.7,26.3,0.601,32.4,41,2.1666666666666665,198,Moderate
2025-06-02 20:00:00,78.0,259.8,32.5,0.642,31.7,43,1.6666666666666665,192,Moderate
2025-06-02 21:00:00,84.3,267.3,34.8,0.584,30.6,43,1.972222222222222,186,Moderate
2025-06-02 22:00:00,85.2,258.9,35.2,0.475,29.7,48,0.7777777777777777,182,Moderate
2025-06-02 23:00:00,88.0,264.5,34.8,0.393,29.2,49,0.75,178,Moderate
2025-06-03 00:00:00,88.7,270.1,34.0,0.371,28.5,52,0.8055555555555555,175,Moderate
2025-06-03 01:00:00,82.7,282.2,32.5,0.378,28.0,60,0.5,172,Moderate
2025-06-03 02:00:00,73.1,271.9,30.6,0.399,27.5,60,0.6111111111111112,171,Moderate
2025-06-03 03:00:00,65.2,255.2,28.2,0.438,27.0,52,1.5,169,Moderate
2025-06-03 04:00:00,59.4,238.4,25.5,0.492,26.6,51,1.6666666666666665,167,Moderate
2025-06-03 05:00:00,88.2,360.4,35.5,0.537,25.6,60,1.1666666666666667,163,Moderate
2025-06-03 06:00:00,92.0,370.7,34.5,0.572,25.9,64,1.5,165,Moderate
2025-06-03 07:00:00,92.2,365.1,32.9,0.599,27.1,59,1.1388888888888888,167,Moderate
2025-06-03 08:00:00,82.9,355.8,29.8,0.599,29.0,51,1.2777777777777777,170,Moderate
2025-06-03 09:00:00,79.4,350.2,23.9,0.556,31.2,42,0.5555555555555556,171,Moderate
2025-06-03 10:00:00,85.0,384.6,16.6,0.487,32.6,38,0.888888888888889,172,Moderate
2025-06-03 11:00:00,85.0,368.8,10.9,0.426,34.5,32,1.0833333333333333,173,Moderate
2025-06-03 12:00:00,82.9,349.2,7.6,0.379,34.8,29,2.1944444444444446,174,Moderate
2025-06-03 13:00:00,83.1,357.6,5.9,0.339,34.2,31,3.0,174,Moderate
2025-06-03 14:00:00,78.2,351.1,6.3,0.319,34.7,32,2.944444444444444,174,Moderate
2025-06-03 15:00:00,78.2,361.4,9.4,0.322,33.5,35,2.361111111111111,175,Moderate
2025-06-03 16:00:00,73.1,252.4,14.7,0.346,33.5,35,2.0277777777777777,176,Moderate
2025-06-03 17:00:00,80.6,568.1,10.0,0.397,33.5,34,1.9444444444444444,182,Moderate
2025-06-03 18:00:00,89.4,579.3,15.1,0.484,30.8,44,1.6944444444444442,185,Moderate
2025-06-03 19:00:00,92.9,508.5,21.9,0.598,29.6,53,1.25,189,Moderate
2025-06-03 20:00:00,97.1,530.9,26.2,0.717,29.0,62,0.75,194,Moderate
2025-06-03 21:00:00,91.5,468.5,25.3,0.858,28.2,66,0.8055555555555555,200,Moderate
2025-06-03 22:00:00,84.5,372.5,21.7,1.005,27.6,65,1.2222222222222223,212,Poor
2025-06-03 23:00:00,78.0,297.1,19.2,1.081,26.2,68,2.0277777777777777,219,Poor
2025-06-04 00:00:00,73.3,233.8,19.0,1.041,25.4,71,1.8888888888888888,221,Poor
2025-06-04 01:00:00,75.0,239.3,19.8,0.93,25.0,74,1.8888888888888888,219,Poor
2025-06-04 02:00:00,78.5,247.7,21.2,0.815,24.9,75,1.3611111111111112,216,Poor
2025-06-04 03:00:00,78.7,220.3,23.6,0.692,24.4,81,0.6944444444444444,215,Poor
2025-06-04 04:00:00,76.4,183.9,26.6,0.564,24.5,78,0.9166666666666666,213,Poor
2025-06-04 05:00:00,103.1,472.2,21.9,0.504,24.7,75,1.3055555555555556,209,Poor
2025-06-04 06:00:00,102.0,393.9,24.8,0.58,25.2,77,1.611111111111111,216,Poor
2025-06-04 07:00:00,107.6,429.3,28.6,0.726,25.5,76,1.5833333333333333,217,Poor
2025-06-04 08:00:00,112.5,476.8,29.0,0.811,26.7,70,1.6388888888888888,221,Poor
2025-06-04 09:00:00,106.9,501.1,23.0,0.771,27.1,68,1.4166666666666665,228,Poor
2025-06-04 10:00:00,96.4,460.1,13.6,0.672,30.1,57,1.2777777777777777,237,Poor
2025-06-04 11:00:00,90.1,437.7,6.6,0.58,32.2,49,1.5277777777777777,242,Poor
2025-06-04 12:00:00,85.0,411.6,4.2,0.507,33.3,45,1.0555555555555556,246,Poor
2025-06-04 13:00:00,83.1,385.6,4.0,0.441,35.1,37,1.4444444444444444,250,Poor
2025-06-04 14:00:00,80.3,360.4,4.6,0.417,28.0,60,2.25,251,Poor
2025-06-04 15:00:00,78.9,345.5,5.2,0.455,29.9,56,0.9166666666666666,252,Poor
2025-06-04 16:00:00,76.8,328.8,6.5,0.534,31.5,49,1.0,251,Poor
2025-06-04 17:00:00,110.1,600.0,8.7,0.626,31.4,48,0.9444444444444444,256,Poor
2025-06-04 18:00:00,113.2,600.0,16.9,0.727,32.0,35,1.8333333333333333,270,Poor
2025-06-04 19:00:00,116.4,600.0,27.9,0.841,30.1,43,1.8611111111111112,280,Poor
2025-06-04 20:00:00,115.3,558.8,34.7,0.945,28.7,51,2.305555555555556,287,Poor
2025-06-04 21:00:00,104.8,475.0,32.8,1.048,27.0,63,1.0555555555555556,288,Poor
2025-06-04 22:00:00,88.7,377.2,26.7,1.141,26.5,69,0.7222222222222222,289,Poor
2025-06-04 23:00:00,79.4,322.2,22.1,1.178,26.0,73,0.6944444444444444,289,Poor
2025-06-05 00:00:00,73.6,279.4,21.2,1.121,25.9,69,1.027777777777778,291,Poor
2025-06-05 01:00:00,71.7,236.6,21.8,1.007,25.4,72,0.8611111111111112,293,Poor
2025-06-05 02:00:00,70.1,204.0,23.3,0.901,24.9,74,1.25,293,Poor
2025-06-05 03:00:00,70.1,182.5,26.5,0.811,24.6,74,1.4444444444444444,290,Poor
2025-06-05 04:00:00,71.0,168.6,30.6,0.729,24.0,78,1.1388888888888888,288,Poor
2025-06-05 05:00:00,125.7,448.9,51.2,0.692,23.9,78,1.2222222222222223,287,Poor
2025-06-05 06:00:00,129.9,430.3,46.2,0.749,25.5,79,0.22222222222222224,286,Poor
2025-06-05 07:00:00,131.3,501.1,39.0,0.85,27.2,68,0.6388888888888888,288,Poor
2025-06-05 08:00:00,131.8,600.0,31.7,0.89,29.3,54,1.0555555555555556,292,Poor
2025-06-05 09:00:00,129.9,600.0,24.4,0.796,31.0,45,0.8055555555555555,301,Very Poor
2025-06-05 10:00:00,131.3,600.0,17.0,0.641,32.4,41,0.6388888888888888,309,Very Poor
2025-06-05 11:00:00,129.9,600.0,11.3,0.529,33.6,37,1.027777777777778,319,Very Poor
2025-06-05 12:00:00,126.2,599.8,7.9,0.511,34.6,35,1.2777777777777777,330,Very Poor
2025-06-05 13:00:00,118.3,540.2,6.2,0.537,35.5,32,1.2222222222222223,340,Very Poor
2025-06-05 14:00:00,106.9,473.1,5.6,0.564,36.2,29,1.1111111111111112,348,Very Poor
2025-06-05 15:00:00,97.3,423.8,5.6,0.581,36.5,28,1.611111111111111,354,Very Poor
2025-06-05 16:00:00,91.7,396.7,6.7,0.6,35.7,30,2.0277777777777777,358,Very Poor
2025-06-05 17:00:00,87.1,401.4,10.0,0.611,34.0,37,2.75,361,Very Poor
2025-06-05 18:00:00,86.8,353.9,18.9,0.602,33.8,45,0.3611111111111111,340,Very Poor
2025-06-05 19:00:00,88.0,285.0,31.2,0.585,31.6,50,0.5555555555555556,320,Very Poor
2025-06-05 20:00:00,86.6,266.4,40.0,0.595,30.6,56,0.8611111111111112,302,Very Poor
2025-06-05 21:00:00,85.0,258.9,42.1,0.67,30.0,62,0.7222222222222222,285,Poor
2025-06-05 22:00:00,84.3,238.4,40.6,0.77,29.8,60,0.3333333333333333,272,Poor
2025-06-05 23:00:00,84.3,218.9,38.7,0.813,28.9,62,0.8611111111111112,264,Poor
2025-06-06 00:00:00,83.1,211.4,36.8,0.738,28.0,60,1.027777777777778,258,Poor
2025-06-06 01:00:00,83.1,212.8,34.3,0.604,27.3,63,0.9722222222222222,254,Poor
2025-06-06 02:00:00,83.1,212.3,32.6,0.507,27.0,63,1.0555555555555556,252,Poor
2025-06-06 03:00:00,82.2,206.3,32.3,0.48,26.9,60,1.1666666666666667,253,Poor
2025-06-06 04:00:00,80.8,197.0,32.8,0.488,26.4,65,0.9722222222222222,254,Poor
2025-06-06 05:00:00,86.4,300.8,47.1,0.525,25.9,65,1.0,256,Poor
2025-06-06 06:00:00,93.8,251.5,44.4,0.619,28.2,63,0.9166666666666666,247,Poor
2025-06-06 07:00:00,94.1,250.5,40.3,0.74,29.8,55,0.75,236,Poor
2025-06-06 08:00:00,91.3,296.2,34.5,0.795,32.0,42,1.0833333333333333,222,Poor
2025-06-06 09:00:00,92.2,406.1,25.2,0.719,33.5,38,0.75,202,Poor
2025-06-06 10:00:00,85.9,452.6,14.3,0.577,35.2,32,0.4444444444444445,196,Moderate
2025-06-06 11:00:00,77.1,400.5,6.2,0.462,36.4,28,0.5277777777777778,191,Moderate
2025-06-06 12:00:00,72.9,358.6,3.4,0.412,37.5,27,1.027777777777778,186,Moderate
2025-06-06 13:00:00,69.2,332.5,3.5,0.39,38.2,26,0.9722222222222222,181,Moderate
2025-06-06 14:00:00,66.6,316.6,4.4,0.382,38.7,25,0.6111111111111112,177,Moderate
2025-06-06 15:00:00,65.0,306.4,5.2,0.377,38.5,25,0.6666666666666666,174,Moderate
2025-06-06 16:00:00,64.5,302.7,6.9,0.385,37.9,26,1.5833333333333333,175,Moderate
2025-06-06 17:00:00,60.1,277.5,9.8,0.422,37.0,27,2.3333333333333335,186,Moderate
2025-06-06 18:00:00,63.6,255.2,16.5,0.495,35.0,35,3.333333333333333,191,Moderate
2025-06-06 19:00:00,69.4,258.9,25.8,0.597,33.8,38,2.5833333333333335,188,Moderate
2025-06-06 20:00:00,76.8,272.9,32.9,0.726,32.8,41,1.7222222222222223,179,Moderate
2025-06-06 21:00:00,83.6,293.4,35.8,0.934,32.0,44,1.1111111111111112,164,Moderate
2025-06-06 22:00:00,87.8,302.7,36.6,1.169,31.0,50,0.7777777777777777,165,Moderate
2025-06-06 23:00:00,88.7,296.2,36.4,1.266,30.4,53,0.9166666666666666,166,Moderate
2025-06-07 00:00:00,88.9,288.7,35.1,1.099,30.0,52,1.25,168,Moderate
2025-06-07 01:00:00,90.1,287.8,32.9,0.794,29.5,53,1.4166666666666665,169,Moderate
2025-06-07 02:00:00,90.8,287.8,31.1,0.569,29.1,53,1.611111111111111,171,Moderate
2025-06-07 03:00:00,90.6,285.9,30.5,0.518,28.8,53,1.6666666666666665,172,Moderate
2025-06-07 04:00:00,90.3,285.0,30.3,0.546,28.4,53,1.611111111111111,174,Moderate
2025-06-07 05:00:00,89.2,325.0,37.7,0.592,27.6,57,1.1944444444444444,176,Moderate
2025-06-07 06:00:00,87.1,300.8,35.7,0.66,30.4,51,1.611111111111111,176,Moderate
2025-06-07 07:00:00,84.3,283.1,32.6,0.746,32.0,47,1.1388888888888888,178,Moderate
2025-06-07 08:00:00,81.3,303.6,28.1,0.769,34.3,41,1.25,178,Moderate
2025-06-07 09:00:00,75.2,305.5,20.6,0.667,36.8,30,1.4444444444444444,178,Moderate
2025-06-07 10:00:00,68.7,290.6,11.7,0.503,38.2,26,0.25,176,Moderate
2025-06-07 11:00:00,61.7,247.7,5.2,0.386,39.5,24,1.0,173,Moderate
2025-06-07 12:00:00,56.9,222.6,3.1,0.369,41.2,20,2.138888888888889,170,Moderate
2025-06-07 13:00:00,56.8,217.5,3.4,0.399,39.3,27,4.527777777777778,167,Moderate
2025-06-07 14:00:00,58.6,221.2,4.5,0.428,38.0,31,4.222222222222222,164,Moderate
2025-06-07 15:00:00,60.1,228.2,5.4,0.43,38.9,29,3.2499999999999996,167,Moderate
2025-06-07 16:00:00,61.2,235.6,7.0,0.43,37.9,32,3.6666666666666665,188,Moderate
2025-06-07 17:00:00,71.7,263.6,10.6,0.459,36.8,34,3.416666666666667,201,Poor
2025-06-07 18:00:00,75.2,238.0,16.1,0.535,35.9,34,2.7777777777777777,205,Poor
2025-06-07 19:00:00,81.7,247.7,23.7,0.64,34.9,37,1.3055555555555556,204,Poor
2025-06-07 20:00:00,89.6,250.5,30.1,0.746,34.3,40,1.3333333333333333,200,Moderate
2025-06-07 21:00:00,94.8,244.0,34.2,0.871,33.5,44,0.9722222222222222,185,Moderate
2025-06-07 22:00:00,97.8,245.9,37.0,0.997,32.7,47,0.9722222222222222,166,Moderate
2025-06-07 23:00:00,100.1,267.3,38.0,1.041,32.2,49,1.1388888888888888,162,Moderate
2025-06-08 00:00:00,102.4,294.3,36.2,0.93,31.8,50,1.1111111111111112,163,Moderate
2025-06-08 01:00:00,103.4,312.0,32.6,0.737,31.5,50,1.3055555555555556,163,Moderate
2025-06-08 02:00:00,103.4,325.0,29.6,0.593,30.8,51,1.3333333333333333,163,Moderate
2025-06-08 03:00:00,102.7,335.3,27.8,0.548,30.4,52,1.472222222222222,163,Moderate
2025-06-08 04:00:00,102.9,342.7,26.6,0.553,29.9,53,1.5,164,Moderate
2025-06-08 05:00:00,99.7,395.8,28.6,0.591,29.2,56,1.1944444444444444,164,Moderate
2025-06-08 06:00:00,98.3,392.1,28.6,0.692,31.8,48,1.5833333333333333,164,Moderate
2025-06-08 07:00:00,98.3,399.5,28.3,0.826,33.0,45,0.7222222222222222,164,Moderate
2025-06-08 08:00:00,99.2,436.8,26.2,0.887,34.5,42,1.027777777777778,165,Moderate
2025-06-08 09:00:00,100.1,461.0,20.4,0.804,36.5,37,0.9444444444444444,167,Moderate
2025-06-08 10:00:00,95.0,442.4,12.7,0.646,38.8,31,0.6666666666666666,171,Moderate
2025-06-08 11:00:00,89.2,405.1,6.9,0.52,40.8,25,0.5,174,Moderate
2025-06-08 12:00:00,79.2,366.0,4.4,0.466,42.0,22,1.9166666666666667,177,Moderate
2025-06-08 13:00:00,72.6,356.7,3.6,0.443,42.3,23,3.083333333333333,180,Moderate
2025-06-08 14:00:00,71.0,391.2,4.0,0.43,42.1,24,3.2777777777777777,183,Moderate
2025-06-08 15:00:00,73.8,456.3,4.4,0.406,42.5,21,2.944444444444444,188,Moderate
2025-06-08 16:00:00,79.4,525.3,6.0,0.392,42.0,22,3.1666666666666665,200,Moderate
2025-06-08 17:00:00,102.9,600.0,10.1,0.425,41.2,24,3.0277777777777777,202,Poor
2025-06-08 18:00:00,117.8,600.0,18.2,0.54,41.8,19,2.972222222222222,223,Poor
2025-06-08 19:00:00,137.4,600.0,29.4,0.702,39.0,31,2.0833333333333335,259,Poor
2025-06-08 20:00:00,153.2,600.0,38.3,0.849,37.0,45,0.9166666666666666,300,Poor
2025-06-08 21:00:00,165.3,600.0,42.6,0.973,36.4,46,1.3333333333333333,340,Very Poor
2025-06-08 22:00:00,171.8,600.0,44.7,1.081,35.5,47,1.1944444444444444,382,Very Poor
2025-06-08 23:00:00,166.7,600.0,46.1,1.134,35.0,46,1.1388888888888888,421,Severe
2025-06-09 00:00:00,155.5,600.0,47.1,1.096,34.5,50,0.888888888888889,454,Severe
2025-06-09 01:00:00,145.8,600.0,47.5,1.003,34.0,43,1.3611111111111112,480,Severe
2025-06-09 02:00:00,137.4,600.0,47.5,0.916,33.2,41,1.6666666666666665,500,Severe
2025-06-09 03:00:00,136.0,600.0,47.7,0.847,31.4,48,1.027777777777778,515,Severe
2025-06-09 04:00:00,133.2,597.9,47.7,0.786,31.0,52,0.2777777777777778,527,Severe
2025-06-09 05:00:00,115.0,450.8,38.4,0.759,30.2,56,0.41666666666666663,538,Severe
2025-06-09 06:00:00,118.5,399.5,36.7,0.815,32.8,44,1.0833333333333333,540,Severe
2025-06-09 07:00:00,119.7,379.0,33.9,0.906,34.2,41,1.3055555555555556,540,Severe
2025-06-09 08:00:00,119.7,446.1,29.7,0.917,36.5,35,1.0833333333333333,539,Severe
2025-06-09 09:00:00,114.1,453.6,22.5,0.765,38.5,30,2.111111111111111,540,Severe
2025-06-09 10:00:00,100.6,412.6,13.8,0.534,40.4,24,2.694444444444444,539,Severe
2025-06-09 11:00:00,86.1,356.7,7.2,0.359,41.8,20,2.888888888888889,538,Severe
2025-06-09 12:00:00,73.8,344.6,4.2,0.3,42.8,19,2.944444444444444,536,Severe
2025-06-09 13:00:00,71.5,397.7,3.4,0.298,43.3,18,3.222222222222222,535,Severe
2025-06-09 14:00:00,75.0,499.2,3.7,0.309,43.5,17,3.5,537,Severe
2025-06-09 15:00:00,84.5,600.0,4.2,0.314,43.5,16,3.8333333333333335,541,Severe
2025-06-09 16:00:00,96.2,600.0,5.9,0.332,42.8,18,4.305555555555555,549,Severe
2025-06-09 17:00:00,103.1,600.0,10.8,0.374,42.0,20,4.0,559,Severe
2025-06-09 18:00:00,116.2,600.0,18.9,0.453,42.2,18,4.972222222222221,558,Severe
2025-06-09 19:00:00,131.3,600.0,30.4,0.557,41.2,17,4.472222222222222,558,Severe
2025-06-09 20:00:00,142.5,600.0,40.6,0.661,39.8,17,3.3611111111111107,557,Severe
2025-06-09 21:00:00,151.3,600.0,48.9,0.79,38.0,20,2.0277777777777777,553,Severe
2025-06-09 22:00:00,160.2,600.0,55.8,0.92,36.9,22,1.8611111111111112,549,Severe
2025-06-09 23:00:00,163.0,600.0,59.1,0.952,36.3,22,1.8888888888888888,545,Severe
2025-06-10 00:00:00,155.1,600.0,56.1,0.801,35.3,24,1.75,542,Severe
2025-06-10 01:00:00,149.9,600.0,49.3,0.552,34.0,27,1.5555555555555554,539,Severe
2025-06-10 02:00:00,140.6,600.0,43.9,0.365,32.7,29,1.4166666666666665,540,Severe
2025-06-10 03:00:00,130.9,600.0,42.3,0.304,31.8,30,1.4166666666666665,543,Severe
2025-06-10 04:00:00,121.1,600.0,42.1,0.305,30.9,31,1.3055555555555556,545,Severe
2025-06-10 05:00:00,131.8,600.0,26.8,0.334,30.6,29,1.7222222222222223,546,Severe
2025-06-10 06:00:00,127.1,600.0,26.3,0.41,32.7,31,2.0277777777777777,559,Severe
2025-06-10 07:00:00,116.4,523.4,25.4,0.514,34.2,27,1.9444444444444444,570,Severe
2025-06-10 08:00:00,106.6,542.0,23.0,0.562,36.2,22,2.4722222222222223,576,Severe
2025-06-10 09:00:00,94.8,501.1,17.7,0.497,38.3,19,3.333333333333333,580,Severe
2025-06-10 10:00:00,80.8,441.4,11.0,0.375,40.0,18,3.7777777777777777,582,Severe
2025-06-10 11:00:00,68.0,392.1,5.9,0.283,41.2,18,3.8333333333333335,583,Severe
2025-06-10 12:00:00,67.1,434.9,3.7,0.257,42.1,17,3.611111111111111,584,Severe
2025-06-10 13:00:00,75.9,560.7,3.2,0.261,42.8,16,3.8333333333333335,588,Severe
2025-06-10 14:00:00,85.9,600.0,3.8,0.273,43.0,16,3.7777777777777777,595,Severe
2025-06-10 15:00:00,92.7,600.0,3.9,0.264,42.9,16,3.7777777777777777,603,Severe
2025-06-10 16:00:00,94.8,600.0,5.2,0.263,42.5,16,3.611111111111111,610,Severe
2025-06-10 17:00:00,126.7,600.0,11.6,0.338,41.8,17,3.222222222222222,613,Severe
2025-06-10 18:00:00,136.0,600.0,28.2,0.575,42.0,17,3.083333333333333,628,Severe
2025-06-10 19:00:00,147.1,600.0,51.4,0.887,40.5,19,1.5555555555555554,639,Severe
2025-06-10 20:00:00,163.4,600.0,70.2,1.08,38.7,29,0.6388888888888888,646,Severe
2025-06-10 21:00:00,166.7,600.0,81.1,1.041,37.0,30,0.9722222222222222,654,Severe
2025-06-10 22:00:00,160.2,600.0,87.6,0.883,35.7,40,0.9444444444444444,657,Severe
2025-06-10 23:00:00,147.1,600.0,89.9,0.754,34.8,41,1.027777777777778,652,Severe
2025-06-11 00:00:00,133.2,586.7,86.2,0.718,34.0,43,1.1388888888888888,641,Severe
2025-06-11 01:00:00,124.8,501.1,78.3,0.711,33.2,42,1.3888888888888888,630,Severe
2025-06-11 02:00:00,119.7,447.0,71.0,0.686,32.3,43,1.25,617,Severe
2025-06-11 03:00:00,116.9,406.1,66.4,0.599,31.3,52,0.6111111111111112,605,Severe
2025-06-11 04:00:00,114.1,373.5,62.6,0.494,30.9,57,0.11111111111111112,593,Severe
2025-06-11 05:00:00,78.7,506.6,24.3,0.455,30.1,54,0.7222222222222222,583,Severe
2025-06-11 06:00:00,81.7,475.9,24.0,0.56,33.5,30,2.2222222222222223,572,Severe
2025-06-11 07:00:00,92.0,534.6,23.3,0.73,34.5,27,1.8611111111111112,565,Severe
2025-06-11 08:00:00,102.9,600.0,21.4,0.813,36.2,25,2.111111111111111,565,Severe
2025-06-11 09:00:00,109.9,600.0,17.2,0.717,37.8,24,2.4722222222222223,569,Severe
2025-06-11 10:00:00,106.9,600.0,11.7,0.534,38.8,24,2.361111111111111,579,Severe
2025-06-11 11:00:00,97.3,556.9,7.5,0.389,40.2,23,2.1944444444444446,589,Severe
2025-06-11 12:00:00,89.4,462.9,5.5,0.331,41.4,22,2.138888888888889,596,Severe
2025-06-11 13:00:00,82.9,415.4,4.7,0.31,42.4,21,2.0,597,Severe
2025-06-11 14:00:00,78.5,385.6,5.0,0.306,42.8,21,2.361111111111111,591,Severe
2025-06-11 15:00:00,75.7,366.9,6.7,0.309,42.3,23,2.75,578,Severe
2025-06-11 16:00:00,73.6,351.1,9.5,0.328,41.3,27,3.0277777777777777,560,Severe
2025-06-11 17:00:00,93.6,577.4,12.6,0.369,40.0,31,3.083333333333333,540,Severe
2025-06-11 18:00:00,88.0,464.7,14.7,0.444,39.0,35,2.833333333333333,518,Severe
2025-06-11 19:00:00,93.1,404.2,17.7,0.54,37.4,42,2.5833333333333335,490,Severe
2025-06-11 20:00:00,106.2,451.7,19.9,0.631,36.4,48,2.4722222222222223,463,Severe
2025-06-11 21:00:00,114.8,486.2,20.8,0.723,35.3,54,2.5555555555555554,435,Severe
2025-06-11 22:00:00,117.3,486.2,21.0,0.808,34.3,59,2.1666666666666665,413,Severe
2025-06-11 23:00:00,118.5,480.6,20.9,0.84,33.8,61,1.6666666666666665,395,Very Poor
2025-06-12 00:00:00,118.5,476.8,20.1,0.775,33.3,61,1.8055555555555556,383,Very Poor
2025-06-12 01:00:00,118.0,470.3,18.9,0.657,32.9,61,1.7222222222222223,377,Very Poor
2025-06-12 02:00:00,115.9,442.4,18.6,0.563,32.3,63,1.6388888888888888,375,Very Poor
2025-06-12 03:00:00,112.5,404.2,20.1,0.52,31.8,64,1.9166666666666667,375,Very Poor
2025-06-12 04:00:00,109.9,361.4,22.5,0.502,31.1,66,1.8611111111111112,375,Very Poor
2025-06-12 05:00:00,127.1,431.2,26.3,0.513,30.7,68,1.8611111111111112,374,Very Poor
2025-06-12 06:00:00,126.2,423.8,26.5,0.578,32.2,64,1.5555555555555554,370,Very Poor
2025-06-12 07:00:00,127.1,438.7,26.4,0.672,33.5,58,1.6388888888888888,368,Very Poor
2025-06-12 08:00:00,128.1,474.0,24.7,0.722,35.5,50,1.4166666666666665,363,Very Poor
2025-06-12 09:00:00,126.7,506.6,19.6,0.685,37.0,47,1.972222222222222,354,Very Poor
2025-06-12 10:00:00,124.8,555.1,12.8,0.604,38.8,42,2.305555555555556,342,Very Poor
2025-06-12 11:00:00,119.0,600.0,7.6,0.533,39.5,42,2.861111111111111,335,Very Poor
2025-06-12 12:00:00,112.9,600.0,5.4,0.487,40.0,42,2.861111111111111,338,Very Poor
2025-06-12 13:00:00,105.0,558.8,4.8,0.452,41.0,38,2.1666666666666665,345,Very Poor
2025-06-12 14:00:00,99.0,514.1,5.4,0.44,41.8,36,1.6944444444444442,353,Very Poor
2025-06-12 15:00:00,95.5,478.7,7.4,0.467,42.0,34,1.972222222222222,359,Very Poor
2025-06-12 16:00:00,92.4,445.2,10.5,0.517,40.5,38,2.138888888888889,365,Very Poor
2025-06-12 17:00:00,74.7,263.6,12.2,0.557,39.5,40,1.8888888888888888,370,Very Poor
2025-06-12 18:00:00,78.5,248.7,14.7,0.568,39.2,36,2.8055555555555554,354,Very Poor
2025-06-12 19:00:00,86.8,299.9,18.1,0.569,37.8,41,2.694444444444444,343,Very Poor
2025-06-12 20:00:00,99.4,397.7,20.3,0.577,37.0,45,2.388888888888889,337,Very Poor
2025-06-12 21:00:00,106.6,449.8,20.2,0.611,36.2,49,2.6666666666666665,334,Very Poor
2025-06-12 22:00:00,112.0,475.9,18.8,0.653,35.2,53,2.4722222222222223,332,Very Poor
2025-06-12 23:00:00,112.5,465.7,17.7,0.662,34.3,54,2.0277777777777777,332,Very Poor
2025-06-13 00:00:00,111.5,454.5,17.1,0.604,33.5,55,2.4444444444444446,331,Very Poor
2025-06-13 01:00:00,110.4,453.6,16.7,0.514,32.8,56,2.3333333333333335,330,Very Poor
2025-06-13 02:00:00,110.6,469.4,16.8,0.452,32.3,56,2.25,329,Very Poor
2025-06-13 03:00:00,112.2,499.2,17.6,0.446,31.9,58,2.111111111111111,330,Very Poor
2025-06-13 04:00:00,112.2,502.9,18.8,0.469,31.3,61,1.9166666666666667,335,Very Poor
2025-06-13 05:00:00,103.8,369.7,24.9,0.503,31.0,63,2.1666666666666665,343,Very Poor
2025-06-13 06:00:00,105.0,435.9,24.1,0.558,33.1,62,1.777777777777778,340,Very Poor
2025-06-13 07:00:00,106.2,497.3,22.9,0.624,34.3,58,2.1944444444444446,340,Very Poor
2025-06-13 08:00:00,110.1,545.8,20.6,0.659,36.1,49,2.5277777777777777,343,Very Poor
2025-06-13 09:00:00,111.1,556.9,16.3,0.631,38.0,42,2.1944444444444446,347,Very Poor
2025-06-13 10:00:00,111.5,566.2,11.0,0.572,39.2,39,2.5833333333333335,350,Very Poor
2025-06-13 11:00:00,111.3,579.3,7.0,0.527,39.7,40,3.083333333333333,350,Very Poor
2025-06-13 12:00:00,110.8,600.0,5.3,0.516,39.0,45,3.4722222222222223,349,Very Poor
2025-06-13 13:00:00,110.6,600.0,5.1,0.519,38.8,47,3.555555555555556,349,Very Poor
2025-06-13 14:00:00,109.7,600.0,5.7,0.526,39.8,43,2.4166666666666665,354,Very Poor
2025-06-13 15:00:00,105.7,600.0,7.3,0.539,39.8,42,2.694444444444444,362,Very Poor
2025-06-13 16:00:00,102.0,600.0,9.8,0.557,39.3,43,2.861111111111111,372,Very Poor
2025-06-13 17:00:00,112.9,600.0,12.0,0.563,38.3,47,3.3055555555555554,381,Very Poor
2025-06-13 18:00:00,107.1,600.0,15.0,0.543,35.6,49,3.3611111111111107,405,Severe
2025-06-13 19:00:00,101.3,568.1,19.2,0.511,34.6,54,3.138888888888889,422,Severe
2025-06-13 20:00:00,97.1,516.0,22.4,0.498,34.0,57,2.5555555555555554,433,Severe
2025-06-13 21:00:00,94.3,488.0,23.6,0.527,33.4,60,1.8611111111111112,438,Severe
2025-06-13 22:00:00,93.6,476.8,23.9,0.575,32.8,62,1.8611111111111112,439,Severe
2025-06-13 23:00:00,93.8,475.0,23.7,0.605,32.4,64,1.972222222222222,440,Severe
2025-06-14 00:00:00,97.3,499.2,23.1,0.597,32.0,64,2.0277777777777777,440,Severe
2025-06-14 01:00:00,103.1,538.3,22.0,0.57,31.7,65,2.1666666666666665,442,Severe
2025-06-14 02:00:00,108.5,556.9,21.6,0.55,31.4,65,1.5833333333333333,445,Severe
2025-06-14 03:00:00,108.7,542.0,22.3,0.54,31.0,67,1.4166666666666665,449,Severe
2025-06-14 04:00:00,105.5,486.2,23.6,0.536,30.7,68,1.5,451,Severe
2025-06-14 05:00:00,98.0,407.9,24.3,0.551,30.3,70,1.5277777777777777,450,Severe
2025-06-14 06:00:00,91.0,337.1,25.1,0.609,30.7,69,1.6666666666666665,452,Severe
2025-06-14 07:00:00,87.1,296.2,25.9,0.685,32.1,64,1.6666666666666665,448,Severe
2025-06-14 08:00:00,85.4,285.0,24.8,0.717,34.0,58,1.6666666666666665,439,Severe
2025-06-14 09:00:00,86.6,300.8,19.9,0.662,35.9,52,1.6388888888888888,428,Severe
2025-06-14 10:00:00,88.0,322.2,13.1,0.563,37.7,46,1.5277777777777777,418,Severe
2025-06-14 11:00:00,90.6,355.8,7.9,0.49,39.3,39,1.3333333333333333,407,Severe
2025-06-14 12:00:00,92.2,380.0,5.8,0.472,40.8,34,0.8333333333333333,398,Very Poor
2025-06-14 13:00:00,92.2,386.5,5.4,0.479,42.0,31,0.4722222222222222,386,Very Poor
2025-06-14 14:00:00,89.9,371.6,5.9,0.489,42.5,28,0.4722222222222222,372,Very Poor
2025-06-14 15:00:00,84.8,339.9,7.2,0.495,42.6,28,1.8055555555555556,356,Very Poor
2025-06-14 16:00:00,79.4,308.3,9.4,0.504,40.0,40,3.8333333333333335,339,Very Poor
2025-06-14 17:00:00,72.6,308.3,13.0,0.517,38.5,42,1.5555555555555554,323,Very Poor
2025-06-14 18:00:00,72.4,262.6,20.2,0.534,38.4,35,2.6666666666666665,300,Poor
2025-06-14 19:00:00,74.5,238.0,29.9,0.555,37.3,38,2.1666666666666665,277,Poor
2025-06-14 20:00:00,81.3,250.5,36.6,0.584,37.0,38,1.6388888888888888,257,Poor
2025-06-14 21:00:00,87.3,318.5,37.5,0.636,36.3,39,2.111111111111111,241,Poor
2025-06-14 22:00:00,93.4,380.9,35.3,0.695,35.2,45,2.4444444444444446,231,Poor
2025-06-14 23:00:00,99.2,448.0,32.3,0.72,34.8,47,2.25,225,Poor
2025-06-15 00:00:00,104.8,495.5,28.5,0.678,34.2,48,1.8611111111111112,224,Poor
2025-06-15 01:00:00,106.9,527.1,23.9,0.602,33.5,49,1.7222222222222223,224,Poor
2025-06-15 02:00:00,110.1,547.6,20.7,0.549,32.8,52,1.6388888888888888,223,Poor
2025-06-15 03:00:00,111.3,545.8,19.9,0.548,32.0,54,1.472222222222222,222,Poor
2025-06-15 04:00:00,111.1,529.0,20.4,0.57,31.6,55,1.2222222222222223,223,Poor
2025-06-15 05:00:00,99.2,416.3,24.8,0.589,31.1,57,1.1111111111111112,225,Poor
2025-06-15 06:00:00,91.0,330.6,26.2,0.595,30.5,65,3.611111111111111,226,Poor
2025-06-15 07:00:00,82.7,289.6,27.8,0.598,32.0,60,3.75,225,Poor
2025-06-15 08:00:00,82.7,293.4,27.3,0.599,32.3,50,2.0277777777777777,225,Poor
2025-06-15 09:00:00,85.0,316.6,22.5,0.604,35.2,41,0.7222222222222222,225,Poor
2025-06-15 10:00:00,97.1,414.4,15.6,0.607,34.7,51,4.083333333333333,226,Poor
2025-06-15 11:00:00,101.7,437.7,10.1,0.596,32.2,61,3.8055555555555554,232,Poor
2025-06-15 12:00:00,104.3,467.5,7.3,0.556,35.3,49,3.0,237,Poor
2025-06-15 13:00:00,103.1,476.8,6.0,0.502,37.5,42,3.1111111111111107,242,Poor
2025-06-15 14:00:00,101.7,493.6,6.0,0.467,38.4,40,2.694444444444444,247,Poor
2025-06-15 15:00:00,103.4,529.0,7.6,0.471,37.6,41,2.111111111111111,255,Poor
2025-06-15 16:00:00,100.8,489.9,10.5,0.494,37.8,41,1.6666666666666665,266,Poor
2025-06-15 17:00:00,99.9,519.7,14.5,0.513,37.8,41,1.2777777777777777,277,Poor
2025-06-15 18:00:00,103.1,529.0,20.3,0.515,33.8,60,1.6388888888888888,289,Poor
2025-06-15 19:00:00,111.1,543.9,28.4,0.514,33.3,61,1.5277777777777777,304,Very Poor
2025-06-15 20:00:00,117.6,530.9,34.4,0.526,33.2,62,1.1111111111111112,320,Very Poor
2025-06-15 21:00:00,118.3,512.2,36.6,0.571,32.8,67,0.6666666666666666,335,Very Poor
2025-06-15 22:00:00,116.6,472.2,36.8,0.629,32.2,68,1.1666666666666667,345,Very Poor
2025-06-15 23:00:00,113.6,435.9,35.8,0.659,31.7,72,1.3055555555555556,350,Very Poor
2025-06-16 00:00:00,110.4,417.2,33.4,0.634,30.9,75,1.3333333333333333,349,Very Poor
2025-06-16 01:00:00,105.2,384.6,29.9,0.581,30.1,80,1.4444444444444444,345,Very Poor
2025-06-16 02:00:00,100.8,346.5,27.2,0.535,29.6,82,1.472222222222222,338,Very Poor
2025-06-16 03:00:00,95.5,291.5,26.5,0.493,29.4,83,1.5,327,Very Poor
2025-06-16 04:00:00,93.8,280.3,26.6,0.458,28.5,85,4.083333333333333,314,Very Poor
2025-06-16 05:00:00,78.5,172.3,19.7,0.482,25.4,92,3.75,301,Very Poor
2025-06-16 06:00:00,73.8,164.8,22.9,0.628,25.4,93,1.9166666666666667,287,Poor
2025-06-16 07:00:00,72.6,171.4,27.2,0.832,25.7,95,1.6944444444444442,277,Poor
2025-06-16 08:00:00,74.3,180.7,28.5,0.952,27.3,88,0.5277777777777778,270,Poor
2025-06-16 09:00:00,77.3,215.1,24.2,0.907,27.5,88,0.5555555555555556,263,Poor
2025-06-16 10:00:00,80.6,256.1,16.9,0.778,27.5,88,1.1388888888888888,257,Poor
2025-06-16 11:00:00,85.9,302.7,11.2,0.664,30.5,75,2.3333333333333335,248,Poor
2025-06-16 12:00:00,85.2,312.9,8.5,0.589,31.2,73,1.5,240,Poor
2025-06-16 13:00:00,78.5,269.2,7.3,0.529,31.5,72,1.7222222222222223,230,Poor
2025-06-16 14:00:00,77.1,287.8,7.2,0.506,32.2,69,1.611111111111111,218,Poor
2025-06-16 15:00:00,78.7,294.3,8.3,0.536,32.3,67,0.9444444444444444,206,Poor
2025-06-16 16:00:00,79.6,294.3,10.6,0.603,32.5,67,1.0,197,Moderate
2025-06-16 17:00:00,85.9,448.0,13.1,0.688,32.2,69,1.4444444444444444,203,Poor
2025-06-16 18:00:00,84.3,369.7,18.0,0.81,31.6,71,1.3888888888888888,204,Poor
2025-06-16 19:00:00,87.8,326.0,24.9,0.95,30.4,76,1.75,201,Poor
2025-06-16 20:00:00,86.8,281.3,30.3,1.029,29.9,79,1.1666666666666667,187,Moderate
2025-06-16 21:00:00,77.5,196.0,33.0,1.006,29.6,80,1.611111111111111,178,Moderate
2025-06-16 22:00:00,75.0,146.7,34.4,0.922,29.3,79,0.16666666666666666,172,Moderate
2025-06-16 23:00:00,79.4,136.9,34.7,0.82,27.0,95,1.9444444444444444,166,Moderate
2025-06-17 00:00:00,74.7,113.2,34.0,0.691,27.2,94,1.5555555555555554,165,Moderate
2025-06-17 01:00:00,70.5,99.0,32.4,0.544,26.8,93,2.8055555555555554,164,Moderate
2025-06-17 02:00:00,65.9,89.9,30.2,0.449,26.7,93,0.9444444444444444,164,Moderate
2025-06-17 03:00:00,57.0,77.8,26.5,0.435,26.5,94,1.3333333333333333,163,Moderate
2025-06-17 04:00:00,48.5,71.5,22.3,0.474,26.0,94,1.4444444444444444,162,Moderate
2025-06-17 05:00:00,42.6,117.8,20.9,0.549,25.5,93,2.7222222222222223,161,Moderate
2025-06-17 06:00:00,38.5,122.0,24.5,0.7,26.5,93,1.4444444444444444,160,Moderate
2025-06-17 07:00:00,40.6,112.2,29.2,0.887,27.1,90,0.4444444444444445,159,Moderate
2025-06-17 08:00:00,43.8,108.0,30.8,0.98,28.1,85,1.3888888888888888,159,Moderate
2025-06-17 09:00:00,45.2,108.3,26.5,0.89,29.6,79,1.3888888888888888,158,Moderate
2025-06-17 10:00:00,44.9,134.1,19.1,0.705,31.1,74,1.4166666666666665,157,Moderate
2025-06-17 11:00:00,44.2,145.3,13.0,0.56,32.4,68,1.5277777777777777,157,Moderate
2025-06-17 12:00:00,38.6,90.6,9.6,0.503,33.2,65,1.2222222222222223,156,Moderate
2025-06-17 13:00:00,39.1,93.8,7.6,0.485,33.7,64,1.0833333333333333,155,Moderate
2025-06-17 14:00:00,40.7,104.3,7.1,0.495,34.0,63,1.027777777777778,154,Moderate
2025-06-17 15:00:00,42.3,105.9,7.2,0.513,33.8,64,1.6388888888888888,153,Moderate
2025-06-17 16:00:00,43.4,106.4,9.0,0.559,33.3,64,1.6944444444444442,173,Moderate
2025-06-17 17:00:00,53.9,69.8,35.6,0.675,33.2,66,1.2777777777777777,196,Moderate
2025-06-17 18:00:00,60.5,82.7,42.9,0.95,31.1,78,0.16666666666666666,201,Poor
2025-06-17 19:00:00,66.6,92.0,53.2,1.296,30.4,82,0.5277777777777778,198,Moderate
2025-06-17 20:00:00,82.0,107.8,62.3,1.491,29.7,79,2.2222222222222223,185,Moderate
2025-06-17 21:00:00,91.5,116.4,70.3,1.402,28.1,84,2.5833333333333335,164,Moderate
2025-06-17 22:00:00,100.8,122.9,77.2,1.161,27.2,84,1.8333333333333333,150,Moderate
2025-06-17 23:00:00,105.2,127.1,78.8,0.946,27.0,81,1.3888888888888888,151,Moderate
2025-06-18 00:00:00,101.0,127.6,71.6,0.811,26.2,84,0.6388888888888888,151,Moderate
2025-06-18 01:00:00,98.5,127.1,59.2,0.702,25.6,88,1.2777777777777777,152,Moderate
2025-06-18 02:00:00,94.3,142.0,48.2,0.631,25.4,88,1.5555555555555554,152,Moderate
2025-06-18 03:00:00,85.2,115.7,40.8,0.611,24.9,86,1.5277777777777777,153,Moderate
2025-06-18 04:00:00,75.2,96.4,34.8,0.631,24.5,89,2.2777777777777777,154,Moderate
2025-06-18 05:00:00,46.8,46.8,22.3,0.666,24.4,91,1.4166666666666665,154,Moderate
2025-06-18 06:00:00,44.7,44.7,25.2,0.732,26.1,88,0.7777777777777777,154,Moderate
2025-06-18 07:00:00,41.7,41.8,28.9,0.814,26.9,86,1.6944444444444442,154,Moderate
2025-06-18 08:00:00,34.8,34.9,30.0,0.845,27.9,83,1.1944444444444444,154,Moderate
2025-06-18 09:00:00,25.9,26.0,26.0,0.774,29.0,79,1.0555555555555556,154,Moderate
2025-06-18 10:00:00,22.6,22.7,19.3,0.652,30.3,74,0.7777777777777777,154,Moderate
2025-06-18 11:00:00,23.5,23.6,13.6,0.56,31.4,69,0.9444444444444444,153,Moderate
2025-06-18 12:00:00,24.0,24.2,10.0,0.531,32.2,66,0.888888888888889,153,Moderate
2025-06-18 13:00:00,23.9,24.3,7.4,0.532,32.8,63,0.6944444444444444,152,Moderate
2025-06-18 14:00:00,24.6,34.7,6.6,0.551,33.3,61,0.3611111111111111,152,Moderate
2025-06-18 15:00:00,26.4,70.8,7.1,0.555,33.5,59,0.6388888888888888,152,Moderate
2025-06-18 16:00:00,31.8,116.2,9.3,0.577,33.5,56,0.6944444444444444,151,Moderate
2025-06-18 17:00:00,45.3,49.7,15.9,0.696,33.5,55,0.5277777777777778,157,Moderate
2025-06-18 18:00:00,49.2,65.2,24.8,1.041,32.0,69,1.1666666666666667,169,Moderate
2025-06-18 19:00:00,54.5,63.6,37.0,1.483,30.8,74,1.5277777777777777,172,Moderate
2025-06-18 20:00:00,60.3,65.4,45.9,1.717,30.0,77,1.5555555555555554,165,Moderate
2025-06-18 21:00:00,64.5,68.7,48.8,1.555,29.4,80,1.3611111111111112,151,Moderate
2025-06-18 22:00:00,64.0,68.5,48.4,1.185,29.1,83,1.0833333333333333,147,Moderate
2025-06-18 23:00:00,62.9,68.9,46.7,0.871,28.8,84,1.0833333333333333,143,Moderate
2025-06-19 00:00:00,59.6,67.1,43.8,0.715,28.5,86,0.9722222222222222,139,Moderate
2025-06-19 01:00:00,55.2,64.0,39.6,0.614,28.1,88,1.2222222222222223,135,Moderate
2025-06-19 02:00:00,50.8,60.5,35.8,0.529,27.9,89,1.027777777777778,130,Moderate
2025-06-19 03:00:00,47.4,56.6,33.1,0.429,27.6,89,1.2222222222222223,126,Moderate
2025-06-19 04:00:00,44.8,52.7,30.7,0.345,27.6,87,1.472222222222222,122,Moderate
2025-06-19 05:00:00,55.4,57.3,37.8,0.325,27.5,84,1.8611111111111112,118,Moderate
2025-06-19 06:00:00,50.4,54.5,33.9,0.435,27.2,87,1.3611111111111112,119,Moderate
2025-06-19 07:00:00,46.7,62.2,28.2,0.61,28.2,83,0.6111111111111112,120,Moderate
2025-06-19 08:00:00,42.4,58.7,22.7,0.7,29.7,76,0.8333333333333333,120,Moderate
2025-06-19 09:00:00,37.5,59.8,17.4,0.614,30.8,73,1.472222222222222,121,Moderate
2025-06-19 10:00:00,35.9,64.3,12.1,0.442,31.5,70,2.0,122,Moderate
2025-06-19 11:00:00,35.5,64.0,8.2,0.312,31.6,68,1.972222222222222,124,Moderate
2025-06-19 12:00:00,36.2,77.8,6.3,0.271,32.3,66,2.361111111111111,125,Moderate
2025-06-19 13:00:00,33.9,57.2,5.7,0.27,32.5,63,2.694444444444444,126,Moderate
2025-06-19 14:00:00,32.4,49.1,6.3,0.29,32.8,61,2.4166666666666665,127,Moderate
2025-06-19 15:00:00,34.5,97.3,7.3,0.319,32.7,61,2.3333333333333335,145,Moderate
2025-06-19 16:00:00,31.8,69.4,9.3,0.369,32.8,61,2.361111111111111,162,Moderate
2025-06-19 17:00:00,43.2,111.8,14.5,0.452,32.0,65,2.5277777777777777,174,Moderate
2025-06-19 18:00:00,46.0,125.3,23.0,0.614,31.6,68,1.1944444444444444,182,Moderate
2025-06-19 19:00:00,51.3,93.8,34.6,0.809,30.4,75,1.5277777777777777,181,Moderate
2025-06-19 20:00:00,53.1,80.6,43.0,0.918,29.8,79,1.3888888888888888,170,Moderate
2025-06-19 21:00:00,52.4,74.7,45.3,0.872,29.4,82,1.5,153,Moderate
2025-06-19 22:00:00,53.0,72.4,44.5,0.739,28.9,85,1.5833333333333333,128,Moderate
2025-06-19 23:00:00,54.4,71.7,42.5,0.605,28.3,87,1.027777777777778,125,Moderate
2025-06-20 00:00:00,55.3,70.5,39.9,0.486,27.9,87,1.3611111111111112,124,Moderate
2025-06-20 01:00:00,56.7,69.8,36.1,0.366,27.6,87,1.2777777777777777,124,Moderate
2025-06-20 02:00:00,55.3,67.5,32.3,0.287,27.4,89,1.0833333333333333,124,Moderate
2025-06-20 03:00:00,52.3,67.1,28.3,0.27,26.4,93,2.861111111111111,124,Moderate
2025-06-20 04:00:00,49.1,63.1,24.1,0.294,26.0,95,1.972222222222222,125,Moderate
2025-06-20 05:00:00,42.5,61.0,23.2,0.339,26.0,94,1.9166666666666667,125,Moderate
2025-06-20 06:00:00,37.7,53.2,23.9,0.419,27.5,92,1.5833333333333333,124,Moderate
2025-06-20 07:00:00,31.2,42.7,24.7,0.519,28.1,89,1.472222222222222,123,Moderate
2025-06-20 08:00:00,27.6,42.5,24.2,0.573,29.1,83,2.0,121,Moderate
2025-06-20 09:00:00,24.4,33.9,21.1,0.536,30.0,79,2.638888888888889,119,Moderate
2025-06-20 10:00:00,20.1,23.7,16.6,0.453,30.4,77,2.638888888888889,118,Moderate
2025-06-20 11:00:00,17.6,19.3,13.1,0.392,31.4,74,2.2777777777777777,116,Moderate
2025-06-20 12:00:00,16.6,17.5,11.0,0.38,31.4,73,2.8055555555555554,115,Moderate
2025-06-20 13:00:00,16.6,17.6,9.9,0.39,30.0,77,2.7777777777777777,113,Moderate
2025-06-20 14:00:00,18.3,19.6,10.5,0.408,30.5,74,2.5555555555555554,111,Moderate
2025-06-20 15:00:00,20.1,21.9,12.8,0.424,31.0,72,2.3333333333333335,109,Moderate
2025-06-20 16:00:00,21.8,23.7,16.9,0.448,30.8,73,2.1944444444444446,108,Moderate
2025-06-20 17:00:00,45.6,120.1,14.2,0.492,30.5,75,2.5,107,Moderate
2025-06-20 18:00:00,48.7,135.0,22.3,0.58,30.2,78,1.8055555555555556,118,Moderate
2025-06-20 19:00:00,57.0,157.9,33.5,0.688,29.2,83,1.777777777777778,122,Moderate
2025-06-20 20:00:00,64.0,193.7,42.3,0.756,28.6,86,1.6944444444444442,115,Moderate
2025-06-20 21:00:00,69.8,216.1,46.6,0.756,28.1,88,1.8333333333333333,109,Moderate
2025-06-20 22:00:00,74.7,230.0,48.5,0.717,27.8,90,1.75,111,Moderate
2025-06-20 23:00:00,77.5,238.0,48.6,0.666,27.5,91,1.8333333333333333,113,Moderate
2025-06-21 00:00:00,77.5,237.5,46.2,0.601,27.4,93,1.777777777777778,115,Moderate
2025-06-21 01:00:00,75.9,210.9,42.0,0.525,27.0,94,1.8611111111111112,118,Moderate
2025-06-21 02:00:00,74.5,185.8,38.5,0.476,26.8,93,1.8888888888888888,120,Moderate
2025-06-21 03:00:00,75.2,168.1,37.3,0.473,26.5,93,1.3333333333333333,122,Moderate
2025-06-21 04:00:00,74.5,153.2,36.9,0.497,26.4,93,1.0555555555555556,124,Moderate
2025-06-21 05:00:00,81.0,156.5,43.9,0.531,26.2,94,0.6944444444444444,127,Moderate
2025-06-21 06:00:00,80.6,143.9,38.2,0.59,27.3,92,1.472222222222222,131,Moderate
2025-06-21 07:00:00,76.4,156.5,30.1,0.659,28.0,90,0.5,135,Moderate
2025-06-21 08:00:00,59.4,144.8,22.8,0.678,29.4,84,1.0,140,Moderate
2025-06-21 09:00:00,48.5,108.7,17.1,0.6,31.0,73,1.6388888888888888,143,Moderate
2025-06-21 10:00:00,45.2,81.3,12.2,0.471,32.3,65,1.9166666666666667,146,Moderate
2025-06-21 11:00:00,44.4,70.3,8.6,0.377,33.3,61,2.0277777777777777,148,Moderate
2025-06-21 12:00:00,44.4,63.3,6.6,0.35,34.1,57,1.8333333333333333,150,Moderate
2025-06-21 13:00:00,44.6,59.4,6.0,0.357,34.5,55,1.472222222222222,151,Moderate
2025-06-21 14:00:00,44.9,57.3,6.5,0.379,35.1,54,1.2777777777777777,151,Moderate
2025-06-21 15:00:00,45.3,55.5,6.4,0.375,35.0,55,1.027777777777778,160,Moderate
2025-06-21 16:00:00,44.4,53.1,7.3,0.387,34.8,56,0.8055555555555555,186,Moderate
2025-06-21 17:00:00,36.9,39.6,13.3,0.521,34.5,59,0.6388888888888888,203,Poor
2025-06-21 18:00:00,41.7,63.1,27.9,0.909,32.6,69,0.6944444444444444,206,Poor
2025-06-21 19:00:00,51.6,73.8,48.1,1.418,31.4,77,1.027777777777778,205,Poor
2025-06-21 20:00:00,59.4,91.0,63.2,1.762,31.0,80,1.1111111111111112,200,Moderate
2025-06-21 21:00:00,61.2,99.9,68.5,1.812,30.5,82,1.0,178,Moderate
2025-06-21 22:00:00,62.6,104.3,68.7,1.695,30.0,85,1.0555555555555556,152,Moderate
2025-06-21 23:00:00,62.6,105.7,67.7,1.511,29.5,87,1.4166666666666665,152,Moderate
2025-06-22 00:00:00,61.7,101.5,66.4,1.242,29.2,88,1.4444444444444444,152,Moderate
2025-06-22 01:00:00,61.0,97.6,63.9,0.906,29.0,88,1.3055555555555556,151,Moderate
2025-06-22 02:00:00,60.5,94.5,61.3,0.645,28.7,87,1.25,151,Moderate
2025-06-22 03:00:00,59.6,91.3,59.4,0.52,28.5,87,1.4444444444444444,151,Moderate
2025-06-22 04:00:00,58.3,88.2,57.3,0.471,28.2,88,1.027777777777778,150,Moderate
2025-06-22 05:00:00,61.0,75.9,50.9,0.465,28.1,88,1.1111111111111112,150,Moderate
2025-06-22 06:00:00,58.9,73.6,46.1,0.521,29.8,81,1.3055555555555556,148,Moderate
2025-06-22 07:00:00,56.7,71.0,39.3,0.619,30.5,79,1.2222222222222223,146,Moderate
2025-06-22 08:00:00,51.9,94.5,32.3,0.668,31.6,71,0.6111111111111112,144,Moderate
2025-06-22 09:00:00,42.5,70.8,25.2,0.608,32.9,64,1.0833333333333333,143,Moderate
2025-06-22 10:00:00,40.6,57.7,18.0,0.499,33.8,60,1.0555555555555556,143,Moderate
2025-06-22 11:00:00,42.0,59.0,12.5,0.424,34.3,59,0.8611111111111112,142,Moderate
2025-06-22 12:00:00,45.6,64.7,9.6,0.423,31.8,69,3.555555555555556,142,Moderate
2025-06-22 13:00:00,47.3,64.5,8.5,0.457,32.2,68,0.9722222222222222,142,Moderate
2025-06-22 14:00:00,48.8,61.0,8.7,0.493,33.2,65,0.8055555555555555,142,Moderate
2025-06-22 15:00:00,51.1,64.5,9.6,0.518,33.8,63,1.0,146,Moderate
2025-06-22 16:00:00,52.3,91.3,11.8,0.546,33.8,63,1.3888888888888888,175,Moderate
2025-06-22 17:00:00,54.6,74.0,17.0,0.582,33.5,64,1.3333333333333333,197,Moderate
2025-06-22 18:00:00,56.0,86.8,23.3,0.628,32.2,68,2.0277777777777777,207,Poor
2025-06-22 19:00:00,61.9,88.9,32.0,0.681,31.1,74,1.3611111111111112,211,Poor
2025-06-22 20:00:00,61.5,125.7,38.5,0.745,30.5,78,1.25,210,Poor
2025-06-22 21:00:00,60.3,123.4,41.0,0.843,30.0,80,1.472222222222222,205,Poor
2025-06-22 22:00:00,62.6,126.7,41.3,0.951,29.6,82,1.0,191,Moderate
2025-06-22 23:00:00,68.7,170.0,40.3,0.997,29.3,84,1.1388888888888888,166,Moderate
2025-06-23 00:00:00,67.1,174.6,37.5,0.927,29.0,85,1.3888888888888888,149,Moderate
2025-06-23 01:00:00,67.5,173.7,33.4,0.795,28.8,86,1.4444444444444444,150,Moderate
2025-06-23 02:00:00,65.7,159.3,30.2,0.697,28.4,88,0.9722222222222222,150,Moderate
2025-06-23 03:00:00,62.6,141.1,29.0,0.674,28.1,89,0.9166666666666666,150,Moderate
2025-06-23 04:00:00,62.6,134.1,28.7,0.686,27.9,92,0.5277777777777778,150,Moderate
2025-06-23 05:00:00,88.9,299.0,39.4,0.703,27.9,92,0.5555555555555556,150,Moderate
2025-06-23 06:00:00,81.3,246.8,38.0,0.732,29.4,89,0.11111111111111112,151,Moderate
2025-06-23 07:00:00,75.4,234.7,35.8,0.767,30.4,81,1.7222222222222223,151,Moderate
2025-06-23 08:00:00,66.8,177.9,32.2,0.764,31.1,78,1.0833333333333333,152,Moderate
2025-06-23 09:00:00,55.4,127.6,26.0,0.686,32.3,72,0.41666666666666663,152,Moderate
2025-06-23 10:00:00,49.9,93.1,18.3,0.569,33.6,64,1.3611111111111112,153,Moderate
2025-06-23 11:00:00,54.5,82.0,12.3,0.477,34.5,59,2.138888888888889,153,Moderate
2025-06-23 12:00:00,60.1,81.5,9.0,0.433,35.0,57,1.8888888888888888,153,Moderate
2025-06-23 13:00:00,60.3,81.7,7.4,0.414,35.6,54,1.6944444444444442,153,Moderate
2025-06-23 14:00:00,61.2,88.2,7.2,0.41,35.7,53,1.777777777777778,154,Moderate
2025-06-23 15:00:00,63.1,87.3,6.5,0.424,35.7,53,2.138888888888889,154,Moderate
2025-06-23 16:00:00,68.9,97.1,7.2,0.453,35.3,54,2.388888888888889,177,Moderate
2025-06-23 17:00:00,59.8,120.1,15.0,0.483,34.3,59,2.4722222222222223,201,Poor
2025-06-23 18:00:00,59.6,132.2,25.3,0.512,33.0,65,2.361111111111111,206,Poor
2025-06-23 19:00:00,63.1,126.2,39.4,0.542,32.0,70,1.8888888888888888,206,Poor
2025-06-23 20:00:00,64.7,122.0,48.8,0.568,31.2,75,1.472222222222222,201,Poor
2025-06-23 21:00:00,62.4,120.1,49.2,0.591,30.5,79,1.472222222222222,180,Moderate
2025-06-23 22:00:00,60.1,119.0,44.8,0.611,29.8,83,1.7222222222222223,156,Moderate
2025-06-23 23:00:00,57.3,124.3,40.2,0.616,29.4,84,1.5833333333333333,155,Moderate
2025-06-24 00:00:00,54.2,126.2,36.5,0.596,28.9,85,1.5,155,Moderate
2025-06-24 01:00:00,51.7,116.9,32.5,0.563,28.5,87,1.5277777777777777,154,Moderate
2025-06-24 02:00:00,51.3,126.2,29.4,0.538,28.2,88,1.75,154,Moderate
2025-06-24 03:00:00,52.6,151.3,27.9,0.524,27.9,90,1.972222222222222,154,Moderate
2025-06-24 04:00:00,53.7,169.0,27.2,0.518,27.5,91,1.4166666666666665,153,Moderate
2025-06-24 05:00:00,54.6,102.2,28.0,0.541,27.4,92,1.4166666666666665,153,Moderate
2025-06-24 06:00:00,54.0,98.7,29.0,0.627,27.8,86,1.4444444444444444,152,Moderate
2025-06-24 07:00:00,55.6,117.8,30.3,0.742,28.2,84,1.1666666666666667,152,Moderate
2025-06-24 08:00:00,56.1,122.0,29.8,0.799,30.1,76,1.027777777777778,151,Moderate
2025-06-24 09:00:00,54.6,131.8,26.2,0.743,31.8,70,1.1666666666666667,151,Moderate
2025-06-24 10:00:00,53.4,124.8,20.8,0.63,33.0,65,1.1666666666666667,151,Moderate
2025-06-24 11:00:00,55.8,120.1,16.0,0.539,34.4,59,0.888888888888889,151,Moderate
2025-06-24 12:00:00,62.6,143.9,12.3,0.502,35.9,53,0.9722222222222222,151,Moderate
2025-06-24 13:00:00,66.4,148.1,9.1,0.487,36.6,50,1.027777777777778,151,Moderate
2025-06-24 14:00:00,68.7,157.9,7.7,0.485,36.8,48,0.41666666666666663,151,Moderate
2025-06-24 15:00:00,70.5,165.8,7.5,0.497,36.5,48,0.6944444444444444,170,Moderate
2025-06-24 16:00:00,71.9,165.8,9.0,0.52,36.0,50,1.8611111111111112,201,Poor
2025-06-24 17:00:00,70.1,102.0,15.8,0.541,35.2,54,2.1944444444444446,214,Poor
2025-06-24 18:00:00,71.0,124.8,25.7,0.547,32.0,77,1.0555555555555556,222,Poor
2025-06-24 19:00:00,75.2,105.0,39.3,0.55,31.6,78,0.9722222222222222,224,Poor
2025-06-24 20:00:00,79.6,100.6,48.3,0.567,31.3,81,1.1388888888888888,222,Poor
2025-06-24 21:00:00,78.0,102.7,49.1,0.623,31.1,82,0.9166666666666666,215,Poor
2025-06-24 22:00:00,74.5,88.2,45.4,0.693,30.8,83,1.6666666666666665,204,Poor
2025-06-24 23:00:00,66.4,75.9,39.9,0.723,30.4,83,1.7222222222222223,178,Moderate
2025-06-25 00:00:00,56.9,77.5,32.2,0.673,30.0,83,2.0277777777777777,154,Moderate
2025-06-25 01:00:00,48.7,56.3,22.7,0.584,29.6,81,2.25,154,Moderate
2025-06-25 02:00:00,41.8,46.6,16.0,0.521,29.0,82,2.5277777777777777,154,Moderate
2025-06-25 03:00:00,36.4,38.9,13.8,0.513,28.4,84,2.5555555555555554,154,Moderate
2025-06-25 04:00:00,38.8,41.1,14.4,0.532,27.0,93,2.611111111111111,153,Moderate
2025-06-25 05:00:00,36.0,52.9,22.4,0.558,26.7,94,1.1666666666666667,153,Moderate
2025-06-25 06:00:00,32.1,52.4,27.3,0.598,27.4,94,1.4444444444444444,152,Moderate
2025-06-25 07:00:00,40.9,86.4,33.8,0.645,27.9,92,2.5,152,Moderate
2025-06-25 08:00:00,48.5,108.7,36.6,0.662,28.2,89,2.9166666666666665,152,Moderate
2025-06-25 09:00:00,51.5,124.3,32.2,0.619,28.4,87,2.944444444444444,151,Moderate
2025-06-25 10:00:00,47.7,112.2,24.2,0.545,28.2,88,2.944444444444444,151,Moderate
2025-06-25 11:00:00,44.1,88.5,17.7,0.488,28.5,86,3.333333333333333,151,Moderate
2025-06-25 12:00:00,43.3,89.4,14.5,0.465,28.5,86,3.1666666666666665,151,Moderate
2025-06-25 13:00:00,40.5,76.4,12.9,0.458,30.0,79,2.4166666666666665,151,Moderate
2025-06-25 14:00:00,36.9,54.6,13.0,0.463,31.2,72,2.5555555555555554,150,Moderate
2025-06-25 15:00:00,36.9,46.7,15.0,0.466,31.6,71,2.694444444444444,147,Moderate
2025-06-25 16:00:00,38.2,43.8,18.6,0.481,32.0,70,2.4166666666666665,143,Moderate
2025-06-25 17:00:00,43.4,44.4,25.2,0.545,32.0,69,2.0277777777777777,140,Moderate
2025-06-25 18:00:00,45.1,45.9,33.9,0.712,30.9,79,1.611111111111111,137,Moderate
2025-06-25 19:00:00,53.4,53.8,45.5,0.927,29.8,84,1.75,134,Moderate
2025-06-25 20:00:00,57.6,79.4,52.2,1.071,29.1,87,1.611111111111111,132,Moderate
2025-06-25 21:00:00,57.5,88.2,49.4,1.092,28.8,89,2.305555555555556,130,Moderate
2025-06-25 22:00:00,56.6,107.3,41.6,1.042,28.5,89,2.4444444444444446,128,Moderate
2025-06-25 23:00:00,56.2,143.0,34.3,0.947,28.4,89,2.361111111111111,126,Moderate
2025-06-26 00:00:00,52.3,109.2,28.9,0.786,28.2,90,2.638888888888889,125,Moderate
2025-06-26 01:00:00,49.8,83.6,23.9,0.582,28.1,91,1.6944444444444442,124,Moderate
2025-06-26 02:00:00,49.0,91.7,20.3,0.43,26.8,94,1.777777777777778,124,Moderate
2025-06-26 03:00:00,44.1,57.6,18.5,0.371,25.9,95,1.2222222222222223,125,Moderate
2025-06-26 04:00:00,42.8,51.5,18.0,0.364,26.1,94,1.972222222222222,126,Moderate
2025-06-26 05:00:00,40.5,55.3,17.6,0.389,26.1,95,2.2222222222222223,126,Moderate
2025-06-26 06:00:00,40.7,49.4,18.9,0.467,28.4,88,1.8611111111111112,127,Moderate
2025-06-26 07:00:00,42.7,49.7,20.6,0.577,29.2,85,1.777777777777778,128,Moderate
2025-06-26 08:00:00,41.6,46.9,21.4,0.632,30.4,81,1.75,128,Moderate
2025-06-26 09:00:00,40.4,44.5,20.7,0.576,31.6,73,2.388888888888889,127,Moderate
2025-06-26 10:00:00,34.9,37.7,19.0,0.464,32.5,68,2.2777777777777777,126,Moderate
2025-06-26 11:00:00,32.0,34.1,16.9,0.377,33.2,64,2.5277777777777777,125,Moderate
2025-06-26 12:00:00,33.4,35.4,13.6,0.344,33.8,62,2.972222222222222,123,Moderate
2025-06-26 13:00:00,34.3,36.4,9.9,0.335,34.3,60,2.833333333333333,122,Moderate
2025-06-26 14:00:00,34.5,38.2,7.9,0.342,34.5,58,2.611111111111111,122,Moderate
2025-06-26 15:00:00,34.2,41.4,8.0,0.352,34.4,58,2.5,121,Moderate
2025-06-26 16:00:00,33.3,44.6,9.9,0.378,34.0,60,2.5,121,Moderate
2025-06-26 17:00:00,41.2,180.7,15.2,0.45,33.5,64,2.388888888888889,121,Moderate
2025-06-26 18:00:00,44.5,176.5,23.5,0.629,32.5,71,1.6944444444444442,130,Moderate
2025-06-26 19:00:00,49.0,165.3,34.7,0.855,31.4,77,1.3055555555555556,134,Moderate
2025-06-26 20:00:00,50.4,160.7,41.8,0.976,30.9,78,2.111111111111111,128,Moderate
2025-06-26 21:00:00,48.8,154.1,40.9,0.9,30.5,79,2.4722222222222223,119,Moderate
2025-06-26 22:00:00,47.0,153.7,35.8,0.72,30.1,79,2.4166666666666665,118,Moderate
2025-06-26 23:00:00,47.8,177.9,31.1,0.566,29.6,80,2.2222222222222223,117,Moderate
2025-06-27 00:00:00,47.3,189.1,28.2,0.481,29.1,81,2.138888888888889,116,Moderate
2025-06-27 01:00:00,46.7,188.6,25.7,0.421,28.8,83,1.7222222222222223,116,Moderate
2025-06-27 02:00:00,44.7,164.8,24.2,0.385,28.5,85,1.75,116,Moderate
2025-06-27 03:00:00,43.3,145.8,24.6,0.379,28.1,86,2.138888888888889,115,Moderate
2025-06-27 04:00:00,42.6,140.2,26.0,0.396,27.9,86,2.25,115,Moderate
2025-06-27 05:00:00,49.6,171.4,27.2,0.42,27.7,86,2.1944444444444446,115,Moderate
2025-06-27 06:00:00,43.2,104.3,25.7,0.456,29.2,83,1.8888888888888888,116,Moderate
2025-06-27 07:00:00,39.6,77.3,23.5,0.498,29.9,80,1.8055555555555556,116,Moderate
2025-06-27 08:00:00,34.0,51.6,20.5,0.513,30.4,77,2.0833333333333335,116,Moderate
2025-06-27 09:00:00,30.3,39.7,15.8,0.475,30.7,75,2.25,115,Moderate
2025-06-27 10:00:00,28.2,44.6,10.3,0.41,31.4,74,1.75,114,Moderate
2025-06-27 11:00:00,27.1,41.7,6.3,0.358,32.1,71,1.4444444444444444,113,Moderate
2025-06-27 12:00:00,27.4,52.3,4.8,0.334,32.6,69,1.25,113,Moderate
2025-06-27 13:00:00,28.7,73.3,4.8,0.325,33.4,67,1.5833333333333333,112,Moderate
2025-06-27 14:00:00,27.5,61.7,5.7,0.327,33.7,65,2.1944444444444446,112,Moderate
2025-06-27 15:00:00,27.0,53.0,5.8,0.338,33.7,63,2.111111111111111,113,Moderate
2025-06-27 16:00:00,26.1,47.0,6.9,0.36,33.5,63,1.972222222222222,135,Moderate
2025-06-27 17:00:00,36.4,93.4,16.2,0.404,33.0,66,1.9166666666666667,152,Moderate
2025-06-27 18:00:00,37.8,71.9,24.6,0.493,32.7,69,1.6388888888888888,158,Moderate
2025-06-27 19:00:00,40.3,63.1,36.2,0.603,31.5,74,1.5277777777777777,156,Moderate
2025-06-27 20:00:00,45.2,78.9,44.2,0.668,30.9,76,1.8055555555555556,143,Moderate
2025-06-27 21:00:00,45.8,83.6,45.4,0.65,30.2,79,1.3888888888888888,120,Moderate
2025-06-27 22:00:00,45.3,87.3,43.2,0.587,29.8,82,1.1666666666666667,106,Moderate
2025-06-27 23:00:00,45.1,85.7,40.7,0.526,29.4,85,1.027777777777778,106,Moderate
2025-06-28 00:00:00,41.9,66.8,38.6,0.48,28.6,86,2.5833333333333335,106,Moderate
2025-06-28 01:00:00,39.1,57.4,36.3,0.436,27.2,91,0.6666666666666666,105,Moderate
2025-06-28 02:00:00,39.3,54.4,35.1,0.405,26.6,93,1.6388888888888888,105,Moderate
2025-06-28 03:00:00,41.0,55.1,36.3,0.387,26.0,95,2.3333333333333335,104,Moderate
2025-06-28 04:00:00,43.3,57.4,38.6,0.382,25.6,95,1.7222222222222223,104,Moderate
2025-06-28 05:00:00,42.5,59.6,33.2,0.406,25.6,94,1.3333333333333333,104,Moderate
2025-06-28 06:00:00,40.6,56.6,30.6,0.493,28.3,90,0.6944444444444444,103,Moderate
2025-06-28 07:00:00,38.0,59.1,26.8,0.609,29.5,82,0.5,103,Moderate
2025-06-28 08:00:00,34.1,61.9,22.6,0.669,30.5,79,0.9444444444444444,103,Moderate
2025-06-28 09:00:00,32.5,66.1,17.8,0.615,31.8,71,1.1111111111111112,103,Moderate
2025-06-28 10:00:00,31.1,61.7,12.6,0.505,32.9,63,1.1111111111111112,103,Moderate
2025-06-28 11:00:00,30.7,52.6,8.8,0.421,33.8,59,1.2222222222222223,103,Moderate
2025-06-28 12:00:00,31.5,49.5,6.8,0.394,34.8,55,0.9444444444444444,104,Moderate
2025-06-28 13:00:00,32.2,49.2,6.1,0.394,35.5,54,0.4722222222222222,104,Moderate
2025-06-28 14:00:00,33.4,54.6,7.3,0.413,36.0,53,0.5555555555555556,104,Moderate
2025-06-28 15:00:00,36.6,71.5,11.0,0.45,36.2,52,0.8611111111111112,132,Moderate
2025-06-28 16:00:00,38.3,97.6,16.6,0.505,35.8,52,1.4444444444444444,159,Moderate
2025-06-28 17:00:00,50.4,72.4,13.3,0.573,35.0,54,0.9444444444444444,176,Moderate
2025-06-28 18:00:00,58.6,75.9,22.5,0.678,31.4,75,0.75,196,Moderate
2025-06-28 19:00:00,74.3,87.3,35.1,0.796,31.0,80,0.7222222222222222,202,Poor
2025-06-28 20:00:00,62.4,81.7,43.4,0.843,30.7,81,1.0833333333333333,201,Poor
2025-06-28 21:00:00,51.9,74.0,43.2,0.761,30.5,83,1.027777777777778,189,Moderate
2025-06-28 22:00:00,49.6,55.9,38.8,0.608,30.0,84,1.472222222222222,173,Moderate
2025-06-28 23:00:00,51.1,56.3,35.3,0.479,29.2,88,1.472222222222222,154,Moderate
2025-06-29 00:00:00,51.6,57.0,35.0,0.407,27.5,93,2.3333333333333335,130,Moderate
2025-06-29 01:00:00,49.9,56.2,35.6,0.358,26.9,95,2.8055555555555554,119,Moderate
2025-06-29 02:00:00,50.5,56.6,35.1,0.327,26.5,97,1.7222222222222223,120,Moderate
2025-06-29 03:00:00,50.3,57.4,31.9,0.301,26.3,96,1.3055555555555556,121,Moderate
2025-06-29 04:00:00,45.8,54.1,27.8,0.292,26.1,96,1.972222222222222,122,Moderate
2025-06-29 05:00:00,44.8,72.6,36.2,0.34,26.0,97,1.75,122,Moderate
2025-06-29 06:00:00,42.1,68.2,38.2,0.502,28.3,95,1.2777777777777777,123,Moderate
2025-06-29 07:00:00,45.8,73.6,40.9,0.72,29.0,90,0.2777777777777778,123,Moderate
2025-06-29 08:00:00,47.6,92.9,41.4,0.854,29.8,83,0.9166666666666666,124,Moderate
2025-06-29 09:00:00,47.1,122.5,37.9,0.825,30.0,81,1.2777777777777777,125,Moderate
2025-06-29 10:00:00,46.9,137.8,32.2,0.713,30.8,77,1.8611111111111112,127,Moderate
2025-06-29 11:00:00,46.3,129.9,27.8,0.616,31.9,70,1.6944444444444442,128,Moderate
2025-06-29 12:00:00,45.5,119.0,25.5,0.566,33.2,62,1.472222222222222,130,Moderate
2025-06-29 13:00:00,45.3,106.2,24.4,0.532,33.3,62,0.6388888888888888,131,Moderate
2025-06-29 14:00:00,46.6,97.1,24.9,0.52,32.0,68,1.027777777777778,133,Moderate
2025-06-29 15:00:00,47.1,90.8,26.0,0.535,32.0,67,1.6388888888888888,134,Moderate
2025-06-29 16:00:00,48.9,88.2,28.6,0.572,31.6,70,1.0833333333333333,135,Moderate
2025-06-29 17:00:00,46.6,71.2,41.1,0.626,31.5,71,0.6388888888888888,136,Moderate
2025-06-29 18:00:00,50.9,70.3,48.5,0.714,30.5,74,1.75,136,Moderate
2025-06-29 19:00:00,57.3,73.3,58.9,0.819,30.0,78,1.4166666666666665,135,Moderate
2025-06-29 20:00:00,60.5,75.0,67.2,0.884,29.5,81,1.0555555555555556,133,Moderate
2025-06-29 21:00:00,67.3,80.3,72.9,0.893,29.0,83,1.5833333333333333,133,Moderate
2025-06-29 22:00:00,76.4,87.3,76.6,0.863,28.8,85,1.5277777777777777,135,Moderate
2025-06-29 23:00:00,71.2,81.3,75.0,0.787,28.5,86,1.4444444444444444,138,Moderate
2025-06-30 00:00:00,56.8,65.4,64.2,0.628,28.2,88,1.0833333333333333,140,Moderate
2025-06-30 01:00:00,39.8,46.0,48.2,0.424,27.5,88,1.777777777777778,140,Moderate
2025-06-30 02:00:00,36.0,42.6,35.8,0.284,25.5,96,2.305555555555556,139,Moderate
2025-06-30 03:00:00,35.6,42.0,31.0,0.262,25.1,98,2.1944444444444446,138,Moderate
2025-06-30 04:00:00,38.0,44.7,29.8,0.304,25.3,96,1.0555555555555556,136,Moderate
2025-06-30 05:00:00,41.0,47.0,25.9,0.363,25.3,96,1.3611111111111112,135,Moderate
2025-06-30 06:00:00,35.4,42.1,26.8,0.442,26.1,95,1.8333333333333333,135,Moderate
2025-06-30 07:00:00,35.2,43.7,27.8,0.538,26.0,94,2.361111111111111,134,Moderate
2025-06-30 08:00:00,37.0,46.3,27.1,0.591,26.7,86,1.75,133,Moderate
2025-06-30 09:00:00,37.5,48.2,23.0,0.559,28.1,79,2.055555555555556,132,Moderate
2025-06-30 10:00:00,36.1,52.2,17.1,0.484,29.6,76,1.3888888888888888,131,Moderate
2025-06-30 11:00:00,36.2,62.9,13.0,0.436,30.4,74,1.3055555555555556,130,Moderate
2025-06-30 12:00:00,37.0,71.0,11.7,0.429,31.1,73,0.0,129,Moderate
2025-06-30 13:00:00,44.7,90.6,12.1,0.449,31.5,73,0.3055555555555556,128,Moderate
2025-06-30 14:00:00,42.7,80.1,14.2,0.518,32.0,71,0.41666666666666663,128,Moderate
2025-06-30 15:00:00,45.2,74.3,17.8,0.653,29.7,79,1.8888888888888888,127,Moderate
2025-06-30 16:00:00,47.7,75.0,23.2,0.836,26.6,93,0.1388888888888889,127,Moderate
2025-06-30 17:00:00,42.0,131.3,26.1,1.045,27.0,92,0.8611111111111112,127,Moderate
2025-06-30 18:00:00,44.5,149.5,34.9,1.334,28.6,85,0.5555555555555556,127,Moderate
2025-06-30 19:00:00,51.2,132.2,46.8,1.647,28.2,88,1.5555555555555554,126,Moderate
2025-06-30 20:00:00,56.7,118.5,54.0,1.793,27.5,92,1.8055555555555556,125,Moderate
2025-06-30 21:00:00,53.2,101.7,51.5,1.653,26.6,96,0.5833333333333334,125,Moderate
2025-06-30 22:00:00,46.1,88.5,44.3,1.346,26.6,97,1.027777777777778,123,Moderate
2025-06-30 23:00:00,43.8,74.3,39.0,1.041,26.5,97,0.6944444444444444,120,Moderate
2025-07-01 00:00:00,39.8,62.9,39.0,0.763,26.3,98,0.5555555555555556,117,Moderate
2025-07-01 01:00:00,39.8,60.8,41.0,0.487,26.1,98,0.3055555555555556,116,Moderate
2025-07-01 02:00:00,43.7,69.4,42.0,0.308,25.9,96,1.4444444444444444,116,Moderate
2025-07-01 03:00:00,34.5,52.3,40.7,0.285,25.4,95,1.8333333333333333,116,Moderate
2025-07-01 04:00:00,31.8,44.0,38.4,0.359,24.8,97,1.3055555555555556,116,Moderate
2025-07-01 05:00:00,53.8,74.0,42.7,0.444,25.0,96,1.3888888888888888,116,Moderate
2025-07-01 06:00:00,53.1,73.1,40.4,0.536,26.0,98,1.8611111111111112,117,Moderate
2025-07-01 07:00:00,53.7,68.7,37.0,0.64,26.4,97,1.3333333333333333,119,Moderate
2025-07-01 08:00:00,52.4,61.9,32.6,0.687,26.8,97,1.2777777777777777,121,Moderate
2025-07-01 09:00:00,39.8,45.8,26.7,0.626,26.7,95,1.3611111111111112,122,Moderate
2025-07-01 10:00:00,36.2,40.3,19.8,0.507,28.1,87,1.3611111111111112,123,Moderate
2025-07-01 11:00:00,34.8,37.6,14.2,0.411,30.9,71,1.972222222222222,123,Moderate
2025-07-01 12:00:00,35.7,65.4,10.4,0.36,32.0,65,2.055555555555556,123,Moderate
2025-07-01 13:00:00,34.9,77.5,7.9,0.331,32.8,61,2.25,122,Moderate
2025-07-01 14:00:00,33.2,68.7,7.0,0.336,33.0,59,1.972222222222222,121,Moderate
2025-07-01 15:00:00,31.4,48.4,6.8,0.378,33.2,60,1.6666666666666665,120,Moderate
2025-07-01 16:00:00,30.9,41.4,8.2,0.454,32.9,61,1.4166666666666665,126,Moderate
2025-07-01 17:00:00,32.7,55.1,15.6,0.565,32.3,64,1.3333333333333333,150,Moderate
2025-07-01 18:00:00,37.5,52.7,33.6,0.751,30.9,74,1.2222222222222223,159,Moderate
2025-07-01 19:00:00,49.8,61.0,58.3,0.972,29.8,81,0.8055555555555555,159,Moderate
2025-07-01 20:00:00,58.2,66.4,75.6,1.109,29.6,84,0.3333333333333333,149,Moderate
2025-07-01 21:00:00,59.8,65.7,78.8,1.097,29.2,85,0.7222222222222222,124,Moderate
2025-07-01 22:00:00,60.5,65.9,74.6,1.0,28.8,86,0.9722222222222222,116,Moderate
2025-07-01 23:00:00,61.0,68.7,69.5,0.893,28.4,89,0.8611111111111112,118,Moderate
2025-07-02 00:00:00,60.3,69.6,65.2,0.787,28.0,91,0.7777777777777777,119,Moderate
2025-07-02 01:00:00,58.3,69.2,59.9,0.67,27.8,92,0.8611111111111112,122,Moderate
2025-07-02 02:00:00,55.1,66.4,55.2,0.582,27.5,92,1.1666666666666667,124,Moderate
2025-07-02 03:00:00,53.3,60.3,52.3,0.532,27.2,93,0.9444444444444444,125,Moderate
2025-07-02 04:00:00,53.0,57.6,49.9,0.511,27.0,94,1.0555555555555556,127,Moderate
2025-07-02 05:00:00,66.6,73.1,62.3,0.527,27.0,94,1.0,129,Moderate
2025-07-02 06:00:00,64.0,67.5,51.9,0.622,27.5,91,1.4444444444444444,130,Moderate
2025-07-02 07:00:00,55.1,59.5,37.3,0.754,28.4,88,1.0833333333333333,131,Moderate
2025-07-02 08:00:00,30.4,45.6,24.9,0.808,29.8,81,1.4444444444444444,132,Moderate
2025-07-02 09:00:00,24.9,43.5,16.9,0.703,31.0,73,2.305555555555556,129,Moderate
2025-07-02 10:00:00,31.5,98.7,11.1,0.52,31.6,73,2.5,128,Moderate
2025-07-02 11:00:00,29.4,67.1,7.1,0.389,32.6,69,2.6666666666666665,127,Moderate
2025-07-02 12:00:00,27.2,40.9,5.2,0.368,32.2,67,3.1666666666666665,127,Moderate
2025-07-02 13:00:00,27.5,43.2,5.1,0.398,31.9,70,1.9166666666666667,126,Moderate
2025-07-02 14:00:00,28.1,48.5,5.8,0.435,32.8,70,1.777777777777778,125,Moderate
2025-07-02 15:00:00,27.6,47.8,6.0,0.457,33.0,69,1.8888888888888888,143,Moderate
2025-07-02 16:00:00,27.7,49.8,6.9,0.486,32.8,70,1.7222222222222223,163,Moderate
2025-07-02 17:00:00,28.1,28.1,12.7,0.535,31.9,71,1.6944444444444442,175,Moderate
2025-07-02 18:00:00,31.4,32.7,24.2,0.636,31.5,73,2.1944444444444446,175,Moderate
2025-07-02 19:00:00,37.8,53.9,39.8,0.757,30.5,79,1.7222222222222223,168,Moderate
2025-07-02 20:00:00,42.6,60.8,49.8,0.824,30.0,83,1.4444444444444444,151,Moderate
2025-07-02 21:00:00,44.0,57.6,49.1,0.795,29.6,84,1.9444444444444444,122,Moderate
2025-07-02 22:00:00,43.0,56.7,42.9,0.711,29.1,85,1.8055555555555556,118,Moderate
2025-07-02 23:00:00,40.3,61.2,36.4,0.62,28.6,87,1.777777777777778,116,Moderate
2025-07-03 00:00:00,34.3,43.3,30.7,0.525,28.1,87,2.111111111111111,114,Moderate
2025-07-03 01:00:00,31.1,39.1,24.9,0.423,27.8,88,2.3333333333333335,111,Moderate
2025-07-03 02:00:00,28.9,35.7,21.1,0.357,27.5,90,1.7222222222222223,109,Moderate
2025-07-03 03:00:00,27.6,32.4,21.2,0.35,27.2,92,2.0,106,Moderate
2025-07-03 04:00:00,27.4,31.0,23.3,0.379,27.0,93,1.9444444444444444,103,Moderate
2025-07-03 05:00:00,30.5,34.3,22.7,0.421,26.8,93,2.361111111111111,100,Satisfactory
2025-07-03 06:00:00,27.7,29.5,21.5,0.488,27.4,89,1.9444444444444444,97,Satisfactory
2025-07-03 07:00:00,26.5,27.3,19.7,0.569,28.0,87,1.611111111111111,94,Satisfactory
2025-07-03 08:00:00,27.8,28.1,17.6,0.603,29.3,81,1.75,91,Satisfactory
2025-07-03 09:00:00,26.3,26.5,14.8,0.546,30.8,72,2.944444444444444,91,Satisfactory
2025-07-03 10:00:00,26.4,27.8,11.8,0.442,31.8,68,2.6666666666666665,91,Satisfactory
2025-07-03 11:00:00,28.3,57.7,9.4,0.366,32.5,64,2.75,91,Satisfactory
2025-07-03 12:00:00,29.9,57.4,8.1,0.349,33.0,64,2.3333333333333335,91,Satisfactory
2025-07-03 13:00:00,34.2,45.4,7.5,0.36,33.4,62,1.8888888888888888,91,Satisfactory
2025-07-03 14:00:00,34.9,51.9,7.9,0.385,33.5,62,1.6666666666666665,92,Satisfactory
2025-07-03 15:00:00,35.6,43.2,8.8,0.423,33.2,62,1.5,92,Satisfactory
2025-07-03 16:00:00,38.6,44.7,10.7,0.475,33.4,63,1.472222222222222,93,Satisfactory
2025-07-03 17:00:00,43.8,150.9,14.1,0.528,32.8,65,1.5555555555555554,105,Moderate
2025-07-03 18:00:00,47.4,139.2,29.3,0.589,32.0,71,1.2777777777777777,120,Moderate
2025-07-03 19:00:00,55.1,125.7,49.9,0.652,31.1,78,0.888888888888889,126,Moderate
2025-07-03 20:00:00,60.3,119.7,63.2,0.679,30.5,81,1.1111111111111112,119,Moderate
2025-07-03 21:00:00,61.2,108.0,62.5,0.647,29.9,84,1.3055555555555556,102,Moderate
2025-07-03 22:00:00,56.7,90.8,54.4,0.581,29.5,85,1.6666666666666665,102,Moderate
2025-07-03 23:00:00,50.9,77.3,46.0,0.515,29.0,85,2.055555555555556,103,Moderate
2025-07-04 00:00:00,44.9,65.7,38.7,0.456,28.6,85,2.111111111111111,104,Moderate
2025-07-04 01:00:00,41.9,65.2,31.0,0.399,28.0,87,2.2222222222222223,105,Moderate
2025-07-04 02:00:00,40.9,64.5,25.9,0.362,27.6,88,1.9166666666666667,106,Moderate
2025-07-04 03:00:00,40.5,60.1,25.4,0.354,27.4,90,1.777777777777778,108,Moderate
2025-07-04 04:00:00,41.1,54.9,27.4,0.368,27.1,91,1.75,109,Moderate
2025-07-04 05:00:00,41.2,86.8,26.9,0.398,26.8,93,1.027777777777778,110,Moderate
2025-07-04 06:00:00,40.9,93.4,25.4,0.463,28.2,91,1.7222222222222223,111,Moderate
2025-07-04 07:00:00,37.8,98.7,23.2,0.546,28.9,86,1.3888888888888888,113,Moderate
2025-07-04 08:00:00,33.8,76.6,20.4,0.589,29.9,80,1.0833333333333333,114,Moderate
2025-07-04 09:00:00,29.6,48.4,16.5,0.555,31.1,74,1.1666666666666667,115,Moderate
2025-07-04 10:00:00,28.6,37.5,12.0,0.481,32.3,68,1.1666666666666667,115,Moderate
2025-07-04 11:00:00,28.9,34.2,8.5,0.424,33.2,62,1.3333333333333333,115,Moderate
2025-07-04 12:00:00,30.3,41.7,6.6,0.407,34.1,60,1.4166666666666665,115,Moderate
2025-07-04 13:00:00,31.5,43.4,5.8,0.407,34.3,60,1.2222222222222223,115,Moderate
2025-07-04 14:00:00,32.6,44.0,6.2,0.416,34.2,61,0.7777777777777777,115,Moderate
2025-07-04 15:00:00,33.9,41.6,5.8,0.434,34.1,62,0.7222222222222222,122,Moderate
2025-07-04 16:00:00,35.5,41.4,6.7,0.462,34.1,61,0.9166666666666666,153,Moderate
2025-07-04 17:00:00,48.1,51.7,30.1,0.493,33.8,63,1.611111111111111,175,Moderate
2025-07-04 18:00:00,49.7,54.0,39.5,0.529,30.0,78,1.1388888888888888,187,Moderate
2025-07-04 19:00:00,56.7,61.2,52.7,0.569,29.5,81,1.1944444444444444,189,Moderate
2025-07-04 20:00:00,70.5,74.7,63.7,0.599,29.5,83,0.888888888888889,181,Moderate
2025-07-04 21:00:00,75.0,78.7,71.5,0.622,29.4,85,1.1388888888888888,166,Moderate
2025-07-04 22:00:00,82.9,86.4,77.3,0.636,29.1,87,1.1111111111111112,142,Moderate
2025-07-04 23:00:00,88.5,91.5,78.3,0.624,28.8,88,1.8611111111111112,120,Moderate
2025-07-05 00:00:00,79.6,81.7,72.1,0.562,28.5,87,1.8055555555555556,124,Moderate
2025-07-05 01:00:00,70.3,71.9,61.1,0.474,28.4,88,1.777777777777778,128,Moderate
2025-07-05 02:00:00,65.9,67.3,50.6,0.415,27.0,92,1.6944444444444442,131,Moderate
2025-07-05 03:00:00,58.7,60.3,41.4,0.41,26.8,94,0.5555555555555556,133,Moderate
2025-07-05 04:00:00,46.9,48.9,32.6,0.434,26.6,94,1.3611111111111112,135,Moderate
2025-07-05 05:00:00,70.8,73.6,53.5,0.468,26.5,95,0.4722222222222222,136,Moderate
2025-07-05 06:00:00,66.8,71.2,48.0,0.514,29.3,84,0.9166666666666666,139,Moderate
2025-07-05 07:00:00,64.0,69.8,40.1,0.569,30.1,80,0.8611111111111112,142,Moderate
2025-07-05 08:00:00,49.7,57.7,32.4,0.604,31.1,74,0.3333333333333333,144,Moderate
2025-07-05 09:00:00,41.1,49.6,25.4,0.598,32.7,66,0.3611111111111111,146,Moderate
2025-07-05 10:00:00,43.0,54.0,18.5,0.571,33.8,62,0.5833333333333334,147,Moderate
2025-07-05 11:00:00,46.2,57.6,13.2,0.553,34.9,57,0.2777777777777778,149,Moderate
2025-07-05 12:00:00,51.1,61.5,9.9,0.559,35.3,55,0.4444444444444445,150,Moderate
2025-07-05 13:00:00,54.7,63.8,8.0,0.573,35.5,55,0.3611111111111111,151,Moderate
2025-07-05 14:00:00,55.4,63.3,7.7,0.585,35.8,54,0.2777777777777778,151,Moderate
2025-07-05 15:00:00,55.5,62.4,8.7,0.589,35.6,54,1.6666666666666665,169,Moderate
2025-07-05 16:00:00,54.2,59.8,11.1,0.589,34.8,58,1.7222222222222223,201,Poor
2025-07-05 17:00:00,82.2,116.4,16.2,0.587,34.3,60,1.75,212,Poor
2025-07-05 18:00:00,89.4,115.0,36.3,0.581,33.1,62,1.8888888888888888,222,Poor
2025-07-05 19:00:00,105.7,125.3,63.7,0.572,31.6,70,1.5,225,Poor
2025-07-05 20:00:00,109.0,125.3,81.0,0.565,30.6,77,2.4722222222222223,222,Poor
2025-07-05 21:00:00,99.9,113.6,79.3,0.568,29.8,80,2.1944444444444446,212,Poor
2025-07-05 22:00:00,91.5,103.8,67.6,0.573,29.4,82,1.1666666666666667,198,Moderate
2025-07-05 23:00:00,83.4,97.3,55.4,0.561,29.1,83,1.1666666666666667,164,Moderate
2025-07-06 00:00:00,72.9,85.9,44.4,0.513,28.6,85,1.0555555555555556,157,Moderate
2025-07-06 01:00:00,62.2,71.0,33.0,0.447,28.4,86,1.4444444444444444,156,Moderate
2025-07-06 02:00:00,56.9,64.7,25.8,0.402,28.1,87,1.611111111111111,156,Moderate
2025-07-06 03:00:00,53.6,59.8,26.1,0.387,27.6,89,1.3055555555555556,156,Moderate
2025-07-06 04:00:00,53.1,60.5,30.6,0.393,27.4,91,1.1111111111111112,156,Moderate
2025-07-06 05:00:00,64.0,65.4,28.3,0.426,27.4,92,0.8055555555555555,156,Moderate
2025-07-06 06:00:00,60.1,61.5,30.1,0.518,27.8,85,1.5555555555555554,156,Moderate
2025-07-06 07:00:00,62.2,64.0,32.3,0.638,28.9,79,1.0555555555555556,156,Moderate
2025-07-06 08:00:00,58.3,61.9,32.1,0.7,30.2,74,1.4444444444444444,156,Moderate
2025-07-06 09:00:00,53.2,61.7,27.5,0.645,31.4,71,1.4444444444444444,156,Moderate
2025-07-06 10:00:00,57.0,65.2,20.5,0.532,33.0,64,1.4444444444444444,156,Moderate
2025-07-06 11:00:00,64.3,74.0,14.8,0.452,34.3,58,0.9166666666666666,157,Moderate
2025-07-06 12:00:00,68.7,78.5,11.3,0.442,34.7,57,0.6111111111111112,157,Moderate
2025-07-06 13:00:00,71.7,83.6,9.0,0.465,35.6,55,0.2777777777777778,157,Moderate
2025-07-06 14:00:00,76.4,93.1,8.3,0.497,35.6,55,0.5555555555555556,163,Moderate
2025-07-06 15:00:00,78.2,98.7,7.7,0.534,35.4,55,0.9722222222222222,201,Poor
2025-07-06 16:00:00,78.0,101.0,8.6,0.58,35.3,55,0.5833333333333334,219,Poor
2025-07-06 17:00:00,76.6,153.7,14.7,0.619,35.1,56,0.7777777777777777,234,Poor
2025-07-06 18:00:00,78.9,152.7,41.6,0.651,33.1,66,0.6388888888888888,241,Poor
2025-07-06 19:00:00,96.4,168.1,77.9,0.677,32.8,69,0.6944444444444444,241,Poor
2025-07-06 20:00:00,121.1,192.3,100.3,0.676,32.1,72,0.6388888888888888,233,Poor
2025-07-06 21:00:00,134.6,188.1,95.9,0.63,31.0,77,1.6666666666666665,220,Poor
2025-07-06 22:00:00,123.4,160.7,77.5,0.558,30.1,79,2.138888888888889,204,Poor
2025-07-06 23:00:00,114.3,149.9,59.8,0.5,27.5,87,1.6388888888888888,173,Moderate
2025-07-07 00:00:00,96.4,116.9,46.9,0.466,26.5,94,1.1388888888888888,161,Moderate
2025-07-07 01:00:00,91.5,128.1,34.8,0.445,26.5,94,0.11111111111111112,162,Moderate
2025-07-07 02:00:00,87.8,143.4,26.3,0.444,26.5,94,0.4444444444444445,162,Moderate
2025-07-07 03:00:00,77.8,166.7,23.7,0.445,26.4,94,0.8333333333333333,163,Moderate
2025-07-07 04:00:00,70.1,169.5,24.8,0.466,26.1,96,1.3611111111111112,163,Moderate
2025-07-07 05:00:00,71.5,101.0,30.4,0.571,26.0,97,1.4444444444444444,164,Moderate
2025-07-07 06:00:00,65.7,94.1,30.1,0.862,26.0,97,0.9166666666666666,164,Moderate
2025-07-07 07:00:00,57.7,94.8,29.5,1.236,26.3,95,1.027777777777778,164,Moderate
2025-07-07 08:00:00,43.7,77.5,28.2,1.447,26.4,97,1.8888888888888888,164,Moderate
2025-07-07 09:00:00,39.5,65.0,25.7,1.339,27.4,93,0.41666666666666663,164,Moderate
2025-07-07 10:00:00,38.2,61.9,22.4,1.067,28.5,86,0.7777777777777777,163,Moderate
2025-07-07 11:00:00,39.9,62.4,19.2,0.85,30.1,79,0.5,163,Moderate
2025-07-07 12:00:00,43.7,65.2,15.6,0.77,31.8,71,0.9444444444444444,162,Moderate
2025-07-07 13:00:00,48.2,70.5,11.9,0.746,32.8,66,0.6666666666666666,162,Moderate
2025-07-07 14:00:00,54.1,75.2,10.4,0.747,33.3,65,0.888888888888889,161,Moderate
2025-07-07 15:00:00,60.3,81.7,10.2,0.757,33.5,65,1.3333333333333333,161,Moderate
2025-07-07 16:00:00,63.3,88.2,12.1,0.792,33.3,65,1.3055555555555556,163,Moderate
2025-07-07 17:00:00,42.7,59.8,23.0,0.876,33.0,66,1.0555555555555556,191,Moderate
2025-07-07 18:00:00,47.6,64.7,32.3,1.037,31.1,75,1.25,201,Poor
2025-07-07 19:00:00,57.7,72.9,45.8,1.245,30.2,78,1.611111111111111,203,Poor
2025-07-07 20:00:00,69.2,84.8,60.4,1.436,29.7,82,1.027777777777778,201,Poor
2025-07-07 21:00:00,78.5,95.9,77.9,1.582,29.5,83,0.5833333333333334,187,Moderate
2025-07-07 22:00:00,95.0,114.1,96.6,1.709,29.5,82,0.0,162,Moderate
2025-07-07 23:00:00,115.7,133.2,107.8,1.837,28.7,87,0.6666666666666666,155,Moderate
2025-07-08 00:00:00,113.6,127.1,106.0,2.003,28.3,89,0.6388888888888888,155,Moderate
2025-07-08 01:00:00,103.4,114.6,96.9,2.169,28.0,90,0.8055555555555555,155,Moderate
2025-07-08 02:00:00,100.8,110.4,88.6,2.235,27.6,92,0.7222222222222222,156,Moderate
2025-07-08 03:00:00,102.4,111.3,85.0,2.139,27.4,92,1.1111111111111112,156,Moderate
2025-07-08 04:00:00,102.0,109.7,82.4,1.942,27.0,94,0.7222222222222222,156,Moderate
2025-07-08 05:00:00,76.6,88.7,62.1,1.729,27.0,94,0.9722222222222222,157,Moderate
2025-07-08 06:00:00,70.8,80.8,56.5,1.516,28.9,89,1.027777777777778,157,Moderate
2025-07-08 07:00:00,67.5,86.8,48.3,1.286,29.9,85,1.0,157,Moderate
2025-07-08 08:00:00,61.9,103.6,39.5,1.073,30.6,77,1.8055555555555556,158,Moderate
2025-07-08 09:00:00,54.5,115.0,29.5,0.885,31.4,73,1.1111111111111112,158,Moderate
2025-07-08 10:00:00,42.6,109.2,18.9,0.714,32.2,71,1.4166666666666665,158,Moderate
2025-07-08 11:00:00,43.1,109.9,10.9,0.575,33.0,66,2.1666666666666665,158,Moderate
2025-07-08 12:00:00,44.4,113.2,6.9,0.466,33.8,63,2.1666666666666665,158,Moderate
2025-07-08 13:00:00,45.9,135.0,5.5,0.388,34.1,62,2.111111111111111,158,Moderate
2025-07-08 14:00:00,47.5,174.6,6.1,0.356,34.3,59,2.1944444444444446,158,Moderate
2025-07-08 15:00:00,49.5,223.5,7.1,0.376,34.2,60,2.305555555555556,158,Moderate
2025-07-08 16:00:00,55.4,262.6,10.0,0.441,34.2,62,2.0833333333333335,158,Moderate
2025-07-08 17:00:00,52.2,276.6,15.7,0.547,33.8,63,1.25,158,Moderate
2025-07-08 18:00:00,62.6,320.4,27.2,0.741,33.7,63,0.5277777777777778,158,Moderate
2025-07-08 19:00:00,68.9,326.9,43.1,0.976,31.9,78,0.5277777777777778,158,Moderate
2025-07-08 20:00:00,78.9,344.6,56.2,1.098,31.3,80,0.5,159,Moderate
2025-07-08 21:00:00,83.6,280.3,63.9,1.0,30.8,83,0.1388888888888889,159,Moderate
2025-07-08 22:00:00,78.7,233.3,68.7,0.79,30.0,86,1.0,159,Moderate
2025-07-08 23:00:00,84.1,226.8,70.9,0.637,29.5,87,0.7777777777777777,159,Moderate
2025-07-09 00:00:00,81.0,198.8,69.8,0.619,29.0,87,0.8333333333333333,158,Moderate
2025-07-09 01:00:00,72.6,162.5,66.1,0.658,28.9,87,0.7222222222222222,157,Moderate
2025-07-09 02:00:00,63.8,136.9,61.7,0.689,28.5,88,1.1944444444444444,156,Moderate
2025-07-09 03:00:00,59.1,126.7,57.0,0.678,28.1,89,0.5555555555555556,156,Moderate
2025-07-09 04:00:00,54.8,120.6,51.7,0.661,27.0,90,3.083333333333333,155,Moderate
2025-07-09 05:00:00,53.9,106.2,51.1,0.675,26.6,92,2.0,154,Moderate
2025-07-09 06:00:00,51.6,97.3,45.4,0.773,27.6,85,0.6388888888888888,153,Moderate
2025-07-09 07:00:00,48.8,116.2,37.3,0.903,28.4,83,0.6944444444444444,153,Moderate
2025-07-09 08:00:00,46.8,149.0,29.6,0.952,29.7,79,0.888888888888889,152,Moderate
2025-07-09 09:00:00,48.3,182.5,22.9,0.827,31.0,74,1.2777777777777777,152,Moderate
2025-07-09 10:00:00,48.1,176.0,16.6,0.621,32.2,68,1.1666666666666667,152,Moderate
2025-07-09 11:00:00,47.8,164.8,11.7,0.494,28.8,80,3.3055555555555554,152,Moderate
2025-07-09 12:00:00,47.5,152.3,8.0,0.53,28.1,82,1.1666666666666667,152,Moderate
2025-07-09 13:00:00,45.2,139.2,5.7,0.645,29.5,80,0.4722222222222222,152,Moderate
2025-07-09 14:00:00,43.2,135.0,5.9,0.751,30.6,76,0.25,152,Moderate
2025-07-09 15:00:00,44.1,136.4,10.0,0.807,31.0,75,0.8611111111111112,152,Moderate
2025-07-09 16:00:00,43.0,118.5,16.7,0.855,30.8,77,1.1388888888888888,152,Moderate
2025-07-09 17:00:00,53.4,115.0,47.0,0.93,30.6,78,0.888888888888889,166,Moderate
2025-07-09 18:00:00,54.8,112.9,58.7,1.083,30.3,79,1.5555555555555554,168,Moderate
2025-07-09 19:00:00,62.6,113.4,74.6,1.263,29.4,87,0.5,160,Moderate
2025-07-09 20:00:00,79.2,124.8,85.2,1.356,29.0,89,0.7777777777777777,151,Moderate
2025-07-09 21:00:00,83.1,129.5,86.2,1.304,28.6,91,1.0555555555555556,151,Moderate
2025-07-09 22:00:00,89.2,129.0,81.8,1.166,27.9,93,0.3055555555555556,151,Moderate
2025-07-09 23:00:00,86.8,115.5,75.4,0.998,27.1,88,1.4166666666666665,152,Moderate
2025-07-10 00:00:00,79.4,105.0,66.7,0.786,26.7,92,1.4444444444444444,152,Moderate
2025-07-10 01:00:00,71.2,96.9,56.0,0.545,26.5,94,1.25,152,Moderate
2025-07-10 02:00:00,60.3,85.0,46.7,0.381,26.4,95,1.0,152,Moderate
2025-07-10 03:00:00,50.2,71.7,39.9,0.347,26.3,96,0.41666666666666663,152,Moderate
2025-07-10 04:00:00,44.8,63.6,34.5,0.39,26.1,97,0.8611111111111112,151,Moderate
2025-07-10 05:00:00,49.4,64.5,35.8,0.462,25.7,96,1.3055555555555556,151,Moderate
2025-07-10 06:00:00,46.1,57.7,38.4,0.567,26.3,92,1.6388888888888888,151,Moderate
2025-07-10 07:00:00,42.3,51.3,41.8,0.701,26.6,87,0.9722222222222222,151,Moderate
2025-07-10 08:00:00,42.5,49.6,43.9,0.799,27.3,82,1.1666666666666667,151,Moderate
2025-07-10 09:00:00,43.5,49.6,43.5,0.838,27.6,79,0.2777777777777778,151,Moderate
2025-07-10 10:00:00,45.4,50.5,41.6,0.841,27.9,78,0.6388888888888888,151,Moderate
2025-07-10 11:00:00,42.8,47.5,39.6,0.813,28.1,77,0.888888888888889,151,Moderate
2025-07-10 12:00:00,39.8,43.4,37.5,0.732,29.1,74,1.8333333333333333,150,Moderate
2025-07-10 13:00:00,41.9,45.1,35.1,0.621,29.4,72,2.1944444444444446,150,Moderate
2025-07-10 14:00:00,47.3,50.2,33.3,0.544,29.0,75,1.8888888888888888,150,Moderate
2025-07-10 15:00:00,52.7,55.6,30.8,0.495,28.8,78,2.2222222222222223,150,Moderate
2025-07-10 16:00:00,50.6,54.1,28.9,0.482,29.5,76,1.3611111111111112,150,Moderate
2025-07-10 17:00:00,39.5,42.7,42.7,0.594,29.4,76,0.9166666666666666,151,Moderate
2025-07-10 18:00:00,43.2,46.2,54.7,0.952,28.4,81,1.0,150,Moderate
2025-07-10 19:00:00,54.4,56.7,71.2,1.437,27.7,86,1.0,150,Moderate
2025-07-10 20:00:00,63.8,65.9,82.8,1.775,27.3,89,0.5,149,Moderate
2025-07-10 21:00:00,71.0,73.6,85.3,1.851,27.0,89,0.6388888888888888,148,Moderate
2025-07-10 22:00:00,73.3,76.1,82.9,1.781,26.9,91,0.41666666666666663,146,Moderate
2025-07-10 23:00:00,71.7,75.0,79.3,1.645,26.5,93,0.8611111111111112,145,Moderate
2025-07-11 00:00:00,69.2,72.9,75.0,1.422,26.0,96,0.75,143,Moderate
2025-07-11 01:00:00,67.8,71.9,69.5,1.134,26.0,96,0.1388888888888889,142,Moderate
2025-07-11 02:00:00,65.2,69.6,64.6,0.924,25.9,97,0.25,142,Moderate
2025-07-11 03:00:00,66.6,71.5,61.4,0.861,25.6,98,0.3055555555555556,142,Moderate
2025-07-11 04:00:00,69.6,75.2,58.8,0.877,25.6,98,0.3333333333333333,144,Moderate
2025-07-11 05:00:00,83.4,88.7,73.8,0.908,25.8,97,0.11111111111111112,147,Moderate
2025-07-11 06:00:00,73.6,78.9,69.2,0.955,27.2,95,1.0,150,Moderate
2025-07-11 07:00:00,68.7,75.2,62.7,1.017,27.1,90,1.3333333333333333,151,Moderate
2025-07-11 08:00:00,72.2,78.0,56.5,1.032,27.4,89,0.6111111111111112,151,Moderate
2025-07-11 09:00:00,65.2,71.0,51.5,0.958,28.0,88,0.7777777777777777,152,Moderate
2025-07-11 10:00:00,61.7,67.1,46.9,0.837,29.1,80,0.9444444444444444,152,Moderate
2025-07-11 11:00:00,51.3,56.3,42.6,0.735,29.7,74,1.1111111111111112,153,Moderate
2025-07-11 12:00:00,39.1,43.8,38.4,0.667,30.4,70,0.9166666666666666,153,Moderate
2025-07-11 13:00:00,40.3,45.4,34.5,0.618,30.8,69,0.7777777777777777,153,Moderate
2025-07-11 14:00:00,43.8,50.1,31.4,0.604,31.0,68,0.41666666666666663,153,Moderate
2025-07-11 15:00:00,48.7,56.1,25.6,0.607,31.5,66,0.11111111111111112,153,Moderate
2025-07-11 16:00:00,45.4,53.4,20.6,0.646,31.5,66,0.5833333333333334,153,Moderate
2025-07-11 17:00:00,50.9,65.0,19.3,0.792,31.2,67,0.4722222222222222,153,Moderate
2025-07-11 18:00:00,56.6,68.7,43.3,1.176,30.2,76,0.5,153,Moderate
2025-07-11 19:00:00,80.8,90.6,76.3,1.667,29.1,83,0.5833333333333334,153,Moderate
2025-07-11 20:00:00,97.6,105.9,100.5,1.944,28.7,84,0.9166666666666666,154,Moderate
2025-07-11 21:00:00,108.5,116.4,107.2,1.807,28.6,85,0.6111111111111112,154,Moderate
2025-07-11 22:00:00,123.4,131.3,105.0,1.456,28.4,85,0.2777777777777778,155,Moderate
2025-07-11 23:00:00,122.0,128.1,102.0,1.169,27.8,89,0.6388888888888888,156,Moderate
2025-07-12 00:00:00,117.6,122.9,100.4,1.063,27.4,91,0.75,157,Moderate
2025-07-12 01:00:00,119.2,124.3,98.0,1.02,27.0,93,0.5277777777777778,159,Moderate
2025-07-12 02:00:00,124.8,129.5,96.0,0.965,26.6,95,0.6111111111111112,160,Moderate
2025-07-12 03:00:00,132.2,136.4,96.9,0.84,26.5,96,0.5833333333333334,161,Moderate
2025-07-12 04:00:00,143.0,146.7,98.3,0.703,26.5,96,0.16666666666666666,162,Moderate
2025-07-12 05:00:00,109.7,114.3,70.4,0.652,26.3,97,0.6944444444444444,164,Moderate
2025-07-12 06:00:00,106.4,112.2,59.4,0.783,26.8,92,0.6666666666666666,165,Moderate
2025-07-12 07:00:00,89.2,100.4,44.2,1.002,27.9,86,0.08333333333333333,165,Moderate
2025-07-12 08:00:00,57.9,70.5,31.4,1.119,29.2,79,0.1388888888888889,166,Moderate
2025-07-12 09:00:00,43.3,57.3,24.0,1.025,30.4,75,0.41666666666666663,165,Moderate
2025-07-12 10:00:00,39.5,51.9,19.1,0.83,31.5,70,0.4722222222222222,165,Moderate
2025-07-12 11:00:00,40.4,50.4,15.2,0.679,32.3,65,0.3333333333333333,164,Moderate
2025-07-12 12:00:00,46.1,55.1,11.6,0.628,33.0,64,0.3055555555555556,164,Moderate
2025-07-12 13:00:00,50.8,59.1,9.1,0.621,33.6,63,0.11111111111111112,164,Moderate
2025-07-12 14:00:00,54.2,64.0,8.0,0.628,33.7,61,0.3611111111111111,165,Moderate
2025-07-12 15:00:00,54.6,68.7,6.4,0.616,34.0,61,0.41666666666666663,165,Moderate
2025-07-12 16:00:00,53.2,67.8,6.2,0.62,33.2,61,0.7777777777777777,185,Moderate
2025-07-12 17:00:00,55.2,88.0,12.8,0.712,30.0,78,1.972222222222222,204,Poor
2025-07-12 18:00:00,57.5,87.1,19.4,0.974,28.8,84,2.7777777777777777,210,Poor
2025-07-12 19:00:00,64.7,89.9,29.0,1.324,27.9,88,1.2222222222222223,213,Poor
2025-07-12 20:00:00,69.4,91.0,40.3,1.593,27.6,90,0.7222222222222222,210,Poor
2025-07-12 21:00:00,78.7,100.6,53.6,1.714,27.5,91,0.5277777777777778,203,Poor
2025-07-12 22:00:00,94.1,118.3,68.5,1.753,27.2,93,0.38888888888888884,182,Moderate
2025-07-12 23:00:00,111.5,136.9,82.4,1.74,27.2,94,0.3611111111111111,163,Moderate
2025-07-13 00:00:00,135.0,161.1,96.1,1.652,27.1,94,0.41666666666666663,163,Moderate
2025-07-13 01:00:00,156.9,182.1,108.8,1.511,26.8,95,0.38888888888888884,163,Moderate
2025-07-13 02:00:00,164.8,189.5,115.3,1.413,26.6,95,0.11111111111111112,164,Moderate
2025-07-13 03:00:00,173.2,198.4,113.3,1.426,26.4,97,0.3333333333333333,165,Moderate
2025-07-13 04:00:00,177.9,204.4,105.2,1.481,26.4,97,0.75,166,Moderate
2025-07-13 05:00:00,138.8,153.2,78.6,1.473,26.2,97,1.0833333333333333,166,Moderate
2025-07-13 06:00:00,109.2,119.0,65.7,1.337,27.8,94,1.3333333333333333,167,Moderate
2025-07-13 07:00:00,69.8,75.4,48.0,1.136,28.9,90,0.6111111111111112,167,Moderate
2025-07-13 08:00:00,52.7,55.6,34.9,0.958,29.0,74,2.5277777777777777,167,Moderate
2025-07-13 09:00:00,44.4,45.9,31.9,0.833,28.9,80,0.9166666666666666,167,Moderate
2025-07-13 10:00:00,39.6,40.0,33.6,0.731,30.1,78,1.3055555555555556,167,Moderate
2025-07-13 11:00:00,38.4,38.8,33.4,0.64,31.5,74,1.5555555555555554,167,Moderate
2025-07-13 12:00:00,36.3,36.7,27.7,0.538,32.0,71,1.972222222222222,167,Moderate
2025-07-13 13:00:00,36.2,36.8,20.2,0.449,32.3,70,2.055555555555556,166,Moderate
2025-07-13 14:00:00,36.3,37.0,15.5,0.432,32.5,70,1.8888888888888888,166,Moderate
2025-07-13 15:00:00,36.3,37.1,15.1,0.518,27.5,86,1.5833333333333333,166,Moderate
2025-07-13 16:00:00,36.3,37.1,17.5,0.676,27.4,88,1.1944444444444444,165,Moderate
2025-07-13 17:00:00,27.2,27.2,25.4,0.881,27.6,88,0.8333333333333333,165,Moderate
2025-07-13 18:00:00,29.0,29.2,30.2,1.18,27.9,87,1.75,164,Moderate
2025-07-13 19:00:00,32.6,32.7,36.8,1.525,27.4,92,0.9722222222222222,164,Moderate
2025-07-13 20:00:00,35.5,35.6,40.9,1.743,27.4,93,0.25,163,Moderate
2025-07-13 21:00:00,33.1,33.2,40.6,1.757,27.8,92,1.5,162,Moderate
2025-07-13 22:00:00,32.9,33.1,37.9,1.644,28.1,89,1.8611111111111112,161,Moderate
2025-07-13 23:00:00,33.1,33.3,34.4,1.462,28.1,88,2.4444444444444446,160,Moderate
2025-07-14 00:00:00,32.8,33.2,30.0,1.178,28.2,87,2.5277777777777777,158,Moderate
2025-07-14 01:00:00,29.8,30.2,24.8,0.826,28.0,87,2.1944444444444446,156,Moderate
2025-07-14 02:00:00,24.1,24.3,20.6,0.565,27.8,88,1.8888888888888888,153,Moderate
2025-07-14 03:00:00,18.8,19.0,17.9,0.473,27.5,90,1.8333333333333333,150,Moderate
2025-07-14 04:00:00,19.3,19.6,16.2,0.471,27.2,91,1.9166666666666667,134,Moderate
2025-07-14 05:00:00,16.8,17.1,11.7,0.486,27.1,90,2.25,118,Moderate
2025-07-14 06:00:00,21.5,21.8,14.2,0.507,26.1,94,3.3055555555555554,105,Moderate
2025-07-14 07:00:00,27.1,27.5,17.4,0.545,26.8,91,4.194444444444445,97,Satisfactory
2025-07-14 08:00:00,32.2,32.7,18.7,0.556,27.6,87,4.361111111111111,93,Satisfactory
2025-07-14 09:00:00,34.8,35.2,16.1,0.51,29.0,79,4.805555555555555,91,Satisfactory
2025-07-14 10:00:00,33.1,33.4,11.6,0.439,29.9,74,4.777777777777778,90,Satisfactory
2025-07-14 11:00:00,30.7,31.2,8.0,0.39,30.3,72,5.055555555555555,89,Satisfactory
2025-07-14 12:00:00,30.4,33.8,6.0,0.379,30.5,74,4.333333333333333,89,Satisfactory
2025-07-14 13:00:00,36.1,71.0,5.0,0.391,31.1,72,3.944444444444444,88,Satisfactory
2025-07-14 14:00:00,33.8,50.3,6.1,0.432,30.5,73,3.4444444444444446,88,Satisfactory
2025-07-14 15:00:00,34.6,39.7,10.7,0.532,30.8,74,3.222222222222222,88,Satisfactory
2025-07-14 16:00:00,36.2,37.4,17.4,0.661,30.6,77,3.8333333333333335,95,Satisfactory
2025-07-14 17:00:00,33.3,51.7,12.8,0.728,27.6,87,3.1666666666666665,105,Moderate
2025-07-14 18:00:00,32.2,43.2,16.4,0.677,28.4,87,3.0,112,Moderate
2025-07-14 19:00:00,31.4,35.9,21.4,0.564,28.4,87,3.333333333333333,111,Moderate
2025-07-14 20:00:00,32.0,34.3,24.5,0.475,28.1,88,3.4722222222222223,102,Moderate
2025-07-14 21:00:00,32.8,36.0,24.2,0.447,27.6,88,3.333333333333333,88,Satisfactory
2025-07-14 22:00:00,33.9,37.4,22.0,0.442,27.5,88,4.194444444444445,88,Satisfactory
2025-07-14 23:00:00,33.6,36.4,20.1,0.428,27.0,87,4.0,88,Satisfactory
2025-07-15 00:00:00,32.0,34.3,18.9,0.385,26.1,91,4.083333333333333,88,Satisfactory
2025-07-15 01:00:00,30.4,32.6,18.0,0.332,26.3,91,3.944444444444444,88,Satisfactory
2025-07-15 02:00:00,28.9,31.2,17.5,0.298,26.1,92,3.7777777777777777,88,Satisfactory
2025-07-15 03:00:00,28.4,30.7,17.9,0.294,26.0,92,3.555555555555556,89,Satisfactory
2025-07-15 04:00:00,28.9,31.1,18.7,0.308,25.9,93,3.5833333333333335,90,Satisfactory
2025-07-15 05:00:00,20.7,21.1,14.8,0.337,25.8,93,3.2499999999999996,91,Satisfactory
2025-07-15 06:00:00,19.7,20.8,15.6,0.396,26.1,93,4.666666666666667,91,Satisfactory
2025-07-15 07:00:00,19.4,21.0,16.6,0.47,26.8,89,4.444444444444445,91,Satisfactory
2025-07-15 08:00:00,20.7,23.4,16.4,0.506,27.5,86,4.361111111111111,90,Satisfactory
2025-07-15 09:00:00,19.2,24.4,13.9,0.467,27.8,85,3.5277777777777777,89,Satisfactory
2025-07-15 10:00:00,20.5,26.8,10.3,0.389,29.0,78,4.138888888888889,88,Satisfactory
2025-07-15 11:00:00,21.7,28.7,7.6,0.33,30.0,74,4.638888888888888,87,Satisfactory
2025-07-15 12:00:00,25.0,30.9,6.4,0.305,30.7,70,4.388888888888889,86,Satisfactory
2025-07-15 13:00:00,31.2,117.6,6.1,0.298,31.8,65,4.25,85,Satisfactory
2025-07-15 14:00:00,42.8,231.0,6.8,0.318,32.5,62,4.222222222222222,85,Satisfactory
2025-07-15 15:00:00,51.8,308.3,7.8,0.371,32.3,62,4.083333333333333,86,Satisfactory
2025-07-15 16:00:00,46.7,209.5,9.8,0.452,31.7,64,3.8055555555555554,87,Satisfactory
2025-07-15 17:00:00,30.9,34.2,17.6,0.547,30.9,70,2.694444444444444,88,Satisfactory
2025-07-15 18:00:00,32.8,37.8,25.1,0.684,29.9,76,2.111111111111111,88,Satisfactory
2025-07-15 19:00:00,37.0,42.6,35.4,0.836,28.9,81,2.388888888888889,88,Satisfactory
2025-07-15 20:00:00,40.6,46.6,42.6,0.913,27.7,89,2.4166666666666665,88,Satisfactory
2025-07-15 21:00:00,41.8,48.2,44.0,0.855,27.6,90,2.5555555555555554,89,Satisfactory
2025-07-15 22:00:00,42.5,49.2,42.4,0.721,27.2,92,2.694444444444444,90,Satisfactory
2025-07-15 23:00:00,43.4,50.4,39.7,0.601,27.0,92,2.305555555555556,91,Satisfactory
2025-07-16 00:00:00,43.1,50.2,36.1,0.523,26.7,93,2.5,92,Satisfactory
2025-07-16 01:00:00,43.2,50.4,31.4,0.459,26.4,95,2.5,93,Satisfactory
2025-07-16 02:00:00,42.0,49.4,27.8,0.411,26.2,97,2.5277777777777777,94,Satisfactory
2025-07-16 03:00:00,42.0,49.1,26.2,0.372,26.0,96,2.7222222222222223,95,Satisfactory
2025-07-16 04:00:00,42.7,50.2,25.5,0.35,25.3,98,3.0555555555555554,96,Satisfactory
2025-07-16 05:00:00,31.2,38.0,18.1,0.367,25.2,97,3.0277777777777777,97,Satisfactory
2025-07-16 06:00:00,30.9,38.2,20.2,0.469,26.7,91,1.9166666666666667,98,Satisfactory
2025-07-16 07:00:00,27.5,35.3,22.8,0.612,27.5,88,1.9444444444444444,99,Satisfactory
2025-07-16 08:00:00,31.1,43.1,23.6,0.683,28.8,83,2.055555555555556,100,Satisfactory
2025-07-16 09:00:00,35.2,50.8,20.7,0.608,30.4,76,2.4722222222222223,101,Moderate
2025-07-16 10:00:00,40.4,62.4,15.9,0.463,31.7,68,2.3333333333333335,103,Moderate
2025-07-16 11:00:00,48.5,102.9,11.8,0.362,32.3,65,2.1666666666666665,105,Moderate
2025-07-16 12:00:00,51.1,95.5,8.6,0.356,32.5,64,1.9166666666666667,108,Moderate
2025-07-16 13:00:00,51.9,93.6,6.1,0.394,32.2,65,1.972222222222222,110,Moderate
2025-07-16 14:00:00,54.1,115.0,6.4,0.44,30.9,69,2.055555555555556,112,Moderate
2025-07-16 15:00:00,54.7,109.4,11.2,0.475,31.0,71,2.6666666666666665,114,Moderate
2025-07-16 16:00:00,58.3,118.7,18.8,0.517,30.7,73,3.0277777777777777,133,Moderate
2025-07-16 17:00:00,59.4,140.6,17.6,0.587,30.0,77,2.4722222222222223,154,Moderate
2025-07-16 18:00:00,63.3,129.5,32.2,0.727,30.0,78,1.0833333333333333,164,Moderate
2025-07-16 19:00:00,71.9,129.5,51.9,0.894,29.3,84,0.6111111111111112,163,Moderate
2025-07-16 20:00:00,73.1,118.5,63.9,0.981,28.8,87,1.0555555555555556,151,Moderate
2025-07-16 21:00:00,62.2,95.5,60.7,0.926,28.4,88,1.3888888888888888,128,Moderate
2025-07-16 22:00:00,55.5,89.9,49.8,0.792,28.0,89,1.2222222222222223,130,Moderate
2025-07-16 23:00:00,53.8,72.4,40.5,0.657,27.9,90,1.4166666666666665,132,Moderate
2025-07-17 00:00:00,52.6,67.1,36.4,0.536,27.6,91,1.4444444444444444,133,Moderate
2025-07-17 01:00:00,52.3,66.1,34.0,0.415,27.4,92,1.7222222222222223,134,Moderate
2025-07-17 02:00:00,52.0,63.6,31.7,0.334,27.2,93,1.4444444444444444,135,Moderate
2025-07-17 03:00:00,49.9,61.2,28.4,0.308,27.0,93,1.777777777777778,136,Moderate
2025-07-17 04:00:00,46.0,51.9,25.3,0.321,27.0,93,1.777777777777778,137,Moderate
2025-07-17 05:00:00,47.4,53.9,28.0,0.367,27.0,93,2.25,137,Moderate
2025-07-17 06:00:00,36.4,54.2,28.0,0.474,26.8,85,2.5555555555555554,139,Moderate
2025-07-17 07:00:00,32.0,44.7,27.7,0.614,27.4,84,2.0,139,Moderate
2025-07-17 08:00:00,31.0,40.7,26.4,0.692,28.0,80,2.5833333333333335,140,Moderate
2025-07-17 09:00:00,29.4,36.6,23.1,0.648,29.0,75,2.5555555555555554,140,Moderate
2025-07-17 10:00:00,29.6,39.7,18.7,0.541,29.8,72,2.4166666666666665,139,Moderate
2025-07-17 11:00:00,33.3,82.2,14.7,0.458,30.2,69,3.4722222222222223,138,Moderate
2025-07-17 12:00:00,35.7,91.5,11.2,0.429,30.1,70,3.416666666666667,136,Moderate
2025-07-17 13:00:00,36.8,96.6,8.2,0.424,29.9,72,3.1666666666666665,135,Moderate
2025-07-17 14:00:00,37.1,101.7,7.2,0.434,30.1,72,2.694444444444444,133,Moderate
2025-07-17 15:00:00,36.8,91.3,7.3,0.427,31.0,68,2.055555555555556,131,Moderate
2025-07-17 16:00:00,35.4,73.1,9.3,0.435,31.3,67,2.1944444444444446,130,Moderate
2025-07-17 17:00:00,48.4,53.6,20.3,0.547,30.9,69,1.6944444444444442,127,Moderate
2025-07-17 18:00:00,59.3,62.6,35.1,0.851,29.6,81,1.1388888888888888,127,Moderate
2025-07-17 19:00:00,72.9,75.4,55.2,1.258,28.9,87,0.6944444444444444,136,Moderate
2025-07-17 20:00:00,77.1,79.6,67.5,1.596,28.3,88,2.1666666666666665,132,Moderate
2025-07-17 21:00:00,77.8,81.5,64.8,1.834,27.5,91,1.5277777777777777,126,Moderate
2025-07-17 22:00:00,79.6,84.3,54.2,2.001,27.4,92,0.6111111111111112,128,Moderate
2025-07-17 23:00:00,79.9,88.0,44.4,2.014,27.0,94,0.41666666666666663,130,Moderate
2025-07-18 00:00:00,77.3,89.2,37.9,1.776,26.6,95,0.7777777777777777,133,Moderate
2025-07-18 01:00:00,75.4,90.3,32.0,1.383,26.6,94,1.6388888888888888,136,Moderate
2025-07-18 02:00:00,74.3,92.0,27.6,1.038,26.8,91,1.972222222222222,138,Moderate
2025-07-18 03:00:00,73.3,97.3,25.5,0.803,26.8,90,2.0833333333333335,140,Moderate
2025-07-18 04:00:00,69.8,97.6,24.9,0.615,26.6,91,2.111111111111111,143,Moderate
2025-07-18 05:00:00,39.8,40.5,18.8,0.495,26.5,91,2.1666666666666665,145,Moderate
2025-07-18 06:00:00,38.0,62.2,18.3,0.481,27.1,85,2.6666666666666665,144,Moderate
2025-07-18 07:00:00,39.7,87.1,17.4,0.534,27.8,82,2.2222222222222223,145,Moderate
2025-07-18 08:00:00,39.0,97.1,15.7,0.557,28.9,77,3.083333333333333,145,Moderate
2025-07-18 09:00:00,38.1,105.0,12.5,0.499,30.1,70,3.944444444444444,146,Moderate
2025-07-18 10:00:00,38.4,110.8,8.5,0.411,31.1,68,4.361111111111111,147,Moderate
2025-07-18 11:00:00,32.9,80.1,5.5,0.347,31.4,68,4.416666666666667,148,Moderate
2025-07-18 12:00:00,29.3,36.6,4.1,0.327,31.8,67,4.277777777777778,148,Moderate
2025-07-18 13:00:00,27.7,28.7,3.7,0.331,32.4,65,4.416666666666667,147,Moderate
2025-07-18 14:00:00,26.8,27.8,4.7,0.356,32.0,67,4.361111111111111,146,Moderate
2025-07-18 15:00:00,26.5,28.6,8.1,0.418,29.2,80,2.5555555555555554,145,Moderate
2025-07-18 16:00:00,28.5,30.7,12.9,0.501,29.4,78,4.111111111111112,144,Moderate
2025-07-18 17:00:00,30.7,39.7,10.5,0.55,29.4,79,2.944444444444444,144,Moderate
2025-07-18 18:00:00,30.3,34.5,14.1,0.535,29.5,76,4.361111111111111,142,Moderate
2025-07-18 19:00:00,31.0,34.1,19.0,0.487,28.5,80,3.9166666666666665,139,Moderate
2025-07-18 20:00:00,31.7,34.2,22.4,0.444,28.1,81,3.8333333333333335,134,Moderate
2025-07-18 21:00:00,30.3,32.8,23.1,0.421,27.9,82,3.9166666666666665,130,Moderate
2025-07-18 22:00:00,29.3,31.7,22.4,0.403,27.5,83,3.5833333333333335,125,Moderate
2025-07-18 23:00:00,27.8,29.9,21.3,0.38,27.1,85,3.3611111111111107,119,Moderate
2025-07-19 00:00:00,25.9,27.9,20.0,0.342,26.8,87,3.5,114,Moderate
2025-07-19 01:00:00,24.3,26.6,18.4,0.3,26.5,89,3.4444444444444446,109,Moderate
2025-07-19 02:00:00,23.3,26.4,17.3,0.272,26.3,90,3.3055555555555554,103,Moderate
2025-07-19 03:00:00,22.9,26.4,17.1,0.268,26.1,90,3.222222222222222,98,Satisfactory
2025-07-19 04:00:00,22.5,26.0,17.5,0.279,26.0,91,3.1111111111111107,94,Satisfactory
2025-07-19 05:00:00,16.8,18.3,16.1,0.298,25.9,91,3.1111111111111107,90,Satisfactory
2025-07-19 06:00:00,15.3,16.6,16.1,0.333,26.4,91,3.222222222222222,88,Satisfactory
2025-07-19 07:00:00,14.5,15.1,15.9,0.376,27.1,87,4.361111111111111,86,Satisfactory
2025-07-19 08:00:00,13.0,13.2,15.1,0.398,28.0,82,4.0,83,Satisfactory
2025-07-19 09:00:00,13.5,13.6,13.0,0.376,29.2,76,3.4722222222222223,81,Satisfactory
2025-07-19 10:00:00,15.4,15.6,10.2,0.333,30.4,70,3.611111111111111,79,Satisfactory
2025-07-19 11:00:00,17.8,21.7,8.1,0.303,31.5,65,3.555555555555556,77,Satisfactory
2025-07-19 12:00:00,25.9,103.8,6.7,0.297,32.2,61,3.3055555555555554,75,Satisfactory
2025-07-19 13:00:00,31.5,142.5,6.0,0.306,32.6,59,3.1666666666666665,75,Satisfactory
2025-07-19 14:00:00,38.1,186.7,6.8,0.332,32.9,57,3.1111111111111107,75,Satisfactory
2025-07-19 15:00:00,43.3,237.5,8.9,0.37,32.8,57,3.194444444444444,76,Satisfactory
2025-07-19 16:00:00,48.9,297.1,12.5,0.427,32.6,58,2.8055555555555554,78,Satisfactory
2025-07-19 17:00:00,61.9,324.1,20.0,0.526,32.2,61,2.1666666666666665,95,Satisfactory
2025-07-19 18:00:00,67.8,284.1,37.8,0.717,31.5,71,0.6111111111111112,105,Moderate
2025-07-19 19:00:00,77.3,260.8,62.1,0.95,30.2,76,0.9444444444444444,104,Moderate
2025-07-19 20:00:00,83.6,244.9,78.6,1.104,29.5,79,0.9722222222222222,90,Satisfactory
2025-07-19 21:00:00,83.8,240.3,80.1,1.123,29.1,80,1.3611111111111112,95,Satisfactory
2025-07-19 22:00:00,81.5,237.5,73.9,1.063,28.7,81,1.5277777777777777,99,Satisfactory
2025-07-19 23:00:00,78.5,221.7,67.4,0.965,28.4,81,1.472222222222222,105,Moderate
2025-07-20 00:00:00,74.5,195.6,62.9,0.814,28.0,83,1.4166666666666665,110,Moderate
2025-07-20 01:00:00,71.2,170.4,58.1,0.625,27.5,85,1.1944444444444444,115,Moderate
2025-07-20 02:00:00,68.9,158.3,53.8,0.484,27.1,87,0.9722222222222222,120,Moderate
2025-07-20 03:00:00,67.5,161.1,50.9,0.431,26.8,88,1.0,125,Moderate
2025-07-20 04:00:00,65.4,170.0,48.6,0.426,26.5,89,1.0,129,Moderate
2025-07-20 05:00:00,65.2,188.1,50.4,0.438,26.5,88,1.027777777777778,134,Moderate
2025-07-20 06:00:00,60.1,169.5,42.0,0.47,27.8,85,1.3333333333333333,139,Moderate
2025-07-20 07:00:00,52.6,160.7,30.3,0.518,28.7,82,1.3333333333333333,143,Moderate
2025-07-20 08:00:00,40.0,141.6,20.6,0.538,29.9,75,1.6944444444444442,147,Moderate
2025-07-20 09:00:00,39.3,166.7,14.8,0.504,30.9,69,1.6666666666666665,150,Moderate
2025-07-20 10:00:00,41.7,191.9,10.9,0.443,31.9,65,1.777777777777778,151,Moderate
2025-07-20 11:00:00,45.1,224.0,8.2,0.388,33.0,60,1.9166666666666667,151,Moderate
2025-07-20 12:00:00,48.0,254.3,6.0,0.346,33.9,56,2.0,152,Moderate
2025-07-20 13:00:00,51.1,286.8,4.8,0.312,34.5,53,2.25,152,Moderate
2025-07-20 14:00:00,54.9,315.7,6.0,0.302,34.8,51,2.3333333333333335,153,Moderate
2025-07-20 15:00:00,57.6,344.6,8.4,0.32,34.8,51,2.4166666666666665,153,Moderate
2025-07-20 16:00:00,61.7,353.0,13.1,0.362,34.5,50,2.111111111111111,153,Moderate
2025-07-20 17:00:00,58.7,268.2,23.9,0.441,34.2,52,1.5833333333333333,154,Moderate
2025-07-20 18:00:00,70.3,248.7,43.6,0.596,32.7,62,1.6944444444444442,154,Moderate
2025-07-20 19:00:00,85.0,268.2,70.5,0.787,31.5,68,1.4444444444444444,154,Moderate
2025-07-20 20:00:00,93.1,282.2,88.6,0.904,30.8,73,1.25,154,Moderate
2025-07-20 21:00:00,93.1,298.0,89.9,0.884,30.1,77,1.4444444444444444,154,Moderate
2025-07-20 22:00:00,91.0,302.7,82.5,0.789,29.5,80,1.3888888888888888,154,Moderate
2025-07-20 23:00:00,86.6,281.3,74.8,0.697,29.0,82,1.4166666666666665,154,Moderate
2025-07-21 00:00:00,78.9,244.9,69.0,0.623,28.8,81,1.611111111111111,155,Moderate
2025-07-21 01:00:00,71.2,201.6,63.1,0.55,28.4,80,1.6666666666666665,155,Moderate
2025-07-21 02:00:00,65.0,158.8,58.8,0.508,27.9,82,1.3055555555555556,155,Moderate
2025-07-21 03:00:00,61.2,130.4,58.0,0.507,27.5,82,1.5,155,Moderate
2025-07-21 04:00:00,59.3,112.2,58.9,0.537,27.1,84,1.1666666666666667,154,Moderate
2025-07-21 05:00:00,61.9,175.6,38.5,0.591,26.9,85,1.0,154,Moderate
2025-07-21 06:00:00,60.1,149.0,38.2,0.702,28.4,83,0.8611111111111112,154,Moderate
2025-07-21 07:00:00,61.5,138.3,37.6,0.837,28.8,82,0.6388888888888888,154,Moderate
2025-07-21 08:00:00,57.6,127.6,35.3,0.899,29.5,77,1.3611111111111112,154,Moderate
2025-07-21 09:00:00,46.9,92.9,29.3,0.819,30.5,70,1.472222222222222,155,Moderate
2025-07-21 10:00:00,45.4,81.3,21.7,0.664,30.1,73,1.75,155,Moderate
2025-07-21 11:00:00,43.7,72.9,17.1,0.54,29.9,74,0.9722222222222222,155,Moderate
2025-07-21 12:00:00,43.1,68.9,17.8,0.484,29.9,74,0.9722222222222222,155,Moderate
2025-07-21 13:00:00,44.8,71.0,21.5,0.457,30.5,71,0.9444444444444444,155,Moderate
2025-07-21 14:00:00,47.3,78.2,26.7,0.451,31.4,68,0.9166666666666666,155,Moderate
2025-07-21 15:00:00,50.3,71.0,32.8,0.457,31.4,67,1.0,155,Moderate
2025-07-21 16:00:00,58.7,73.1,40.4,0.482,31.1,67,1.4444444444444444,155,Moderate
2025-07-21 17:00:00,62.4,78.2,34.2,0.54,30.7,70,1.611111111111111,154,Moderate
2025-07-21 18:00:00,75.4,89.6,49.4,0.628,29.6,76,1.3333333333333333,155,Moderate
2025-07-21 19:00:00,95.5,107.3,70.5,0.748,29.0,80,1.1111111111111112,155,Moderate
2025-07-21 20:00:00,100.1,111.1,87.7,0.917,28.4,85,0.8055555555555555,155,Moderate
2025-07-21 21:00:00,108.5,119.7,96.9,1.198,28.0,87,0.8055555555555555,155,Moderate
2025-07-21 22:00:00,123.4,135.5,102.2,1.528,27.5,91,0.4444444444444445,155,Moderate
2025-07-21 23:00:00,135.5,147.6,105.7,1.733,27.3,91,0.4444444444444445,156,Moderate
2025-07-22 00:00:00,135.5,147.1,107.7,1.733,27.0,92,0.6388888888888888,157,Moderate
2025-07-22 01:00:00,138.3,150.9,108.0,1.608,26.8,92,0.6388888888888888,158,Moderate
2025-07-22 02:00:00,146.2,159.7,107.7,1.428,26.5,92,0.41666666666666663,160,Moderate
2025-07-22 03:00:00,152.3,165.8,108.7,1.152,26.4,91,0.6944444444444444,162,Moderate
2025-07-22 04:00:00,151.3,165.3,109.2,0.821,26.1,92,0.7777777777777777,164,Moderate
2025-07-22 05:00:00,106.9,120.6,64.9,0.631,26.0,93,0.7222222222222222,166,Moderate
2025-07-22 06:00:00,98.0,111.3,57.3,0.721,28.0,91,0.4722222222222222,167,Moderate
2025-07-22 07:00:00,83.6,95.5,46.5,0.953,28.5,81,1.7222222222222223,167,Moderate
2025-07-22 08:00:00,74.3,85.4,36.5,1.107,29.0,80,0.8055555555555555,168,Moderate
2025-07-22 09:00:00,57.7,65.7,28.3,1.09,30.5,74,1.0833333333333333,168,Moderate
2025-07-22 10:00:00,43.0,48.1,20.8,0.996,31.9,68,1.0,169,Moderate
2025-07-22 11:00:00,36.9,40.5,14.8,0.885,32.8,62,0.75,169,Moderate
2025-07-22 12:00:00,34.8,37.8,10.4,0.759,33.8,59,0.3611111111111111,168,Moderate
2025-07-22 13:00:00,33.9,36.6,7.6,0.618,34.1,57,0.4444444444444445,168,Moderate
2025-07-22 14:00:00,34.1,44.0,6.3,0.517,34.5,55,0.8611111111111112,168,Moderate
2025-07-22 15:00:00,34.0,39.7,5.8,0.437,34.7,53,1.25,168,Moderate
2025-07-22 16:00:00,34.5,38.8,7.0,0.398,34.6,52,1.3055555555555556,167,Moderate
2025-07-22 17:00:00,53.1,56.8,15.4,0.521,34.2,53,1.3055555555555556,167,Moderate
2025-07-22 18:00:00,52.0,56.9,35.0,0.987,31.6,67,1.1111111111111112,167,Moderate
2025-07-22 19:00:00,66.1,69.4,61.9,1.616,30.7,77,0.5833333333333334,166,Moderate
2025-07-22 20:00:00,84.1,87.1,80.6,1.985,30.2,81,0.5277777777777778,165,Moderate
2025-07-22 21:00:00,99.4,102.4,83.7,1.865,29.8,83,1.0,165,Moderate
2025-07-22 22:00:00,95.5,98.3,78.6,1.485,29.4,85,0.8333333333333333,165,Moderate
2025-07-22 23:00:00,86.1,89.6,72.0,1.117,29.0,88,0.5555555555555556,164,Moderate
2025-07-23 00:00:00,79.9,84.8,64.9,0.827,28.9,86,0.888888888888889,163,Moderate
2025-07-23 01:00:00,76.1,82.9,56.4,0.548,28.4,89,0.5555555555555556,162,Moderate
2025-07-23 02:00:00,76.8,84.8,50.5,0.354,28.1,89,0.8611111111111112,161,Moderate
2025-07-23 03:00:00,77.3,85.4,49.7,0.287,27.9,89,1.3611111111111112,159,Moderate
2025-07-23 04:00:00,78.7,86.8,51.4,0.304,27.5,89,1.1666666666666667,157,Moderate
2025-07-23 05:00:00,57.6,78.0,41.3,0.347,27.4,89,1.0833333333333333,156,Moderate
2025-07-23 06:00:00,59.8,75.9,36.9,0.419,28.6,84,1.1944444444444444,155,Moderate
2025-07-23 07:00:00,48.8,71.5,30.8,0.517,29.2,81,0.25,154,Moderate
2025-07-23 08:00:00,42.0,71.5,25.1,0.571,30.2,76,1.6666666666666665,153,Moderate
2025-07-23 09:00:00,40.9,76.4,20.7,0.541,29.8,73,2.611111111111111,152,Moderate
2025-07-23 10:00:00,45.1,88.5,16.7,0.468,30.3,74,1.0,152,Moderate
2025-07-23 11:00:00,45.6,121.5,13.4,0.403,31.5,71,0.4722222222222222,152,Moderate
2025-07-23 12:00:00,48.3,151.8,10.4,0.359,32.5,68,0.6111111111111112,152,Moderate
2025-07-23 13:00:00,49.0,163.4,8.1,0.324,33.0,66,1.3888888888888888,153,Moderate
2025-07-23 14:00:00,51.9,186.7,7.5,0.31,33.6,62,1.972222222222222,153,Moderate
2025-07-23 15:00:00,54.4,196.5,7.7,0.319,32.9,63,2.7222222222222223,153,Moderate
2025-07-23 16:00:00,56.2,198.4,9.6,0.35,32.7,65,2.4722222222222223,154,Moderate
2025-07-23 17:00:00,85.0,453.6,14.8,0.408,32.3,69,2.4166666666666665,154,Moderate
2025-07-23 18:00:00,94.3,425.6,25.8,0.507,30.5,75,1.5277777777777777,155,Moderate
2025-07-23 19:00:00,99.0,413.5,40.7,0.634,29.5,84,1.2777777777777777,156,Moderate
2025-07-23 20:00:00,93.6,365.1,50.7,0.752,29.0,86,1.6944444444444442,157,Moderate
2025-07-23 21:00:00,87.1,354.8,50.2,0.873,28.8,88,1.5,157,Moderate
2025-07-23 22:00:00,81.7,333.4,44.7,0.986,28.5,89,1.2222222222222223,157,Moderate
2025-07-23 23:00:00,82.2,286.8,41.7,1.019,28.3,90,1.1666666666666667,156,Moderate
2025-07-24 00:00:00,81.7,265.4,45.5,0.912,28.0,92,0.75,156,Moderate
2025-07-24 01:00:00,85.2,266.4,51.9,0.724,27.8,92,0.5277777777777778,156,Moderate
2025-07-24 02:00:00,85.2,244.9,55.4,0.567,27.5,94,0.11111111111111112,156,Moderate
2025-07-24 03:00:00,76.4,216.1,53.3,0.461,27.1,96,0.41666666666666663,157,Moderate
2025-07-24 04:00:00,67.5,190.0,48.4,0.384,26.9,95,2.138888888888889,157,Moderate
2025-07-24 05:00:00,49.1,111.1,23.6,0.383,26.4,90,1.3333333333333333,156,Moderate
2025-07-24 06:00:00,53.2,105.7,22.9,0.535,28.0,81,2.4166666666666665,156,Moderate
2025-07-24 07:00:00,54.4,114.1,21.8,0.763,28.7,81,1.6944444444444442,156,Moderate
2025-07-24 08:00:00,52.0,146.2,20.0,0.878,29.6,78,1.8333333333333333,156,Moderate
2025-07-24 09:00:00,51.7,158.8,16.7,0.761,31.5,70,2.111111111111111,156,Moderate
2025-07-24 10:00:00,53.9,163.4,12.7,0.53,33.0,63,2.2777777777777777,157,Moderate
2025-07-24 11:00:00,51.3,155.1,9.5,0.354,34.0,57,2.2222222222222223,157,Moderate
2025-07-24 12:00:00,51.7,155.1,7.5,0.3,34.8,53,2.2222222222222223,157,Moderate
2025-07-24 13:00:00,51.7,138.8,6.3,0.301,35.3,52,2.2222222222222223,157,Moderate
2025-07-24 14:00:00,52.9,146.7,6.3,0.319,35.5,52,2.111111111111111,157,Moderate
2025-07-24 15:00:00,53.0,138.8,6.6,0.333,35.8,51,2.4722222222222223,157,Moderate
2025-07-24 16:00:00,52.7,133.6,8.2,0.365,35.3,52,2.611111111111111,157,Moderate
2025-07-24 17:00:00,82.7,480.6,15.0,0.441,34.6,54,2.5,157,Moderate
2025-07-24 18:00:00,92.9,489.9,31.1,0.619,32.9,62,1.4444444444444444,157,Moderate
2025-07-24 19:00:00,109.7,519.7,53.2,0.842,31.5,72,1.0555555555555556,157,Moderate
2025-07-24 20:00:00,118.3,545.8,67.8,0.968,31.2,71,1.1666666666666667,157,Moderate
2025-07-24 21:00:00,123.4,542.0,68.5,0.912,30.6,73,2.2777777777777777,158,Moderate
2025-07-24 22:00:00,121.5,529.0,61.9,0.759,29.8,76,1.9444444444444444,158,Moderate
2025-07-24 23:00:00,117.6,510.4,54.2,0.621,29.0,79,1.2777777777777777,159,Moderate
2025-07-25 00:00:00,112.0,472.2,46.4,0.533,28.5,81,1.2777777777777777,160,Moderate
2025-07-25 01:00:00,107.1,441.4,37.5,0.46,28.0,83,1.4444444444444444,162,Moderate
2025-07-25 02:00:00,104.1,411.6,31.4,0.412,27.6,84,1.5,165,Moderate
2025-07-25 03:00:00,102.9,379.0,30.6,0.388,27.4,85,1.611111111111111,169,Moderate
2025-07-25 04:00:00,103.4,357.6,32.7,0.39,27.1,86,1.472222222222222,172,Moderate
2025-07-25 05:00:00,55.6,143.4,19.4,0.432,26.9,88,1.3055555555555556,176,Moderate
2025-07-25 06:00:00,54.5,116.6,21.7,0.567,28.8,84,1.6388888888888888,176,Moderate
2025-07-25 07:00:00,56.6,122.0,24.7,0.743,29.4,82,1.0555555555555556,176,Moderate
2025-07-25 08:00:00,58.8,117.1,25.1,0.818,31.2,74,1.5833333333333333,177,Moderate
2025-07-25 09:00:00,59.0,132.7,20.5,0.691,33.3,62,2.2222222222222223,176,Moderate
2025-07-25 10:00:00,54.7,127.1,13.4,0.462,34.8,52,2.75,175,Moderate
2025-07-25 11:00:00,50.2,115.0,7.9,0.293,35.6,48,2.972222222222222,175,Moderate
2025-07-25 12:00:00,51.7,136.0,5.6,0.253,35.9,47,2.833333333333333,174,Moderate
2025-07-25 13:00:00,51.5,139.7,5.0,0.273,36.1,47,2.7222222222222223,173,Moderate
2025-07-25 14:00:00,54.2,199.8,5.7,0.3,36.5,47,2.611111111111111,173,Moderate
2025-07-25 15:00:00,58.3,255.2,6.8,0.296,36.2,47,2.7777777777777777,175,Moderate
2025-07-25 16:00:00,66.8,340.9,9.1,0.3,35.8,48,2.8055555555555554,177,Moderate
2025-07-25 17:00:00,86.4,600.0,17.3,0.38,35.2,52,2.2222222222222223,181,Moderate
2025-07-25 18:00:00,98.0,600.0,33.9,0.557,34.7,54,1.5,184,Moderate
2025-07-25 19:00:00,116.2,600.0,56.9,0.809,33.8,65,0.38888888888888884,187,Moderate
2025-07-25 20:00:00,134.1,600.0,75.8,1.139,33.3,67,0.1388888888888889,191,Moderate
2025-07-25 21:00:00,151.3,600.0,87.2,1.626,32.0,74,0.7222222222222222,195,Moderate
2025-07-25 22:00:00,171.4,600.0,94.4,2.19,31.6,77,0.3333333333333333,202,Poor
2025-07-25 23:00:00,186.3,600.0,96.8,2.592,30.8,82,0.6944444444444444,224,Poor
2025-07-26 00:00:00,188.6,600.0,92.7,2.766,29.8,81,3.0,249,Poor
2025-07-26 01:00:00,177.9,600.0,83.8,2.778,28.2,86,2.111111111111111,275,Poor
2025-07-26 02:00:00,148.5,600.0,74.4,2.583,27.9,88,0.888888888888889,297,Poor
2025-07-26 03:00:00,122.0,444.2,65.3,2.024,27.5,89,1.3611111111111112,308,Very Poor
2025-07-26 04:00:00,98.7,291.5,55.8,1.257,27.1,90,1.3611111111111112,311,Very Poor
2025-07-26 05:00:00,51.5,67.8,37.6,0.708,27.0,92,0.6388888888888888,308,Very Poor
2025-07-26 06:00:00,44.8,62.4,37.3,0.601,28.0,87,1.3888888888888888,304,Very Poor
2025-07-26 07:00:00,39.9,50.9,36.7,0.712,28.4,86,1.4444444444444444,301,Very Poor
2025-07-26 08:00:00,35.9,43.2,34.6,0.796,29.5,80,1.2777777777777777,297,Poor
2025-07-26 09:00:00,33.5,41.8,30.0,0.758,30.9,73,1.1111111111111112,292,Poor
2025-07-26 10:00:00,33.1,42.3,23.8,0.692,32.2,68,0.5555555555555556,287,Poor
2025-07-26 11:00:00,36.4,46.6,18.4,0.636,33.3,63,0.41666666666666663,282,Poor
2025-07-26 12:00:00,39.7,51.1,13.9,0.6,34.4,59,0.6111111111111112,278,Poor
2025-07-26 13:00:00,42.3,53.3,10.1,0.574,35.2,56,1.0,273,Poor
2025-07-26 14:00:00,43.4,52.7,8.2,0.567,35.8,53,0.9722222222222222,267,Poor
2025-07-26 15:00:00,44.1,52.6,5.7,0.588,36.1,51,0.5833333333333334,259,Poor
2025-07-26 16:00:00,43.2,49.8,5.1,0.628,36.1,51,1.0555555555555556,247,Poor
2025-07-26 17:00:00,52.0,55.9,15.6,0.663,35.0,53,1.6388888888888888,229,Poor
2025-07-26 18:00:00,61.5,65.2,37.6,0.684,33.9,59,1.6388888888888888,206,Poor
2025-07-26 19:00:00,79.6,83.4,67.9,0.702,33.2,63,1.9444444444444444,210,Poor
2025-07-26 20:00:00,92.2,96.4,90.5,0.723,32.6,68,1.8055555555555556,208,Poor
2025-07-26 21:00:00,99.4,104.8,98.2,0.761,32.0,73,1.5555555555555554,201,Poor
2025-07-26 22:00:00,106.4,113.4,98.1,0.803,31.4,77,1.1666666666666667,175,Moderate
2025-07-26 23:00:00,105.2,113.6,96.0,0.82,30.6,83,0.4722222222222222,162,Moderate
2025-07-27 00:00:00,102.4,112.0,92.9,0.785,30.4,84,0.4444444444444445,161,Moderate
2025-07-27 01:00:00,101.3,111.1,87.8,0.725,29.9,85,1.1111111111111112,159,Moderate
2025-07-27 02:00:00,97.3,107.1,82.8,0.689,29.4,86,1.4166666666666665,157,Moderate
2025-07-27 03:00:00,95.5,104.8,79.6,0.711,29.1,85,1.1111111111111112,156,Moderate
2025-07-27 04:00:00,94.5,102.7,76.6,0.757,29.1,84,0.9444444444444444,155,Moderate
2025-07-27 05:00:00,83.6,97.8,64.0,0.776,28.9,83,1.25,155,Moderate
2025-07-27 06:00:00,73.3,81.7,53.3,0.745,29.0,80,0.6111111111111112,156,Moderate
2025-07-27 07:00:00,57.5,63.6,38.4,0.687,30.2,74,0.8611111111111112,157,Moderate
2025-07-27 08:00:00,38.5,41.8,25.9,0.619,31.5,68,1.972222222222222,157,Moderate
2025-07-27 09:00:00,33.4,35.4,18.2,0.534,32.5,63,3.138888888888889,157,Moderate
2025-07-27 10:00:00,34.7,52.7,12.8,0.438,33.3,60,3.083333333333333,157,Moderate
2025-07-27 11:00:00,38.9,77.5,9.1,0.37,34.2,57,2.861111111111111,157,Moderate
2025-07-27 12:00:00,42.3,92.2,7.0,0.35,35.5,52,2.5277777777777777,157,Moderate
2025-07-27 13:00:00,45.2,93.8,6.6,0.357,35.8,50,2.1944444444444446,157,Moderate
2025-07-27 14:00:00,48.2,102.2,7.2,0.371,36.3,49,2.25,157,Moderate
2025-07-27 15:00:00,48.2,94.5,7.1,0.383,36.3,49,2.111111111111111,158,Moderate
2025-07-27 16:00:00,47.6,88.2,8.0,0.4,36.0,49,2.111111111111111,190,Moderate
2025-07-27 17:00:00,43.7,103.8,14.5,0.427,35.2,52,2.25,206,Poor
2025-07-27 18:00:00,49.7,107.8,28.1,0.462,33.3,61,2.111111111111111,209,Poor
2025-07-27 19:00:00,58.9,95.0,46.7,0.506,32.6,64,1.8055555555555556,207,Poor
2025-07-27 20:00:00,64.5,95.2,59.4,0.562,32.1,68,1.2777777777777777,200,Moderate
2025-07-27 21:00:00,64.5,97.6,60.6,0.652,31.5,72,1.1111111111111112,174,Moderate
2025-07-27 22:00:00,63.3,91.3,55.8,0.754,30.9,77,1.25,155,Moderate
2025-07-27 23:00:00,60.5,79.6,51.1,0.802,30.4,80,1.3055555555555556,154,Moderate
2025-07-28 00:00:00,59.4,84.1,47.9,0.747,29.9,83,1.1666666666666667,153,Moderate
2025-07-28 01:00:00,58.4,72.9,44.8,0.639,29.5,84,1.0555555555555556,152,Moderate
2025-07-28 02:00:00,59.0,67.1,43.3,0.557,29.1,85,1.0555555555555556,152,Moderate
2025-07-28 03:00:00,61.7,68.0,45.1,0.538,28.9,86,0.9166666666666666,151,Moderate
2025-07-28 04:00:00,65.9,72.4,48.5,0.546,28.6,87,1.1111111111111112,150,Moderate
2025-07-28 05:00:00,57.0,69.2,36.8,0.554,28.4,87,0.9722222222222222,147,Moderate
2025-07-28 06:00:00,57.2,70.3,35.0,0.556,29.5,81,0.8611111111111112,144,Moderate
2025-07-28 07:00:00,55.3,70.8,32.3,0.559,30.5,75,1.3333333333333333,142,Moderate
2025-07-28 08:00:00,49.0,64.7,28.7,0.549,32.2,64,1.5833333333333333,142,Moderate
2025-07-28 09:00:00,47.3,66.8,23.6,0.516,33.5,58,1.2777777777777777,143,Moderate
2025-07-28 10:00:00,48.0,60.8,17.7,0.47,35.0,52,1.1944444444444444,145,Moderate
2025-07-28 11:00:00,52.7,64.5,13.0,0.439,36.0,48,1.1111111111111112,146,Moderate
2025-07-28 12:00:00,58.9,70.5,9.8,0.431,36.3,47,0.9444444444444444,147,Moderate
2025-07-28 13:00:00,60.5,71.5,7.8,0.438,36.6,46,0.6388888888888888,149,Moderate
2025-07-28 14:00:00,62.9,73.1,7.9,0.453,36.5,47,0.8055555555555555,150,Moderate
2025-07-28 15:00:00,66.1,75.7,11.2,0.482,36.9,47,1.027777777777778,165,Moderate
2025-07-28 16:00:00,68.7,76.4,16.7,0.521,36.3,49,1.3888888888888888,199,Moderate
2025-07-28 17:00:00,80.3,85.2,18.5,0.55,35.2,53,1.611111111111111,211,Poor
2025-07-28 18:00:00,79.2,82.7,31.2,0.56,33.1,62,1.7222222222222223,218,Poor
2025-07-28 19:00:00,84.8,87.1,48.4,0.56,32.5,65,1.5277777777777777,219,Poor
2025-07-28 20:00:00,90.6,92.7,60.1,0.559,31.5,71,2.138888888888889,214,Poor
2025-07-28 21:00:00,92.9,95.0,60.9,0.561,30.4,78,2.5555555555555554,204,Poor
2025-07-28 22:00:00,91.0,94.3,56.0,0.561,29.6,81,2.3333333333333335,182,Moderate
2025-07-28 23:00:00,87.3,90.8,51.0,0.554,29.1,83,2.305555555555556,155,Moderate
2025-07-29 00:00:00,81.7,84.1,47.6,0.534,28.7,86,1.5277777777777777,156,Moderate
2025-07-29 01:00:00,79.4,81.3,44.1,0.507,28.4,88,1.3888888888888888,156,Moderate
2025-07-29 02:00:00,78.2,79.9,41.0,0.485,28.0,89,1.3888888888888888,157,Moderate
2025-07-29 03:00:00,72.2,73.8,38.3,0.467,27.8,91,1.1944444444444444,157,Moderate
2025-07-29 04:00:00,64.5,65.7,36.0,0.454,27.0,93,2.8055555555555554,157,Moderate
2025-07-29 05:00:00,88.7,90.1,48.4,0.462,26.9,93,1.6388888888888888,157,Moderate
2025-07-29 06:00:00,79.2,81.5,46.3,0.515,26.8,92,0.9166666666666666,158,Moderate
2025-07-29 07:00:00,71.2,73.6,43.2,0.589,27.0,91,0.9444444444444444,158,Moderate
2025-07-29 08:00:00,62.9,66.6,39.7,0.634,28.2,85,1.5,159,Moderate
2025-07-29 09:00:00,54.0,58.7,35.7,0.618,30.0,77,1.0555555555555556,159,Moderate
2025-07-29 10:00:00,43.9,48.2,31.2,0.573,31.5,72,0.9444444444444444,159,Moderate
2025-07-29 11:00:00,33.6,37.0,27.1,0.542,32.5,66,1.3611111111111112,159,Moderate
2025-07-29 12:00:00,31.8,34.8,23.0,0.541,30.7,71,1.3333333333333333,159,Moderate
2025-07-29 13:00:00,31.9,34.9,19.4,0.553,31.5,70,0.8055555555555555,158,Moderate
2025-07-29 14:00:00,32.1,35.6,18.2,0.572,32.8,67,0.7222222222222222,158,Moderate
2025-07-29 15:00:00,32.6,35.9,21.1,0.579,30.7,75,2.75,157,Moderate
2025-07-29 16:00:00,32.6,35.6,26.4,0.593,30.0,80,1.25,156,Moderate
2025-07-29 17:00:00,36.8,82.9,16.1,0.66,30.5,79,1.2777777777777777,155,Moderate
2025-07-29 18:00:00,38.9,80.1,22.7,0.842,29.9,77,1.75,154,Moderate
2025-07-29 19:00:00,42.6,61.9,31.7,1.078,29.2,81,1.611111111111111,154,Moderate
2025-07-29 20:00:00,41.0,50.4,37.6,1.223,28.6,84,1.8611111111111112,153,Moderate
2025-07-29 21:00:00,38.0,41.3,37.4,1.212,28.4,85,1.5555555555555554,152,Moderate
2025-07-29 22:00:00,35.2,36.2,34.1,1.111,28.0,88,1.3611111111111112,150,Moderate
2025-07-29 23:00:00,33.3,33.6,30.6,0.977,27.6,90,1.1111111111111112,146,Moderate
2025-07-30 00:00:00,30.6,30.9,27.5,0.797,27.4,91,1.3888888888888888,140,Moderate
2025-07-30 01:00:00,29.8,29.9,24.2,0.583,27.0,92,1.75,135,Moderate
2025-07-30 02:00:00,30.5,30.6,21.9,0.432,26.8,93,1.8611111111111112,130,Moderate
2025-07-30 03:00:00,32.4,32.4,21.3,0.385,26.5,93,1.972222222222222,125,Moderate
2025-07-30 04:00:00,35.0,35.0,21.8,0.401,26.4,94,1.9444444444444444,120,Moderate
2025-07-30 05:00:00,37.5,37.6,22.3,0.446,26.2,94,1.6666666666666665,117,Moderate
2025-07-30 06:00:00,40.0,40.2,23.2,0.542,25.9,97,2.25,112,Moderate
2025-07-30 07:00:00,40.9,41.0,24.1,0.667,26.4,96,2.111111111111111,108,Moderate
2025-07-30 08:00:00,43.8,44.0,23.2,0.728,27.5,91,2.138888888888889,105,Moderate
2025-07-30 09:00:00,41.9,42.1,18.7,0.655,29.0,85,2.7777777777777777,103,Moderate
2025-07-30 10:00:00,39.9,40.2,12.3,0.517,29.9,80,2.6666666666666665,102,Moderate
2025-07-30 11:00:00,36.1,36.2,7.8,0.425,31.2,74,2.7222222222222223,101,Moderate
2025-07-30 12:00:00,32.6,32.7,6.5,0.433,32.0,70,2.7222222222222223,101,Moderate
2025-07-30 13:00:00,33.1,33.2,7.0,0.487,30.4,76,3.0555555555555554,101,Moderate
2025-07-30 14:00:00,38.0,38.2,8.7,0.542,29.0,85,1.611111111111111,102,Moderate
2025-07-30 15:00:00,29.9,30.0,10.6,0.571,30.1,80,1.611111111111111,102,Moderate
2025-07-30 16:00:00,33.5,33.6,13.5,0.602,30.6,78,1.3888888888888888,102,Moderate
2025-07-30 17:00:00,49.2,50.9,25.5,0.667,30.2,78,1.5833333333333333,112,Moderate
2025-07-30 18:00:00,55.1,57.3,46.5,0.827,28.4,86,2.4166666666666665,113,Moderate
2025-07-30 19:00:00,70.8,73.1,74.7,1.022,27.4,91,1.8611111111111112,105,Moderate
2025-07-30 20:00:00,85.0,87.5,90.0,1.107,27.2,93,1.5833333333333333,108,Moderate
2025-07-30 21:00:00,77.5,79.4,80.1,0.983,27.0,93,2.138888888888889,113,Moderate
2025-07-30 22:00:00,65.0,66.1,57.2,0.749,26.6,96,2.111111111111111,117,Moderate
2025-07-30 23:00:00,53.7,54.1,38.4,0.556,26.6,94,2.75,120,Moderate
2025-07-31 00:00:00,45.5,45.8,30.1,0.46,26.5,95,2.1944444444444446,122,Moderate
2025-07-31 01:00:00,40.2,40.3,25.9,0.406,26.2,95,2.305555555555556,123,Moderate
2025-07-31 02:00:00,38.2,38.3,22.8,0.377,26.0,95,1.9444444444444444,124,Moderate
2025-07-31 03:00:00,31.7,31.8,19.8,0.371,25.7,97,1.972222222222222,125,Moderate
2025-07-31 04:00:00,24.6,24.6,17.9,0.39,25.5,98,2.2777777777777777,125,Moderate
2025-07-31 05:00:00,38.8,38.8,20.0,0.424,25.5,98,1.7222222222222223,124,Moderate
2025-07-31 06:00:00,37.3,37.3,22.0,0.488,25.6,96,2.0833333333333335,124,Moderate
2025-07-31 07:00:00,30.9,31.0,24.5,0.568,25.6,97,1.9166666666666667,124,Moderate
2025-07-31 08:00:00,26.1,26.2,25.4,0.609,26.1,94,2.5555555555555554,123,Moderate
2025-07-31 09:00:00,24.2,24.2,22.9,0.575,27.0,89,2.7777777777777777,121,Moderate
2025-07-31 10:00:00,26.3,26.4,18.6,0.503,28.9,82,2.388888888888889,119,Moderate
2025-07-31 11:00:00,28.5,28.6,15.3,0.452,29.8,78,2.305555555555556,118,Moderate
2025-07-31 12:00:00,38.4,38.6,13.7,0.438,29.9,77,2.25,117,Moderate
2025-07-31 13:00:00,37.0,37.1,13.0,0.445,30.2,75,1.8333333333333333,118,Moderate
2025-07-31 14:00:00,41.8,41.9,13.6,0.484,30.8,75,1.5277777777777777,118,Moderate
2025-07-31 15:00:00,45.5,45.6,15.1,0.561,31.1,74,1.3333333333333333,118,Moderate
2025-07-31 16:00:00,47.3,47.4,17.8,0.669,31.4,72,1.0555555555555556,120,Moderate
2025-07-31 17:00:00,47.4,54.0,30.2,0.798,30.6,73,1.6388888888888888,122,Moderate
2025-07-31 18:00:00,56.5,61.9,36.3,0.993,28.5,87,0.9722222222222222,121,Moderate
2025-07-31 19:00:00,60.3,63.3,44.6,1.208,28.0,91,0.5,121,Moderate
2025-07-31 20:00:00,61.7,63.1,49.3,1.294,27.5,93,0.5,120,Moderate
2025-07-31 21:00:00,62.6,63.3,47.0,1.131,27.2,94,0.6111111111111112,118,Moderate
2025-07-31 22:00:00,63.1,64.0,41.2,0.838,27.0,95,1.5277777777777777,116,Moderate
2025-07-31 23:00:00,58.2,60.1,36.3,0.624,26.6,95,1.472222222222222,116,Moderate
2025-08-01 00:00:00,53.6,56.3,34.3,0.586,26.4,95,1.1388888888888888,117,Moderate
2025-08-01 01:00:00,55.6,58.6,33.3,0.627,26.1,95,2.0,118,Moderate
2025-08-01 02:00:00,58.2,61.2,32.1,0.661,25.9,96,1.8888888888888888,119,Moderate
2025-08-01 03:00:00,58.1,60.8,30.2,0.653,25.5,97,1.4444444444444444,121,Moderate
2025-08-01 04:00:00,58.0,60.3,28.3,0.639,25.4,98,1.25,124,Moderate
2025-08-01 05:00:00,72.9,75.0,66.3,0.637,25.2,98,0.7222222222222222,127,Moderate
2025-08-01 06:00:00,72.6,75.7,57.6,0.673,26.1,94,1.4166666666666665,131,Moderate
2025-08-01 07:00:00,49.9,60.8,45.2,0.721,26.5,93,1.1111111111111112,135,Moderate
2025-08-01 08:00:00,48.2,63.3,33.8,0.731,27.9,86,1.0833333333333333,137,Moderate
2025-08-01 09:00:00,44.1,64.5,24.3,0.665,29.2,79,1.6666666666666665,139,Moderate
2025-08-01 10:00:00,36.1,61.7,15.8,0.56,30.1,76,1.0555555555555556,141,Moderate
2025-08-01 11:00:00,33.3,56.9,9.8,0.475,30.9,73,0.6944444444444444,142,Moderate
2025-08-01 12:00:00,34.0,56.8,7.0,0.416,31.5,72,0.75,143,Moderate
2025-08-01 13:00:00,34.8,58.3,6.6,0.376,32.0,71,0.8333333333333333,142,Moderate
2025-08-01 14:00:00,37.6,71.5,8.0,0.397,32.0,70,1.0833333333333333,142,Moderate
2025-08-01 15:00:00,47.3,87.1,9.8,0.487,31.0,76,1.5,141,Moderate
2025-08-01 16:00:00,38.0,61.2,13.4,0.637,29.1,82,1.1111111111111112,142,Moderate
2025-08-01 17:00:00,43.1,140.2,14.9,0.863,29.2,82,0.888888888888889,141,Moderate
2025-08-01 18:00:00,39.7,91.7,28.3,1.277,29.0,86,0.0,140,Moderate
2025-08-01 19:00:00,46.4,84.1,47.1,1.768,28.7,88,0.4722222222222222,138,Moderate
2025-08-01 20:00:00,56.5,89.4,62.3,2.015,28.3,92,0.4444444444444445,137,Moderate
2025-08-01 21:00:00,69.4,99.2,71.1,1.812,28.2,93,0.6111111111111112,136,Moderate
2025-08-01 22:00:00,78.2,103.8,76.4,1.365,28.1,91,1.3333333333333333,137,Moderate
2025-08-01 23:00:00,76.8,96.9,78.4,0.98,27.9,88,1.1388888888888888,139,Moderate
2025-08-02 00:00:00,66.6,80.1,75.8,0.765,27.5,88,1.1111111111111112,141,Moderate
2025-08-02 01:00:00,59.6,68.2,69.9,0.611,27.1,87,1.2777777777777777,142,Moderate
2025-08-02 02:00:00,54.8,60.5,64.7,0.493,26.8,88,1.25,142,Moderate
2025-08-02 03:00:00,51.6,56.0,62.9,0.396,26.5,89,0.9722222222222222,142,Moderate
2025-08-02 04:00:00,49.8,54.4,61.9,0.335,26.5,89,0.9722222222222222,141,Moderate
2025-08-02 05:00:00,34.6,42.8,25.5,0.334,26.2,90,1.1944444444444444,141,Moderate
2025-08-02 06:00:00,34.9,50.9,23.1,0.447,27.5,86,1.3611111111111112,137,Moderate
2025-08-02 07:00:00,37.5,61.2,19.6,0.619,28.2,84,1.3055555555555556,133,Moderate
2025-08-02 08:00:00,38.5,91.3,16.0,0.715,29.0,80,1.3333333333333333,131,Moderate
2025-08-02 09:00:00,39.2,112.5,12.2,0.651,29.2,77,1.8888888888888888,130,Moderate
2025-08-02 10:00:00,39.2,116.6,8.3,0.511,30.4,72,2.2222222222222223,130,Moderate
2025-08-02 11:00:00,37.7,119.0,5.6,0.402,31.2,69,2.1944444444444446,130,Moderate
2025-08-02 12:00:00,44.0,158.3,4.4,0.362,31.8,68,2.361111111111111,131,Moderate
2025-08-02 13:00:00,48.1,164.4,4.4,0.354,32.2,67,2.638888888888889,132,Moderate
2025-08-02 14:00:00,48.7,174.2,5.7,0.379,32.5,65,2.833333333333333,133,Moderate
2025-08-02 15:00:00,48.1,165.3,7.2,0.426,32.8,63,3.0,134,Moderate
2025-08-02 16:00:00,53.2,163.4,10.0,0.506,31.8,67,2.6666666666666665,134,Moderate
2025-08-02 17:00:00,45.2,142.0,15.1,0.647,31.3,72,1.472222222222222,136,Moderate
2025-08-02 18:00:00,45.5,114.8,25.4,0.929,30.8,75,1.1666666666666667,136,Moderate
2025-08-02 19:00:00,50.5,96.2,39.8,1.272,29.9,77,1.7222222222222223,137,Moderate
2025-08-02 20:00:00,59.8,106.6,51.1,1.463,29.2,77,1.9166666666666667,137,Moderate
2025-08-02 21:00:00,64.5,112.9,56.2,1.38,28.8,80,1.6388888888888888,137,Moderate
2025-08-02 22:00:00,70.5,123.9,58.2,1.145,28.5,83,1.1111111111111112,137,Moderate
2025-08-02 23:00:00,77.1,138.8,60.1,0.913,28.4,84,1.1388888888888888,136,Moderate
2025-08-03 00:00:00,81.7,154.1,63.3,0.719,28.2,84,1.3333333333333333,136,Moderate
2025-08-03 01:00:00,86.1,167.2,66.4,0.528,28.0,84,1.6944444444444442,138,Moderate
2025-08-03 02:00:00,89.2,179.7,67.5,0.394,27.6,84,1.6944444444444442,140,Moderate
2025-08-03 03:00:00,91.3,189.1,65.9,0.339,27.4,84,1.5833333333333333,144,Moderate
2025-08-03 04:00:00,91.7,190.9,62.3,0.341,27.1,86,1.8888888888888888,148,Moderate
2025-08-03 05:00:00,39.1,72.6,17.1,0.384,27.0,88,1.6388888888888888,151,Moderate
2025-08-03 06:00:00,39.1,70.3,19.8,0.506,26.9,92,2.611111111111111,151,Moderate
2025-08-03 07:00:00,40.6,69.6,23.4,0.669,27.8,88,1.777777777777778,151,Moderate
2025-08-03 08:00:00,41.8,71.5,24.7,0.75,29.4,79,1.611111111111111,151,Moderate
2025-08-03 09:00:00,44.7,103.4,21.5,0.666,30.4,71,2.5,151,Moderate
2025-08-03 10:00:00,49.5,136.0,16.2,0.499,31.4,67,2.888888888888889,151,Moderate
2025-08-03 11:00:00,53.1,177.0,12.2,0.369,32.5,65,2.75,151,Moderate
2025-08-03 12:00:00,56.0,191.4,10.7,0.317,32.8,65,2.75,152,Moderate
2025-08-03 13:00:00,59.4,214.7,10.6,0.303,33.1,65,2.2777777777777777,152,Moderate
2025-08-03 14:00:00,59.4,222.6,12.6,0.327,33.3,65,2.388888888888889,152,Moderate
2025-08-03 15:00:00,61.0,222.6,16.7,0.378,32.8,67,2.0833333333333335,152,Moderate
2025-08-03 16:00:00,61.9,207.2,22.9,0.468,31.1,73,2.7222222222222223,153,Moderate
2025-08-03 17:00:00,69.6,319.4,20.9,0.628,31.2,74,1.611111111111111,153,Moderate
2025-08-03 18:00:00,78.5,268.2,43.3,0.942,31.5,71,1.611111111111111,153,Moderate
2025-08-03 19:00:00,95.5,248.7,74.0,1.326,30.7,76,1.25,154,Moderate
2025-08-03 20:00:00,100.8,217.0,95.1,1.565,30.1,79,1.1388888888888888,155,Moderate
2025-08-03 21:00:00,104.1,189.1,97.6,1.542,29.4,84,0.9166666666666666,156,Moderate
2025-08-03 22:00:00,101.3,176.0,90.5,1.373,29.1,84,0.3611111111111111,157,Moderate
2025-08-03 23:00:00,97.8,160.7,83.2,1.195,28.6,85,0.3055555555555556,157,Moderate
2025-08-04 00:00:00,85.4,138.8,78.6,1.038,28.0,89,0.4444444444444445,158,Moderate
2025-08-04 01:00:00,74.5,119.2,73.7,0.871,27.4,90,1.8611111111111112,158,Moderate
2025-08-04 02:00:00,71.0,111.5,68.7,0.736,26.0,93,1.777777777777778,158,Moderate
2025-08-04 03:00:00,71.7,118.0,63.2,0.646,25.8,95,1.2222222222222223,157,Moderate
2025-08-04 04:00:00,72.9,115.3,57.5,0.588,25.9,96,0.7777777777777777,157,Moderate
2025-08-04 05:00:00,70.8,109.2,52.6,0.56,25.9,96,0.7777777777777777,157,Moderate
2025-08-04 06:00:00,66.8,109.2,49.7,0.584,28.5,76,2.611111111111111,157,Moderate
2025-08-04 07:00:00,68.2,114.3,47.5,0.638,28.6,75,2.944444444444444,158,Moderate
2025-08-04 08:00:00,69.6,163.4,43.7,0.661,29.0,74,3.0277777777777777,158,Moderate
2025-08-04 09:00:00,71.9,210.5,36.0,0.615,29.4,74,2.9166666666666665,159,Moderate
2025-08-04 10:00:00,75.2,272.9,26.7,0.538,29.7,74,2.861111111111111,160,Moderate
2025-08-04 11:00:00,74.7,287.8,19.6,0.479,29.9,75,1.9444444444444444,160,Moderate
2025-08-04 12:00:00,75.7,291.5,16.4,0.441,29.9,75,2.3333333333333335,161,Moderate
2025-08-04 13:00:00,77.5,326.0,15.4,0.422,30.1,75,2.4166666666666665,161,Moderate
2025-08-04 14:00:00,82.2,344.6,16.0,0.465,30.5,74,2.388888888888889,161,Moderate
2025-08-04 15:00:00,87.8,370.7,17.3,0.615,30.6,75,1.972222222222222,162,Moderate
2025-08-04 16:00:00,91.7,423.8,20.2,0.826,31.1,75,2.0277777777777777,163,Moderate
2025-08-04 17:00:00,109.4,493.6,48.7,1.012,31.1,76,1.611111111111111,163,Moderate
2025-08-04 18:00:00,113.2,423.8,59.5,1.165,28.8,86,1.3888888888888888,164,Moderate
2025-08-04 19:00:00,115.5,389.3,74.6,1.292,28.6,87,1.3055555555555556,165,Moderate
2025-08-04 20:00:00,111.8,368.8,86.9,1.322,28.5,87,1.1666666666666667,165,Moderate
2025-08-04 21:00:00,111.5,355.8,94.1,1.192,28.4,87,1.2222222222222223,166,Moderate
2025-08-04 22:00:00,120.6,377.2,98.6,0.965,28.3,88,1.5555555555555554,166,Moderate
2025-08-04 23:00:00,127.6,382.8,100.4,0.761,28.1,88,1.611111111111111,166,Moderate
2025-08-05 00:00:00,126.7,352.0,99.9,0.612,28.0,88,1.6666666666666665,167,Moderate
2025-08-05 01:00:00,126.7,336.2,96.8,0.486,27.7,88,1.5555555555555554,168,Moderate
2025-08-05 02:00:00,115.9,269.2,90.2,0.403,27.3,89,0.9722222222222222,169,Moderate
2025-08-05 03:00:00,92.9,205.4,77.1,0.378,27.1,89,1.1388888888888888,170,Moderate
2025-08-05 04:00:00,76.6,158.3,60.4,0.396,27.1,87,1.5,170,Moderate
2025-08-05 05:00:00,38.4,78.0,31.7,0.437,27.2,84,2.1944444444444446,171,Moderate
2025-08-05 06:00:00,37.7,81.3,31.4,0.506,27.8,80,2.5555555555555554,171,Moderate
2025-08-05 07:00:00,39.0,86.4,30.7,0.599,28.0,78,2.638888888888889,170,Moderate
2025-08-05 08:00:00,40.2,102.7,28.4,0.681,28.7,76,1.777777777777778,169,Moderate
2025-08-05 09:00:00,40.5,129.9,23.2,0.747,29.4,75,0.8055555555555555,168,Moderate
2025-08-05 10:00:00,51.5,274.7,16.5,0.803,29.6,75,1.2222222222222223,167,Moderate
2025-08-05 11:00:00,62.2,383.7,11.2,0.829,28.9,76,3.3611111111111107,167,Moderate
2025-08-05 12:00:00,72.4,475.0,7.9,0.796,27.7,85,1.3888888888888888,168,Moderate
2025-08-05 13:00:00,83.8,573.7,6.1,0.733,26.0,93,2.0833333333333335,172,Moderate
2025-08-05 14:00:00,94.3,600.0,6.8,0.706,27.4,90,1.5555555555555554,177,Moderate
2025-08-05 15:00:00,97.1,600.0,10.8,0.693,28.5,86,1.2222222222222223,184,Moderate
2025-08-05 16:00:00,97.6,600.0,17.5,0.716,29.0,85,1.1388888888888888,191,Moderate
2025-08-05 17:00:00,72.2,314.8,34.3,0.908,28.7,86,0.5833333333333334,196,Moderate
2025-08-05 18:00:00,75.7,263.6,49.1,1.508,28.6,86,1.3055555555555556,193,Moderate
2025-08-05 19:00:00,85.2,235.2,69.1,2.277,27.9,90,1.6666666666666665,189,Moderate
2025-08-05 20:00:00,86.4,217.9,81.2,2.636,27.5,89,1.6388888888888888,186,Moderate
2025-08-05 21:00:00,82.9,211.4,78.7,2.191,27.5,87,1.8055555555555556,183,Moderate
2025-08-05 22:00:00,76.8,198.8,68.2,1.335,27.5,87,1.8888888888888888,180,Moderate
2025-08-05 23:00:00,62.2,129.0,56.9,0.666,27.3,87,1.8333333333333333,176,Moderate
2025-08-06 00:00:00,45.9,84.8,45.6,0.434,27.1,88,1.777777777777778,171,Moderate
2025-08-06 01:00:00,33.9,55.3,33.4,0.389,27.0,89,2.25,165,Moderate
2025-08-06 02:00:00,28.6,43.2,25.0,0.385,26.7,91,1.9166666666666667,160,Moderate
2025-08-06 03:00:00,28.3,40.6,23.1,0.373,26.5,92,1.25,155,Moderate
2025-08-06 04:00:00,29.3,39.1,25.0,0.402,26.5,91,1.3333333333333333,154,Moderate
2025-08-06 05:00:00,28.8,28.9,27.6,0.474,26.4,91,1.0555555555555556,153,Moderate
2025-08-06 06:00:00,27.9,36.9,26.3,0.637,27.3,82,2.2777777777777777,153,Moderate
2025-08-06 07:00:00,28.6,54.0,24.3,0.843,27.2,82,2.2222222222222223,152,Moderate
2025-08-06 08:00:00,33.9,95.7,21.4,0.948,27.9,80,2.0277777777777777,152,Moderate
2025-08-06 09:00:00,50.4,297.1,16.6,0.857,28.8,76,1.4444444444444444,152,Moderate
2025-08-06 10:00:00,64.7,444.2,10.8,0.665,29.5,75,1.3888888888888888,152,Moderate
2025-08-06 11:00:00,64.3,412.6,6.6,0.515,30.5,71,1.3055555555555556,153,Moderate
2025-08-06 12:00:00,63.1,395.8,4.8,0.46,31.5,69,1.3055555555555556,154,Moderate
2025-08-06 13:00:00,63.6,402.3,4.5,0.447,31.1,69,1.3611111111111112,152,Moderate
2025-08-06 14:00:00,62.2,370.7,5.6,0.457,31.2,70,1.1944444444444444,152,Moderate
2025-08-06 15:00:00,62.9,379.0,6.5,0.446,32.0,68,1.3333333333333333,151,Moderate
2025-08-06 16:00:00,62.9,375.3,8.7,0.458,31.8,69,0.888888888888889,151,Moderate
2025-08-06 17:00:00,77.8,449.8,18.7,0.604,30.9,71,2.4722222222222223,149,Moderate
2025-08-06 18:00:00,81.0,359.5,37.0,1.027,29.5,79,0.8611111111111112,149,Moderate
2025-08-06 19:00:00,91.5,356.7,61.9,1.584,28.9,83,0.8055555555555555,150,Moderate
2025-08-06 20:00:00,97.1,342.7,79.0,1.961,28.5,87,0.6388888888888888,150,Moderate
2025-08-06 21:00:00,97.6,317.6,81.3,2.038,28.2,88,0.6388888888888888,150,Moderate
2025-08-06 22:00:00,92.7,272.9,75.8,1.935,28.1,88,0.2777777777777778,151,Moderate
2025-08-06 23:00:00,83.6,227.2,68.5,1.699,27.7,90,0.8611111111111112,151,Moderate
2025-08-07 00:00:00,73.3,196.5,60.7,1.241,27.5,89,1.0555555555555556,152,Moderate
2025-08-07 01:00:00,65.7,185.8,51.1,0.651,27.2,88,1.2222222222222223,152,Moderate
2025-08-07 02:00:00,61.9,200.2,42.5,0.241,27.0,88,1.2777777777777777,153,Moderate
2025-08-07 03:00:00,62.2,248.7,35.6,0.175,27.0,86,1.6666666666666665,154,Moderate
2025-08-07 04:00:00,65.0,309.2,29.5,0.291,26.8,83,2.0,158,Moderate
2025-08-07 05:00:00,70.5,378.1,24.9,0.411,26.5,81,2.111111111111111,163,Moderate
2025-08-07 06:00:00,79.9,465.7,22.5,0.499,27.7,77,2.7777777777777777,171,Moderate
2025-08-07 07:00:00,91.5,536.4,21.5,0.593,28.3,76,2.75,180,Moderate
2025-08-07 08:00:00,97.3,600.0,19.7,0.627,29.5,73,2.388888888888889,190,Moderate
2025-08-07 09:00:00,97.3,600.0,15.6,0.549,30.7,70,2.3333333333333335,200,Moderate
2025-08-07 10:00:00,99.0,600.0,10.6,0.411,32.1,65,2.7222222222222223,220,Poor
2025-08-07 11:00:00,104.3,600.0,6.8,0.306,33.3,56,3.0555555555555554,234,Poor
2025-08-07 12:00:00,103.4,600.0,4.8,0.27,33.8,54,2.972222222222222,254,Poor
2025-08-07 13:00:00,106.2,600.0,4.0,0.266,34.2,53,3.0,276,Poor
2025-08-07 14:00:00,109.9,600.0,4.8,0.285,34.4,53,3.1111111111111107,299,Poor
2025-08-07 15:00:00,116.4,600.0,6.7,0.311,34.2,54,3.3611111111111107,324,Very Poor
2025-08-07 16:00:00,123.9,600.0,10.2,0.359,34.0,54,3.5277777777777777,352,Very Poor
2025-08-07 17:00:00,162.1,600.0,16.9,0.459,33.3,58,2.694444444444444,382,Very Poor
2025-08-07 18:00:00,167.6,600.0,26.1,0.678,31.9,66,1.5555555555555554,417,Severe
2025-08-07 19:00:00,170.9,600.0,38.9,0.949,30.8,72,1.5277777777777777,450,Severe
2025-08-07 20:00:00,171.8,600.0,49.1,1.104,30.2,74,1.4166666666666665,480,Severe
2025-08-07 21:00:00,171.4,600.0,54.8,1.046,29.7,76,1.2777777777777777,507,Severe
2025-08-07 22:00:00,168.1,600.0,58.0,0.871,29.0,79,1.3055555555555556,531,Severe
2025-08-07 23:00:00,160.7,600.0,58.5,0.701,28.6,79,1.5,555,Severe
2025-08-08 00:00:00,144.8,600.0,55.6,0.565,28.3,78,1.972222222222222,576,Severe
2025-08-08 01:00:00,128.5,543.9,50.0,0.434,28.0,77,2.0833333333333335,594,Severe
2025-08-08 02:00:00,113.2,491.7,44.2,0.341,27.8,77,1.972222222222222,609,Severe
2025-08-08 03:00:00,99.7,451.7,38.7,0.298,27.5,77,2.5277777777777777,621,Severe
2025-08-08 04:00:00,88.7,420.0,33.0,0.293,27.3,76,2.638888888888889,630,Severe
2025-08-08 05:00:00,102.7,600.0,21.2,0.321,26.9,76,2.388888888888889,634,Severe
2025-08-08 06:00:00,106.6,600.0,20.8,0.412,28.2,71,3.194444444444444,645,Severe
2025-08-08 07:00:00,117.3,600.0,20.1,0.536,28.9,68,3.3055555555555554,655,Severe
2025-08-08 08:00:00,129.9,600.0,18.4,0.602,29.7,68,2.305555555555556,666,Severe
2025-08-08 09:00:00,134.1,600.0,14.7,0.553,31.0,63,2.861111111111111,678,Severe
2025-08-08 10:00:00,136.0,600.0,9.9,0.446,32.3,59,2.888888888888889,693,Severe
2025-08-08 11:00:00,137.4,600.0,6.7,0.364,33.0,57,2.6666666666666665,707,Severe
2025-08-08 12:00:00,133.6,600.0,5.3,0.323,32.7,60,2.2222222222222223,718,Severe
2025-08-08 13:00:00,124.8,600.0,5.4,0.306,33.4,58,2.4166666666666665,726,Severe
2025-08-08 14:00:00,115.0,600.0,8.5,0.348,33.7,55,2.1944444444444446,731,Severe
2025-08-08 15:00:00,112.0,600.0,13.7,0.476,33.7,54,1.972222222222222,730,Severe
2025-08-08 16:00:00,111.8,600.0,22.0,0.663,33.3,55,1.5833333333333333,724,Severe
2025-08-08 17:00:00,144.4,600.0,32.9,0.855,32.9,60,0.9166666666666666,715,Severe
2025-08-08 18:00:00,157.4,600.0,46.2,1.085,32.4,62,1.1666666666666667,705,Severe
2025-08-08 19:00:00,160.7,600.0,64.2,1.321,30.9,71,1.3611111111111112,697,Severe
2025-08-08 20:00:00,156.0,600.0,74.8,1.411,30.2,75,1.3333333333333333,691,Severe
2025-08-08 21:00:00,143.4,558.8,70.9,1.236,29.5,79,0.9444444444444444,679,Severe
2025-08-08 22:00:00,127.6,424.7,59.7,0.916,29.0,80,1.6944444444444442,664,Severe
2025-08-08 23:00:00,119.7,372.5,50.4,0.658,28.2,86,2.138888888888889,647,Severe
2025-08-09 00:00:00,116.6,354.8,46.1,0.551,28.0,87,1.6388888888888888,632,Severe
2025-08-09 01:00:00,116.9,359.5,43.8,0.506,27.9,87,1.4444444444444444,620,Severe
2025-08-09 02:00:00,119.7,383.7,43.2,0.468,27.8,88,1.5555555555555554,613,Severe
2025-08-09 03:00:00,123.4,396.7,45.2,0.381,27.6,89,0.8611111111111112,608,Severe
2025-08-09 04:00:00,129.0,424.7,49.1,0.302,27.4,89,1.3888888888888888,606,Severe
2025-08-09 05:00:00,102.2,461.9,42.4,0.341,27.1,91,1.972222222222222,606,Severe
2025-08-09 06:00:00,96.6,439.6,42.3,0.631,27.7,83,1.5555555555555554,599,Severe
2025-08-09 07:00:00,94.5,461.9,42.0,1.04,28.0,82,0.11111111111111112,588,Severe
2025-08-09 08:00:00,93.4,431.2,40.1,1.285,27.8,84,1.3611111111111112,574,Severe
2025-08-09 09:00:00,85.0,377.2,35.6,1.2,27.0,90,0.2777777777777778,554,Severe
2025-08-09 10:00:00,75.7,310.1,29.6,0.95,26.5,90,2.138888888888889,529,Severe
2025-08-09 11:00:00,71.5,307.3,23.7,0.747,27.6,84,0.9722222222222222,500,Severe
2025-08-09 12:00:00,71.0,299.0,17.9,0.654,28.4,80,1.1666666666666667,471,Severe
2025-08-09 13:00:00,69.4,274.7,12.3,0.608,29.4,77,0.75,443,Severe
2025-08-09 14:00:00,65.0,238.4,9.0,0.628,30.4,73,0.7777777777777777,417,Severe
2025-08-09 15:00:00,69.2,307.3,8.6,0.704,30.2,73,1.1111111111111112,391,Very Poor
2025-08-09 16:00:00,67.3,269.2,10.5,0.847,30.3,72,1.2222222222222223,366,Very Poor
2025-08-09 17:00:00,63.8,222.1,17.9,1.107,30.0,74,1.1111111111111112,341,Very Poor
2025-08-09 18:00:00,69.2,221.2,29.7,1.562,27.7,83,1.027777777777778,302,Very Poor
2025-08-09 19:00:00,78.7,227.7,46.3,2.134,27.0,87,0.8611111111111112,259,Poor
2025-08-09 20:00:00,88.5,251.5,60.7,2.645,26.9,88,1.027777777777778,219,Poor
2025-08-09 21:00:00,100.6,297.1,70.1,3.07,26.8,89,1.0833333333333333,197,Moderate
2025-08-09 22:00:00,115.3,347.4,77.4,3.1689999999999996,26.5,91,0.7222222222222222,192,Moderate
2025-08-09 23:00:00,129.0,402.3,83.8,3.1689999999999996,26.5,91,0.25,190,Moderate
2025-08-10 00:00:00,141.1,451.7,90.2,3.1689999999999996,26.2,92,0.19444444444444442,191,Moderate
2025-08-10 01:00:00,150.9,493.6,95.9,3.1689999999999996,26.3,93,0.4722222222222222,193,Moderate
2025-08-10 02:00:00,159.7,525.3,99.7,3.165,26.4,92,0.6388888888888888,195,Moderate
2025-08-10 03:00:00,168.1,549.5,102.7,2.759,26.2,93,0.5277777777777778,198,Moderate
2025-08-10 04:00:00,175.6,571.8,103.8,2.256,26.0,93,0.4444444444444445,204,Poor
2025-08-10 05:00:00,103.4,322.2,70.4,1.832,25.9,93,0.6666666666666666,213,Poor
2025-08-10 06:00:00,97.8,281.3,60.2,1.565,26.5,93,0.41666666666666663,205,Poor
2025-08-10 07:00:00,90.6,247.7,45.9,1.375,27.0,92,0.4722222222222222,198,Moderate
2025-08-10 08:00:00,76.8,235.2,32.9,1.203,28.1,87,0.5833333333333334,194,Moderate
2025-08-10 09:00:00,66.8,228.2,22.8,1.022,28.9,83,0.7222222222222222,190,Moderate
2025-08-10 10:00:00,61.7,212.8,14.0,0.857,29.8,79,0.4444444444444445,187,Moderate
2025-08-10 11:00:00,51.8,160.7,7.8,0.727,31.0,74,0.6388888888888888,185,Moderate
2025-08-10 12:00:00,48.9,151.3,4.8,0.629,31.6,72,0.8611111111111112,182,Moderate
2025-08-10 13:00:00,53.3,210.9,4.3,0.565,32.1,72,0.8611111111111112,179,Moderate
2025-08-10 14:00:00,56.3,229.6,5.4,0.561,32.3,71,1.1111111111111112,177,Moderate
2025-08-10 15:00:00,61.9,281.3,6.0,0.595,32.3,71,1.3888888888888888,177,Moderate
2025-08-10 16:00:00,71.7,376.3,8.2,0.689,32.2,69,1.3055555555555556,176,Moderate
2025-08-10 17:00:00,82.7,448.9,13.1,0.934,32.0,71,1.5,179,Moderate
2025-08-10 18:00:00,88.5,412.6,30.8,1.505,31.0,75,0.9722222222222222,183,Moderate
2025-08-10 19:00:00,101.7,443.3,55.3,2.227,30.4,81,0.6666666666666666,187,Moderate
2025-08-10 20:00:00,114.8,434.9,73.9,2.665,30.0,82,0.6111111111111112,192,Moderate
2025-08-10 21:00:00,110.6,380.9,80.8,2.576,29.5,84,0.75,196,Moderate
2025-08-10 22:00:00,113.9,338.1,81.8,2.203,29.0,86,0.7222222222222222,197,Moderate
2025-08-10 23:00:00,119.7,340.9,81.3,1.835,28.5,88,0.8055555555555555,197,Moderate
2025-08-11 00:00:00,116.2,347.4,81.0,1.554,28.1,89,0.9166666666666666,196,Moderate
2025-08-11 01:00:00,112.9,349.2,79.3,1.279,28.0,87,1.2222222222222223,194,Moderate
2025-08-11 02:00:00,107.6,334.3,76.0,1.059,27.7,86,0.7222222222222222,191,Moderate
2025-08-11 03:00:00,98.5,304.5,70.4,0.922,27.5,84,1.2222222222222223,187,Moderate
2025-08-11 04:00:00,88.5,272.9,63.1,0.84,27.0,86,1.0,182,Moderate
2025-08-11 05:00:00,88.2,292.4,51.1,0.778,27.0,86,0.5,176,Moderate
2025-08-11 06:00:00,88.9,300.8,44.4,0.739,28.4,80,2.75,175,Moderate
2025-08-11 07:00:00,92.0,338.1,35.0,0.719,28.8,78,2.9166666666666665,175,Moderate
2025-08-11 08:00:00,94.5,474.0,26.5,0.677,29.7,77,2.388888888888889,177,Moderate
2025-08-11 09:00:00,84.5,444.2,20.1,0.579,30.9,71,2.8055555555555554,182,Moderate
2025-08-11 10:00:00,79.6,438.7,14.6,0.459,31.5,68,2.833333333333333,187,Moderate
2025-08-11 11:00:00,75.2,427.5,10.6,0.373,32.5,66,2.5833333333333335,191,Moderate
2025-08-11 12:00:00,77.5,465.7,8.1,0.32,33.3,63,2.361111111111111,197,Moderate
2025-08-11 13:00:00,87.1,575.6,7.2,0.3,33.9,61,2.694444444444444,210,Poor
2025-08-11 14:00:00,96.6,600.0,8.2,0.372,33.8,60,2.6666666666666665,232,Poor
2025-08-11 15:00:00,101.5,600.0,10.2,0.588,32.7,64,2.0277777777777777,258,Poor
2025-08-11 16:00:00,104.5,600.0,14.2,0.897,32.5,66,1.0,285,Poor
2025-08-11 17:00:00,119.0,600.0,23.9,1.199,31.9,70,0.6666666666666666,306,Very Poor
2025-08-11 18:00:00,119.7,600.0,43.6,1.54,30.8,77,0.5,321,Very Poor
2025-08-11 19:00:00,128.5,517.8,70.5,1.875,29.9,83,1.3611111111111112,331,Very Poor
2025-08-11 20:00:00,129.5,438.7,88.7,1.973,28.4,90,0.6388888888888888,335,Very Poor
2025-08-11 21:00:00,125.7,382.8,90.3,1.636,27.7,94,2.0833333333333335,335,Very Poor
2025-08-11 22:00:00,122.5,353.0,83.2,1.063,27.7,93,1.8611111111111112,335,Very Poor
2025-08-11 23:00:00,116.2,326.9,75.8,0.616,27.7,94,1.6666666666666665,336,Very Poor
2025-08-12 00:00:00,109.4,299.9,70.4,0.451,27.6,93,1.8611111111111112,335,Very Poor
2025-08-12 01:00:00,103.1,270.1,64.8,0.412,27.4,91,1.9166666666666667,333,Very Poor
2025-08-12 02:00:00,98.5,244.0,60.2,0.394,27.3,88,1.0555555555555556,329,Very Poor
2025-08-12 03:00:00,95.5,217.5,57.8,0.345,27.1,89,1.3888888888888888,324,Very Poor
2025-08-12 04:00:00,89.9,196.0,56.5,0.316,26.8,92,0.25,319,Very Poor
2025-08-12 05:00:00,52.7,100.4,34.5,0.356,26.6,94,0.3611111111111111,315,Very Poor
2025-08-12 06:00:00,51.1,83.6,37.2,0.54,27.5,88,1.5555555555555554,305,Very Poor
2025-08-12 07:00:00,51.6,73.6,40.5,0.794,27.8,84,1.4166666666666665,293,Poor
2025-08-12 08:00:00,47.1,73.6,39.8,0.94,27.7,83,1.6944444444444442,278,Poor
2025-08-12 09:00:00,39.9,83.6,31.4,0.876,27.7,82,1.9444444444444444,254,Poor
2025-08-12 10:00:00,35.7,87.8,19.0,0.705,28.7,79,1.9166666666666667,232,Poor
2025-08-12 11:00:00,34.2,93.1,9.5,0.559,29.4,76,1.5,211,Poor
2025-08-12 12:00:00,45.6,201.6,5.6,0.478,31.3,70,1.4444444444444444,197,Moderate
2025-08-12 13:00:00,53.6,296.2,4.6,0.421,32.5,65,1.777777777777778,192,Moderate
2025-08-12 14:00:00,60.3,380.9,5.5,0.401,33.2,63,1.7222222222222223,186,Moderate
2025-08-12 15:00:00,66.6,458.2,7.1,0.395,33.3,62,1.9166666666666667,179,Moderate
2025-08-12 16:00:00,65.7,433.1,10.5,0.425,33.0,63,2.2777777777777777,174,Moderate
2025-08-12 17:00:00,77.1,491.7,15.0,0.569,32.5,65,2.0277777777777777,168,Moderate
2025-08-12 18:00:00,84.5,480.6,31.4,0.964,31.4,73,0.8333333333333333,163,Moderate
2025-08-12 19:00:00,96.4,474.0,54.4,1.473,30.6,78,0.6666666666666666,162,Moderate
2025-08-12 20:00:00,112.5,502.9,73.7,1.767,30.0,81,0.7777777777777777,161,Moderate
2025-08-12 21:00:00,127.6,532.7,86.0,1.656,29.6,83,0.8611111111111112,161,Moderate
2025-08-12 22:00:00,146.7,571.8,94.6,1.33,29.4,84,0.75,163,Moderate
2025-08-12 23:00:00,163.9,597.9,99.8,1.023,28.9,86,0.7222222222222222,168,Moderate
2025-08-13 00:00:00,170.9,596.0,100.8,0.801,28.5,86,1.2222222222222223,173,Moderate
2025-08-13 01:00:00,172.3,592.3,98.3,0.599,28.1,87,1.1388888888888888,180,Moderate
2025-08-13 02:00:00,171.8,594.2,94.8,0.454,27.9,87,1.2222222222222223,186,Moderate
2025-08-13 03:00:00,172.3,592.3,91.7,0.376,27.6,87,1.3055555555555556,194,Moderate
2025-08-13 04:00:00,172.8,581.1,87.5,0.355,27.4,87,1.2777777777777777,204,Poor
2025-08-13 05:00:00,126.2,398.6,72.2,0.4,27.1,86,1.611111111111111,227,Poor
2025-08-13 06:00:00,99.4,296.2,62.0,0.575,28.3,87,1.8611111111111112,245,Poor
2025-08-13 07:00:00,86.6,227.7,47.6,0.816,28.9,84,1.6388888888888888,257,Poor
2025-08-13 08:00:00,65.2,194.2,34.7,0.938,29.5,79,1.8611111111111112,267,Poor
2025-08-13 09:00:00,58.8,254.3,24.7,0.821,30.7,71,2.111111111111111,274,Poor
2025-08-13 10:00:00,59.6,314.8,16.1,0.585,31.9,66,2.2777777777777777,284,Poor
2025-08-13 11:00:00,63.6,374.4,9.9,0.403,32.7,62,2.361111111111111,297,Poor
2025-08-13 12:00:00,66.4,414.4,6.6,0.331,32.8,62,2.388888888888889,312,Very Poor
2025-08-13 13:00:00,66.8,426.5,5.6,0.313,33.2,59,2.1666666666666665,323,Very Poor
2025-08-13 14:00:00,68.0,433.1,6.4,0.351,33.9,57,2.138888888888889,330,Very Poor
2025-08-13 15:00:00,69.4,430.3,5.1,0.433,33.8,58,2.138888888888889,333,Very Poor
2025-08-13 16:00:00,71.7,434.9,5.6,0.571,33.3,58,1.8055555555555556,332,Very Poor
2025-08-13 17:00:00,52.7,215.6,19.4,0.803,33.0,61,1.0555555555555556,332,Very Poor
2025-08-13 18:00:00,63.6,205.8,38.1,1.239,32.1,68,1.3888888888888888,317,Very Poor
2025-08-13 19:00:00,78.5,212.8,64.2,1.768,30.9,76,0.9444444444444444,303,Very Poor
2025-08-13 20:00:00,86.8,221.2,85.2,2.1,30.5,79,0.6666666666666666,288,Poor
2025-08-13 21:00:00,100.6,249.6,96.8,2.093,30.4,81,0.41666666666666663,271,Poor
2025-08-13 22:00:00,113.2,258.9,103.4,1.888,29.9,83,0.5277777777777778,254,Poor
2025-08-13 23:00:00,115.3,254.3,105.4,1.617,29.2,84,1.0833333333333333,236,Poor
2025-08-14 00:00:00,112.5,247.7,102.0,1.258,28.9,84,1.1944444444444444,215,Poor
2025-08-14 01:00:00,105.2,223.5,94.1,0.833,28.5,86,1.3055555555555556,198,Moderate
2025-08-14 02:00:00,98.3,224.4,85.0,0.535,28.1,88,1.3611111111111112,190,Moderate
2025-08-14 03:00:00,91.7,233.8,74.8,0.449,27.8,89,1.8333333333333333,183,Moderate
2025-08-14 04:00:00,85.9,218.9,63.4,0.49,27.4,89,1.611111111111111,175,Moderate
2025-08-14 05:00:00,58.6,168.6,23.2,0.594,26.9,91,1.3888888888888888,168,Moderate
2025-08-14 06:00:00,53.1,132.7,29.7,0.81,26.8,98,1.5277777777777777,163,Moderate
2025-08-14 07:00:00,54.5,110.6,38.8,1.09,26.9,96,1.3611111111111112,162,Moderate
2025-08-14 08:00:00,52.9,108.0,45.6,1.225,27.1,93,0.7222222222222222,162,Moderate
2025-08-14 09:00:00,53.9,100.1,48.5,1.073,27.8,91,1.6944444444444442,161,Moderate
2025-08-14 10:00:00,50.3,94.8,49.2,0.777,28.6,85,1.7222222222222223,161,Moderate
2025-08-14 11:00:00,50.6,89.9,48.1,0.558,28.7,83,1.3611111111111112,161,Moderate
2025-08-14 12:00:00,50.5,88.2,43.9,0.513,29.5,81,1.5,161,Moderate
2025-08-14 13:00:00,49.4,82.4,37.7,0.545,28.1,84,2.1944444444444446,160,Moderate
2025-08-14 14:00:00,45.5,74.5,33.8,0.589,27.8,86,1.4166666666666665,160,Moderate
2025-08-14 15:00:00,39.6,66.1,32.5,0.601,27.9,88,0.75,159,Moderate
2025-08-14 16:00:00,38.9,61.0,33.3,0.626,28.5,84,1.4166666666666665,159,Moderate
2025-08-14 17:00:00,42.4,48.3,45.6,0.728,28.3,85,1.5555555555555554,158,Moderate
2025-08-14 18:00:00,47.1,51.9,56.6,1.002,28.3,85,1.3888888888888888,158,Moderate
2025-08-14 19:00:00,60.5,63.6,71.5,1.354,27.4,90,1.4444444444444444,158,Moderate
2025-08-14 20:00:00,69.8,72.4,80.1,1.565,27.0,92,1.0833333333333333,157,Moderate
2025-08-14 21:00:00,70.8,72.6,76.7,1.516,26.7,94,0.75,157,Moderate
2025-08-14 22:00:00,71.7,72.9,67.1,1.326,26.5,95,0.7777777777777777,156,Moderate
2025-08-14 23:00:00,74.3,75.0,58.6,1.139,26.2,96,0.7222222222222222,155,Moderate
2025-08-15 00:00:00,76.4,77.1,54.0,0.99,26.2,96,1.0833333333333333,154,Moderate
2025-08-15 01:00:00,78.7,79.2,50.5,0.843,26.1,95,1.1666666666666667,154,Moderate
2025-08-15 02:00:00,78.5,78.9,47.1,0.732,26.0,95,1.1111111111111112,153,Moderate
2025-08-15 03:00:00,77.8,78.0,43.4,0.667,25.7,96,1.5277777777777777,152,Moderate
2025-08-15 04:00:00,77.1,77.3,39.8,0.638,25.4,97,1.4444444444444444,152,Moderate
2025-08-15 05:00:00,74.0,74.5,33.6,0.645,25.2,98,1.1666666666666667,152,Moderate
2025-08-15 06:00:00,74.0,74.5,32.4,0.717,26.1,95,1.972222222222222,152,Moderate
2025-08-15 07:00:00,68.7,69.6,30.6,0.825,26.6,95,0.888888888888889,153,Moderate
2025-08-15 08:00:00,66.4,67.3,28.3,0.88,27.9,88,0.5277777777777778,153,Moderate
2025-08-15 09:00:00,56.5,57.3,25.2,0.826,29.2,82,1.0,153,Moderate
2025-08-15 10:00:00,53.2,54.0,21.6,0.719,30.0,79,0.888888888888889,153,Moderate
2025-08-15 11:00:00,53.8,54.6,18.2,0.637,30.8,76,0.8611111111111112,154,Moderate
2025-08-15 12:00:00,58.6,59.6,14.8,0.6,31.5,73,0.6666666666666666,154,Moderate
2025-08-15 13:00:00,53.6,54.7,11.8,0.587,31.6,73,0.22222222222222224,154,Moderate
2025-08-15 14:00:00,54.7,55.6,10.6,0.618,31.5,74,0.22222222222222224,154,Moderate
2025-08-15 15:00:00,57.3,58.2,10.5,0.659,30.4,77,1.1666666666666667,154,Moderate
2025-08-15 16:00:00,59.3,60.3,12.4,0.744,30.5,78,0.8333333333333333,154,Moderate
2025-08-15 17:00:00,58.8,60.1,22.5,0.989,30.3,80,1.1388888888888888,176,Moderate
2025-08-15 18:00:00,65.0,66.1,51.0,1.579,29.8,81,0.8333333333333333,196,Moderate
2025-08-15 19:00:00,92.2,93.1,90.0,2.331,29.0,85,0.8611111111111112,202,Poor
2025-08-15 20:00:00,123.9,125.3,116.3,2.808,28.6,88,0.6944444444444444,201,Poor
2025-08-15 21:00:00,142.0,143.0,118.6,2.788,28.4,88,1.1944444444444444,185,Moderate
2025-08-15 22:00:00,147.6,148.5,108.3,2.494,28.0,89,1.25,160,Moderate
2025-08-15 23:00:00,131.3,132.2,96.8,2.163,27.6,92,1.3333333333333333,161,Moderate
2025-08-16 00:00:00,115.9,116.6,86.6,1.839,27.3,94,1.25,162,Moderate
2025-08-16 01:00:00,115.0,115.5,75.1,1.479,27.0,95,1.25,163,Moderate
2025-08-16 02:00:00,119.7,120.1,65.9,1.188,26.8,97,1.3055555555555556,164,Moderate
2025-08-16 03:00:00,121.1,122.0,61.2,1.005,26.6,97,1.3611111111111112,165,Moderate
2025-08-16 04:00:00,120.1,120.6,58.7,0.892,26.5,98,0.8611111111111112,166,Moderate
2025-08-16 05:00:00,67.3,67.8,31.3,0.839,26.3,98,0.8055555555555555,166,Moderate
2025-08-16 06:00:00,65.0,65.2,32.1,0.888,27.4,97,1.3333333333333333,166,Moderate
2025-08-16 07:00:00,59.8,60.3,33.0,0.998,28.1,93,1.0833333333333333,166,Moderate
2025-08-16 08:00:00,55.9,56.1,31.8,1.035,29.2,88,1.027777777777778,166,Moderate
2025-08-16 09:00:00,54.7,55.1,26.7,0.913,29.8,81,1.8333333333333333,166,Moderate
2025-08-16 10:00:00,56.9,57.4,19.6,0.718,30.0,80,1.5555555555555554,166,Moderate
2025-08-16 11:00:00,59.8,60.3,13.9,0.575,28.9,80,1.9444444444444444,166,Moderate
2025-08-16 12:00:00,61.5,62.2,10.4,0.535,29.0,82,0.4722222222222222,166,Moderate
2025-08-16 13:00:00,63.1,63.6,8.3,0.547,30.2,80,0.3333333333333333,166,Moderate
2025-08-16 14:00:00,61.7,62.2,8.2,0.587,30.9,75,0.3611111111111111,166,Moderate
2025-08-16 15:00:00,62.6,63.1,9.9,0.64,31.2,74,0.25,166,Moderate
2025-08-16 16:00:00,63.8,64.3,13.5,0.72,31.1,75,0.9722222222222222,170,Moderate
2025-08-16 17:00:00,71.5,82.7,17.6,0.852,30.9,76,1.1388888888888888,196,Moderate
2025-08-16 18:00:00,79.6,84.8,31.0,1.115,28.8,88,1.3333333333333333,205,Poor
2025-08-16 19:00:00,89.4,92.2,49.3,1.429,28.3,90,1.5555555555555554,207,Poor
2025-08-16 20:00:00,95.0,96.4,62.1,1.578,28.3,91,1.25,202,Poor
2025-08-16 21:00:00,98.0,99.0,64.8,1.417,28.2,92,1.5277777777777777,185,Moderate
2025-08-16 22:00:00,99.0,99.4,62.1,1.091,28.0,92,1.4444444444444444,165,Moderate
2025-08-16 23:00:00,94.8,95.0,57.5,0.813,27.8,92,1.5555555555555554,164,Moderate
2025-08-17 00:00:00,87.8,87.8,51.2,0.659,27.6,92,1.5555555555555554,164,Moderate
2025-08-17 01:00:00,82.9,83.1,43.0,0.554,27.5,92,1.3888888888888888,163,Moderate
2025-08-17 02:00:00,78.9,79.2,36.3,0.488,27.4,92,1.4166666666666665,162,Moderate
2025-08-17 03:00:00,74.3,74.5,32.2,0.456,27.3,92,1.4444444444444444,161,Moderate
2025-08-17 04:00:00,68.2,68.2,29.6,0.463,27.2,93,1.3055555555555556,160,Moderate
2025-08-17 05:00:00,52.7,53.1,17.6,0.514,27.4,93,1.0833333333333333,159,Moderate
2025-08-17 06:00:00,46.2,46.6,21.0,0.659,27.6,93,1.6388888888888888,159,Moderate
2025-08-17 07:00:00,44.6,44.8,25.6,0.847,27.5,93,1.8888888888888888,158,Moderate
2025-08-17 08:00:00,38.6,39.0,27.7,0.933,27.8,91,1.611111111111111,158,Moderate
2025-08-17 09:00:00,36.2,36.4,25.1,0.811,29.6,85,1.3333333333333333,158,Moderate
2025-08-17 10:00:00,37.0,37.3,20.0,0.587,31.3,78,1.8333333333333333,157,Moderate
2025-08-17 11:00:00,37.4,37.6,15.4,0.433,31.4,75,2.944444444444444,157,Moderate
2025-08-17 12:00:00,36.9,37.1,11.5,0.431,27.8,89,2.4444444444444446,156,Moderate
2025-08-17 13:00:00,40.2,54.1,8.0,0.5,29.1,85,0.888888888888889,156,Moderate
2025-08-17 14:00:00,38.6,49.7,7.0,0.563,30.6,80,0.9722222222222222,155,Moderate
2025-08-17 15:00:00,38.3,54.4,9.6,0.588,31.6,75,1.2222222222222223,155,Moderate
2025-08-17 16:00:00,35.7,41.7,14.7,0.607,31.8,73,1.3611111111111112,154,Moderate
2025-08-17 17:00:00,49.0,49.2,20.7,0.648,31.4,74,1.8611111111111112,154,Moderate
2025-08-17 18:00:00,54.2,54.4,28.3,0.747,30.1,81,2.055555555555556,153,Moderate
2025-08-17 19:00:00,57.6,57.7,38.7,0.867,29.1,88,1.6944444444444442,153,Moderate
2025-08-17 20:00:00,59.4,59.5,45.8,0.924,28.7,90,1.25,152,Moderate
2025-08-17 21:00:00,60.1,60.1,46.6,0.865,28.5,90,1.25,151,Moderate
2025-08-17 22:00:00,61.2,61.2,44.1,0.743,28.3,91,1.472222222222222,150,Moderate
2025-08-17 23:00:00,61.7,61.7,40.8,0.629,28.1,90,1.75,148,Moderate
2025-08-18 00:00:00,60.1,60.3,36.9,0.54,28.0,90,1.777777777777778,144,Moderate
2025-08-18 01:00:00,57.7,57.9,32.2,0.46,27.7,91,1.6388888888888888,141,Moderate
2025-08-18 02:00:00,54.4,54.4,28.6,0.41,27.5,92,1.75,139,Moderate
2025-08-18 03:00:00,50.9,51.0,27.0,0.403,27.5,93,2.0833333333333335,136,Moderate
2025-08-18 04:00:00,48.7,48.8,26.5,0.427,27.3,94,1.8333333333333333,134,Moderate
2025-08-18 05:00:00,48.1,48.3,23.5,0.46,27.1,94,2.055555555555556,132,Moderate
2025-08-18 06:00:00,46.1,46.2,23.7,0.514,28.0,91,2.361111111111111,131,Moderate
2025-08-18 07:00:00,40.9,41.1,23.9,0.578,28.4,90,2.111111111111111,131,Moderate
2025-08-18 08:00:00,36.3,36.4,23.3,0.602,27.9,88,3.6944444444444446,131,Moderate
2025-08-18 09:00:00,35.6,35.7,21.2,0.547,28.4,87,2.611111111111111,131,Moderate
2025-08-18 10:00:00,35.7,35.9,18.2,0.451,30.0,81,2.5,131,Moderate
2025-08-18 11:00:00,37.7,38.0,15.5,0.381,31.0,76,2.8055555555555554,130,Moderate
2025-08-18 12:00:00,39.9,40.2,13.1,0.36,31.4,73,2.6666666666666665,131,Moderate
2025-08-18 13:00:00,40.4,40.5,11.1,0.364,31.7,71,2.4166666666666665,131,Moderate
2025-08-18 14:00:00,39.6,39.7,10.5,0.385,32.0,66,2.4722222222222223,131,Moderate
2025-08-18 15:00:00,38.9,39.0,11.4,0.418,32.0,68,2.5833333333333335,131,Moderate
2025-08-18 16:00:00,37.0,37.3,13.8,0.469,31.5,71,2.388888888888889,131,Moderate
2025-08-18 17:00:00,32.4,53.7,15.4,0.547,30.8,75,2.361111111111111,131,Moderate
2025-08-18 18:00:00,44.8,120.1,28.4,0.689,30.6,75,1.8333333333333333,129,Moderate
2025-08-18 19:00:00,53.4,98.7,46.0,0.858,29.4,80,1.8055555555555556,128,Moderate
2025-08-18 20:00:00,60.3,124.8,57.4,0.952,28.9,83,1.8055555555555556,128,Moderate
2025-08-18 21:00:00,63.6,169.0,56.8,0.913,28.6,85,1.6388888888888888,128,Moderate
2025-08-18 22:00:00,63.8,180.2,50.0,0.801,28.4,87,1.7222222222222223,128,Moderate
2025-08-18 23:00:00,62.4,175.6,43.2,0.687,28.0,89,1.9444444444444444,129,Moderate
2025-08-19 00:00:00,60.3,185.3,38.2,0.586,27.7,89,2.0833333333333335,129,Moderate
2025-08-19 01:00:00,58.1,190.5,33.3,0.484,27.4,89,1.8888888888888888,129,Moderate
2025-08-19 02:00:00,57.2,195.1,29.7,0.417,27.2,89,1.7222222222222223,129,Moderate
2025-08-19 03:00:00,57.0,197.9,28.4,0.403,27.1,90,1.3055555555555556,129,Moderate
2025-08-19 04:00:00,56.7,191.9,28.4,0.424,27.0,91,1.5,130,Moderate
2025-08-19 05:00:00,58.0,136.0,31.8,0.466,26.6,92,1.8055555555555556,131,Moderate
2025-08-19 06:00:00,56.6,129.5,30.7,0.552,27.9,91,1.4444444444444444,132,Moderate
2025-08-19 07:00:00,55.6,117.3,28.8,0.658,28.7,90,1.5,133,Moderate
2025-08-19 08:00:00,53.8,139.2,25.6,0.701,29.8,85,1.8888888888888888,134,Moderate
2025-08-19 09:00:00,45.1,97.6,19.6,0.616,30.8,80,2.138888888888889,136,Moderate
2025-08-19 10:00:00,49.0,227.7,12.2,0.468,32.0,72,2.0,137,Moderate
2025-08-19 11:00:00,36.4,106.6,6.8,0.368,30.8,75,2.611111111111111,138,Moderate
2025-08-19 12:00:00,30.4,75.0,4.7,0.369,31.9,68,2.0,138,Moderate
2025-08-19 13:00:00,29.4,58.7,4.7,0.418,30.5,74,3.0555555555555554,137,Moderate
2025-08-19 14:00:00,28.8,46.4,5.8,0.465,31.0,75,0.8055555555555555,136,Moderate
2025-08-19 15:00:00,28.6,38.8,7.4,0.476,31.5,71,1.1666666666666667,135,Moderate
2025-08-19 16:00:00,29.0,52.4,10.2,0.484,31.6,68,1.5833333333333333,148,Moderate
2025-08-19 17:00:00,42.8,189.5,17.9,0.544,31.5,68,1.6388888888888888,164,Moderate
2025-08-19 18:00:00,45.4,170.4,25.2,0.729,29.6,81,2.0,168,Moderate
2025-08-19 19:00:00,49.4,176.0,35.1,0.965,29.0,85,2.111111111111111,162,Moderate
2025-08-19 20:00:00,52.5,198.8,41.5,1.085,28.8,86,2.0,146,Moderate
2025-08-19 21:00:00,56.2,244.9,41.1,0.985,28.6,87,1.9444444444444444,133,Moderate
2025-08-19 22:00:00,58.6,271.9,37.1,0.77,28.5,87,2.0,132,Moderate
2025-08-19 23:00:00,59.3,287.8,33.0,0.585,28.3,86,2.305555555555556,132,Moderate
2025-08-20 00:00:00,58.9,302.7,29.6,0.48,27.9,86,2.2222222222222223,131,Moderate
2025-08-20 01:00:00,58.9,311.1,26.1,0.406,27.5,87,2.111111111111111,131,Moderate
2025-08-20 02:00:00,57.5,290.6,23.9,0.36,27.2,88,2.0277777777777777,131,Moderate
2025-08-20 03:00:00,53.9,234.7,24.1,0.344,27.0,89,1.6944444444444442,131,Moderate
2025-08-20 04:00:00,50.5,195.6,25.7,0.356,26.8,90,1.611111111111111,131,Moderate
2025-08-20 05:00:00,46.8,170.0,27.0,0.388,26.6,91,1.8611111111111112,130,Moderate
2025-08-20 06:00:00,48.5,194.2,25.5,0.462,27.9,90,2.4166666666666665,129,Moderate
2025-08-20 07:00:00,49.9,201.6,23.3,0.556,27.9,90,3.138888888888889,128,Moderate
2025-08-20 08:00:00,42.4,121.1,20.4,0.599,28.4,87,2.388888888888889,128,Moderate
2025-08-20 09:00:00,33.3,65.9,16.1,0.543,29.0,81,2.305555555555556,127,Moderate
2025-08-20 10:00:00,26.7,41.4,11.0,0.435,30.3,73,2.833333333333333,125,Moderate
2025-08-20 11:00:00,24.5,30.6,7.3,0.352,30.6,71,3.222222222222222,123,Moderate
2025-08-20 12:00:00,22.8,23.9,5.6,0.318,31.5,68,2.944444444444444,122,Moderate
2025-08-20 13:00:00,22.3,26.4,5.2,0.308,32.2,64,2.888888888888889,121,Moderate
2025-08-20 14:00:00,22.9,33.3,6.1,0.322,32.7,62,2.9166666666666665,120,Moderate
2025-08-20 15:00:00,22.8,35.5,7.4,0.369,32.3,64,2.972222222222222,120,Moderate
2025-08-20 16:00:00,22.7,35.2,10.0,0.44,31.4,70,2.4444444444444446,119,Moderate
2025-08-20 17:00:00,28.0,61.5,15.2,0.512,30.6,73,2.5555555555555554,118,Moderate
2025-08-20 18:00:00,31.2,46.4,24.8,0.588,31.0,71,2.361111111111111,117,Moderate
2025-08-20 19:00:00,37.6,49.2,37.8,0.664,30.1,76,2.2777777777777777,115,Moderate
2025-08-20 20:00:00,48.1,113.2,46.6,0.706,29.6,78,2.5555555555555554,114,Moderate
2025-08-20 21:00:00,51.7,148.5,47.4,0.697,29.2,81,2.3333333333333335,114,Moderate
2025-08-20 22:00:00,53.0,166.2,43.9,0.654,28.8,84,2.055555555555556,113,Moderate
2025-08-20 23:00:00,53.2,182.5,39.6,0.593,28.4,87,1.9166666666666667,113,Moderate
2025-08-21 00:00:00,51.2,200.7,35.0,0.502,28.0,89,1.75,112,Moderate
2025-08-21 01:00:00,47.6,193.7,29.5,0.392,27.8,90,1.8611111111111112,111,Moderate
2025-08-21 02:00:00,43.5,163.4,25.4,0.313,27.6,90,2.0277777777777777,110,Moderate
2025-08-21 03:00:00,35.6,79.2,23.7,0.284,26.6,90,0.6666666666666666,109,Moderate
2025-08-21 04:00:00,32.2,53.7,23.2,0.286,25.0,98,1.3888888888888888,107,Moderate
2025-08-21 05:00:00,34.3,74.0,24.6,0.314,25.2,98,0.888888888888889,105,Moderate
2025-08-21 06:00:00,31.1,48.0,23.5,0.39,26.5,90,1.6388888888888888,104,Moderate
2025-08-21 07:00:00,30.4,38.5,21.7,0.492,27.4,86,1.5555555555555554,102,Moderate
2025-08-21 08:00:00,26.3,28.4,19.3,0.545,29.0,81,2.055555555555556,100,Satisfactory
2025-08-21 09:00:00,23.6,24.4,15.5,0.499,30.6,72,2.5555555555555554,98,Satisfactory
2025-08-21 10:00:00,23.0,23.4,11.1,0.403,31.9,64,3.416666666666667,97,Satisfactory
2025-08-21 11:00:00,22.9,23.1,7.7,0.331,32.4,62,3.1666666666666665,97,Satisfactory
2025-08-21 12:00:00,23.4,23.6,6.1,0.309,33.2,59,2.888888888888889,97,Satisfactory
2025-08-21 13:00:00,24.4,24.6,5.5,0.311,33.5,59,2.5,97,Satisfactory
2025-08-21 14:00:00,29.7,81.7,6.2,0.329,33.6,57,2.2222222222222223,97,Satisfactory
2025-08-21 15:00:00,27.5,71.2,5.5,0.359,33.8,57,2.0277777777777777,98,Satisfactory
2025-08-21 16:00:00,29.6,61.2,5.9,0.405,32.2,63,2.25,113,Moderate
2025-08-21 17:00:00,36.7,37.0,17.3,0.472,31.9,64,0.888888888888889,136,Moderate
2025-08-21 18:00:00,42.5,42.7,28.6,0.56,31.6,69,0.8055555555555555,150,Moderate
2025-08-21 19:00:00,51.0,51.1,44.2,0.67,31.1,72,0.6944444444444444,151,Moderate
2025-08-21 20:00:00,57.4,57.6,56.4,0.805,30.6,77,0.8611111111111112,138,Moderate
2025-08-21 21:00:00,57.6,57.7,62.0,0.998,30.1,82,0.6388888888888888,114,Moderate
2025-08-21 22:00:00,60.3,60.3,64.1,1.217,29.7,86,0.3611111111111111,104,Moderate
2025-08-21 23:00:00,62.9,62.9,64.2,1.373,29.2,88,0.3333333333333333,104,Moderate
2025-08-22 00:00:00,61.0,61.2,61.3,1.447,28.9,88,0.7777777777777777,105,Moderate
2025-08-22 01:00:00,56.2,56.3,56.3,1.459,28.4,88,1.5555555555555554,107,Moderate
2025-08-22 02:00:00,56.3,56.5,54.0,1.375,27.7,88,1.75,107,Moderate
2025-08-22 03:00:00,64.3,64.3,58.2,1.113,27.1,90,1.3055555555555556,109,Moderate
2025-08-22 04:00:00,70.1,70.3,65.1,0.756,25.9,94,1.7222222222222223,112,Moderate
2025-08-22 05:00:00,72.9,73.1,66.1,0.522,25.6,94,1.1666666666666667,116,Moderate
2025-08-22 06:00:00,72.9,73.1,57.6,0.548,28.0,92,0.8333333333333333,120,Moderate
2025-08-22 07:00:00,69.8,70.1,45.6,0.697,28.6,86,1.027777777777778,124,Moderate
2025-08-22 08:00:00,58.1,58.7,34.9,0.777,30.0,78,0.3055555555555556,128,Moderate
2025-08-22 09:00:00,51.9,53.7,27.0,0.69,31.2,71,0.5833333333333334,131,Moderate
2025-08-22 10:00:00,48.9,51.5,20.5,0.535,32.5,64,1.1111111111111112,134,Moderate
2025-08-22 11:00:00,48.5,64.0,15.6,0.417,33.7,58,1.3333333333333333,137,Moderate
2025-08-22 12:00:00,50.2,72.6,12.3,0.381,34.5,54,1.4166666666666665,140,Moderate
2025-08-22 13:00:00,52.0,64.0,10.5,0.382,34.2,55,1.5555555555555554,143,Moderate
2025-08-22 14:00:00,56.2,74.0,10.8,0.393,33.9,55,1.1944444444444444,145,Moderate
2025-08-22 15:00:00,61.7,76.1,12.1,0.409,34.5,53,1.2777777777777777,148,Moderate
2025-08-22 16:00:00,64.3,76.4,15.3,0.435,34.3,52,1.9166666666666667,170,Moderate
2025-08-22 17:00:00,71.2,91.5,19.4,0.461,33.7,55,1.6944444444444442,189,Moderate
2025-08-22 18:00:00,71.5,84.5,27.0,0.487,32.4,65,2.0,202,Poor
2025-08-22 19:00:00,70.5,78.9,37.6,0.512,31.6,69,1.4166666666666665,203,Poor
2025-08-22 20:00:00,75.2,81.0,46.9,0.527,30.9,73,0.8055555555555555,197,Moderate
2025-08-22 21:00:00,80.1,85.2,54.1,0.526,30.1,76,1.2777777777777777,177,Moderate
2025-08-22 22:00:00,87.3,92.2,60.0,0.515,29.5,82,2.0833333333333335,154,Moderate
2025-08-22 23:00:00,87.3,90.8,62.8,0.497,28.9,85,1.5555555555555554,154,Moderate
2025-08-23 00:00:00,83.6,86.1,60.8,0.469,28.2,88,1.8888888888888888,155,Moderate
2025-08-23 01:00:00,78.9,81.0,55.7,0.435,27.8,88,1.4444444444444444,155,Moderate
2025-08-23 02:00:00,78.0,80.1,51.0,0.405,27.5,90,1.1944444444444444,156,Moderate
2025-08-23 03:00:00,73.3,75.4,48.3,0.374,26.5,93,0.41666666666666663,156,Moderate
2025-08-23 04:00:00,71.5,73.8,46.0,0.348,25.9,98,0.5,157,Moderate
2025-08-23 05:00:00,55.1,55.8,30.6,0.359,25.8,97,0.6388888888888888,157,Moderate
2025-08-23 06:00:00,48.9,49.5,29.1,0.452,26.5,93,0.6944444444444444,156,Moderate
2025-08-23 07:00:00,39.0,39.2,26.9,0.582,27.4,89,0.6944444444444444,156,Moderate
2025-08-23 08:00:00,34.2,34.3,24.2,0.648,28.9,82,1.1666666666666667,155,Moderate
2025-08-23 09:00:00,32.1,32.2,20.3,0.584,30.2,74,1.9444444444444444,155,Moderate
2025-08-23 10:00:00,32.6,32.6,15.9,0.457,31.5,69,1.972222222222222,154,Moderate
2025-08-23 11:00:00,28.6,28.6,13.3,0.361,32.0,65,1.75,154,Moderate
2025-08-23 12:00:00,24.4,24.4,13.8,0.33,33.0,61,1.8055555555555556,153,Moderate
2025-08-23 13:00:00,20.5,20.5,16.3,0.331,30.0,73,2.2222222222222223,153,Moderate
2025-08-23 14:00:00,21.5,21.5,19.1,0.358,31.8,69,0.5277777777777778,152,Moderate
2025-08-23 15:00:00,22.5,22.6,20.3,0.426,30.2,73,3.083333333333333,151,Moderate
2025-08-23 16:00:00,23.4,23.5,22.0,0.519,29.6,77,0.6111111111111112,150,Moderate
2025-08-23 17:00:00,30.2,30.2,25.7,0.587,29.0,80,0.05555555555555556,148,Moderate
2025-08-23 18:00:00,36.0,36.0,31.3,0.602,28.0,86,0.7222222222222222,144,Moderate
2025-08-23 19:00:00,38.5,38.5,39.0,0.591,27.6,89,1.3055555555555556,140,Moderate
2025-08-23 20:00:00,39.1,39.1,44.7,0.585,27.1,92,1.75,137,Moderate
2025-08-23 21:00:00,39.7,39.8,46.6,0.602,26.7,93,1.972222222222222,133,Moderate
2025-08-23 22:00:00,42.0,42.0,46.5,0.623,26.5,93,1.777777777777778,129,Moderate
2025-08-23 23:00:00,44.8,44.8,45.7,0.627,26.4,94,1.6944444444444442,124,Moderate
2025-08-24 00:00:00,45.1,45.1,44.5,0.596,26.3,95,1.25,119,Moderate
2025-08-24 01:00:00,45.6,45.6,42.5,0.547,26.2,95,0.9444444444444444,115,Moderate
2025-08-24 02:00:00,45.5,45.5,40.4,0.51,26.0,95,1.611111111111111,112,Moderate
2025-08-24 03:00:00,44.1,44.2,38.4,0.494,26.0,95,0.9722222222222222,109,Moderate
2025-08-24 04:00:00,43.1,43.2,36.3,0.489,26.0,95,1.8611111111111112,106,Moderate
2025-08-24 05:00:00,66.1,66.1,59.1,0.5,25.9,95,1.5277777777777777,103,Moderate
2025-08-24 06:00:00,63.1,63.1,50.8,0.547,26.2,92,1.8333333333333333,104,Moderate
2025-08-24 07:00:00,48.8,48.8,39.1,0.608,27.0,89,1.4166666666666665,105,Moderate
2025-08-24 08:00:00,26.4,26.5,28.6,0.627,28.2,85,2.5555555555555554,106,Moderate
2025-08-24 09:00:00,22.4,22.5,20.6,0.558,29.5,79,2.7222222222222223,105,Moderate
2025-08-24 10:00:00,19.4,19.5,13.9,0.446,30.5,75,2.75,104,Moderate
2025-08-24 11:00:00,20.3,20.4,8.9,0.367,31.5,70,3.1111111111111107,103,Moderate
2025-08-24 12:00:00,22.4,22.5,5.7,0.34,29.5,78,1.9166666666666667,102,Moderate
2025-08-24 13:00:00,22.8,22.9,4.2,0.345,31.1,73,1.8888888888888888,102,Moderate
2025-08-24 14:00:00,21.6,21.8,5.1,0.402,28.6,82,2.4444444444444446,102,Moderate
2025-08-24 15:00:00,21.8,21.9,9.2,0.551,29.6,79,2.5277777777777777,102,Moderate
2025-08-24 16:00:00,20.9,21.1,15.6,0.751,29.3,82,2.0,102,Moderate
2025-08-24 17:00:00,45.4,188.6,25.3,0.896,26.5,91,3.2499999999999996,102,Moderate
2025-08-24 18:00:00,49.4,175.1,31.8,0.944,28.6,82,2.5,103,Moderate
2025-08-24 19:00:00,48.0,106.9,40.4,0.937,28.0,84,2.138888888888889,105,Moderate
2025-08-24 20:00:00,41.7,68.9,44.7,0.897,27.5,88,1.1944444444444444,106,Moderate
2025-08-24 21:00:00,37.3,48.1,40.5,0.819,27.2,89,1.3611111111111112,106,Moderate
2025-08-24 22:00:00,33.6,36.4,31.8,0.708,26.7,88,1.9444444444444444,106,Moderate
2025-08-24 23:00:00,30.3,31.0,24.6,0.598,26.0,91,3.5833333333333335,105,Moderate
2025-08-25 00:00:00,28.0,28.2,21.0,0.488,25.3,93,2.638888888888889,103,Moderate
2025-08-25 01:00:00,26.3,26.4,18.8,0.378,25.2,93,2.5833333333333335,102,Moderate
2025-08-25 02:00:00,25.5,25.6,17.3,0.305,25.3,93,2.5,100,Satisfactory
2025-08-25 03:00:00,26.3,26.4,16.3,0.286,24.9,95,2.694444444444444,98,Satisfactory
2025-08-25 04:00:00,28.8,28.8,16.0,0.304,24.9,95,2.638888888888889,96,Satisfactory
2025-08-25 05:00:00,27.9,28.1,17.6,0.345,24.8,95,3.416666666666667,95,Satisfactory
2025-08-25 06:00:00,27.2,27.2,19.5,0.43,25.4,95,3.1666666666666665,92,Satisfactory
2025-08-25 07:00:00,30.0,30.2,21.9,0.537,25.9,93,3.0277777777777777,89,Satisfactory
2025-08-25 08:00:00,32.4,32.4,22.3,0.591,26.6,91,4.527777777777778,87,Satisfactory
2025-08-25 09:00:00,33.2,33.2,18.7,0.532,27.5,87,3.7222222222222223,87,Satisfactory
2025-08-25 10:00:00,32.2,32.2,13.2,0.419,28.8,79,4.333333333333333,88,Satisfactory
2025-08-25 11:00:00,26.6,26.6,9.5,0.352,29.5,76,4.75,89,Satisfactory
2025-08-25 12:00:00,25.1,25.1,8.9,0.376,29.5,78,3.6944444444444446,90,Satisfactory
2025-08-25 13:00:00,24.3,24.3,10.2,0.446,29.3,77,4.027777777777778,90,Satisfactory
2025-08-25 14:00:00,24.3,24.4,13.0,0.531,28.7,80,3.9166666666666665,90,Satisfactory
2025-08-25 15:00:00,25.9,25.9,18.4,0.646,29.4,77,3.4722222222222223,91,Satisfactory
2025-08-25 16:00:00,26.5,26.5,25.3,0.776,27.3,86,2.694444444444444,91,Satisfactory
2025-08-25 17:00:00,33.8,33.8,18.3,0.846,26.9,90,1.4444444444444444,92,Satisfactory
2025-08-25 18:00:00,35.7,35.7,20.4,0.808,27.6,86,2.5555555555555554,90,Satisfactory
2025-08-25 19:00:00,35.7,35.7,23.1,0.71,27.4,87,2.8055555555555554,89,Satisfactory
2025-08-25 20:00:00,32.6,32.6,24.6,0.618,27.1,88,2.972222222222222,88,Satisfactory
2025-08-25 21:00:00,28.5,28.5,23.7,0.553,26.8,89,2.833333333333333,87,Satisfactory
2025-08-25 22:00:00,25.3,25.3,21.6,0.495,26.3,91,3.6666666666666665,87,Satisfactory
2025-08-25 23:00:00,23.2,23.3,19.3,0.441,26.1,93,3.1111111111111107,86,Satisfactory
2025-08-26 00:00:00,20.7,20.8,17.0,0.389,26.0,94,3.0277777777777777,85,Satisfactory
2025-08-26 01:00:00,18.3,18.5,14.5,0.342,25.7,95,3.944444444444444,85,Satisfactory
2025-08-26 02:00:00,17.1,17.3,12.7,0.311,25.2,94,3.611111111111111,84,Satisfactory
2025-08-26 03:00:00,15.5,15.7,11.8,0.299,25.5,94,4.611111111111112,83,Satisfactory
2025-08-26 04:00:00,13.2,13.4,11.7,0.302,25.5,94,4.444444444444445,82,Satisfactory
2025-08-26 05:00:00,7.2,7.3,12.0,0.324,25.4,95,3.75,81,Satisfactory
2025-08-26 06:00:00,6.0,6.1,14.8,0.384,26.1,93,3.2777777777777777,79,Satisfactory
2025-08-26 07:00:00,8.9,9.1,18.5,0.463,26.0,87,4.333333333333333,77,Satisfactory
2025-08-26 08:00:00,13.2,13.4,20.3,0.498,26.5,91,5.166666666666667,75,Satisfactory
2025-08-26 09:00:00,11.5,11.6,18.3,0.447,27.6,88,3.75,73,Satisfactory
2025-08-26 10:00:00,12.2,12.3,14.4,0.353,29.2,80,4.166666666666667,72,Satisfactory
2025-08-26 11:00:00,14.6,14.8,11.3,0.286,29.5,77,3.611111111111111,70,Satisfactory
2025-08-26 12:00:00,15.8,15.9,9.5,0.266,29.6,75,3.4722222222222223,69,Satisfactory
2025-08-26 13:00:00,16.2,16.3,8.5,0.273,30.2,75,3.3888888888888884,68,Satisfactory
2025-08-26 14:00:00,17.2,17.3,9.5,0.311,28.6,81,3.222222222222222,67,Satisfactory
2025-08-26 15:00:00,18.4,18.6,12.4,0.394,29.1,81,2.138888888888889,67,Satisfactory
2025-08-26 16:00:00,19.5,19.6,17.3,0.509,29.7,80,2.111111111111111,66,Satisfactory
2025-08-26 17:00:00,32.5,32.8,18.5,0.623,29.6,79,2.055555555555556,65,Satisfactory
2025-08-26 18:00:00,36.1,36.6,26.1,0.74,27.9,89,0.8611111111111112,65,Satisfactory
2025-08-26 19:00:00,38.6,39.1,36.4,0.856,27.3,90,1.8611111111111112,65,Satisfactory
2025-08-26 20:00:00,38.9,39.2,43.6,0.93,26.8,92,2.2222222222222223,65,Satisfactory
2025-08-26 21:00:00,35.0,35.5,45.1,0.943,26.5,93,1.4166666666666665,66,Satisfactory
2025-08-26 22:00:00,33.1,33.4,43.5,0.914,26.5,94,2.138888888888889,67,Satisfactory
2025-08-26 23:00:00,33.4,33.8,40.4,0.86,26.3,95,2.0277777777777777,67,Satisfactory
2025-08-27 00:00:00,32.9,33.2,35.4,0.774,26.0,95,2.0833333333333335,68,Satisfactory
2025-08-27 01:00:00,31.2,31.4,28.9,0.664,25.9,96,2.0277777777777777,69,Satisfactory
2025-08-27 02:00:00,27.8,28.0,23.7,0.57,25.7,96,1.7222222222222223,70,Satisfactory
2025-08-27 03:00:00,23.7,23.8,20.9,0.498,25.5,98,1.8611111111111112,71,Satisfactory
2025-08-27 04:00:00,22.0,22.1,19.5,0.443,25.4,98,1.0,72,Satisfactory
2025-08-27 05:00:00,27.7,27.7,25.6,0.431,25.2,97,1.5555555555555554,73,Satisfactory
2025-08-27 06:00:00,25.2,25.2,25.2,0.505,26.2,96,1.6944444444444442,75,Satisfactory
2025-08-27 07:00:00,24.7,24.8,24.6,0.623,27.0,93,0.6388888888888888,76,Satisfactory
2025-08-27 08:00:00,22.6,22.8,23.0,0.685,27.5,85,1.6666666666666665,78,Satisfactory
2025-08-27 09:00:00,18.6,18.9,19.7,0.632,28.5,84,2.25,79,Satisfactory
2025-08-27 10:00:00,19.6,19.8,15.4,0.523,29.8,80,1.8055555555555556,79,Satisfactory
2025-08-27 11:00:00,24.8,25.2,12.0,0.434,30.9,77,1.6944444444444442,80,Satisfactory
2025-08-27 12:00:00,27.2,27.6,9.8,0.387,31.4,75,1.8611111111111112,81,Satisfactory
2025-08-27 13:00:00,30.3,38.9,8.3,0.359,32.0,71,1.5277777777777777,82,Satisfactory
2025-08-27 14:00:00,32.8,36.8,8.2,0.365,32.6,69,1.3611111111111112,83,Satisfactory
2025-08-27 15:00:00,34.7,38.0,7.5,0.342,32.6,69,1.1388888888888888,92,Satisfactory
2025-08-27 16:00:00,36.8,39.6,8.1,0.352,32.5,68,0.9166666666666666,125,Moderate
2025-08-27 17:00:00,50.2,51.3,18.0,0.59,31.7,71,1.0555555555555556,155,Moderate
2025-08-27 18:00:00,59.6,60.5,37.8,1.358,29.0,84,0.2777777777777778,168,Moderate
2025-08-27 19:00:00,74.0,74.5,64.9,2.355,28.5,89,0.5277777777777778,169,Moderate
2025-08-27 20:00:00,82.7,83.1,83.9,2.867,28.4,91,0.3611111111111111,158,Moderate
2025-08-27 21:00:00,85.7,86.1,88.6,2.432,28.1,92,0.5833333333333334,133,Moderate
2025-08-27 22:00:00,87.1,87.5,85.1,1.513,27.7,93,2.305555555555556,103,Moderate
2025-08-27 23:00:00,86.1,86.4,76.8,0.786,27.2,92,1.6388888888888888,109,Moderate
2025-08-28 00:00:00,79.6,80.1,61.2,0.523,27.0,94,1.4444444444444444,114,Moderate
2025-08-28 01:00:00,64.5,64.7,40.6,0.452,26.3,96,1.8055555555555556,119,Moderate
2025-08-28 02:00:00,53.0,53.3,26.0,0.429,26.0,95,1.6388888888888888,122,Moderate
2025-08-28 03:00:00,52.2,52.4,22.9,0.407,26.0,96,1.4166666666666665,125,Moderate
2025-08-28 04:00:00,54.8,55.1,25.6,0.433,25.7,98,0.6111111111111112,128,Moderate
2025-08-28 05:00:00,55.4,55.5,32.2,0.507,25.8,96,1.25,132,Moderate
2025-08-28 06:00:00,51.0,51.1,31.0,0.68,26.9,93,1.8611111111111112,134,Moderate
2025-08-28 07:00:00,48.9,49.1,29.0,0.9,27.3,93,1.1111111111111112,137,Moderate
2025-08-28 08:00:00,48.7,49.0,26.2,1.011,28.3,89,1.2222222222222223,140,Moderate
2025-08-28 09:00:00,50.4,50.8,21.6,0.907,29.7,81,1.8333333333333333,142,Moderate
2025-08-28 10:00:00,49.4,72.2,16.1,0.693,30.9,77,1.6944444444444442,146,Moderate
2025-08-28 11:00:00,52.6,87.5,11.8,0.529,31.5,75,1.6666666666666665,149,Moderate
2025-08-28 12:00:00,52.7,66.4,9.1,0.473,32.0,73,1.611111111111111,150,Moderate
2025-08-28 13:00:00,53.7,64.3,7.5,0.467,32.2,73,1.5277777777777777,151,Moderate
2025-08-28 14:00:00,53.7,61.7,7.7,0.495,32.5,71,1.3333333333333333,151,Moderate
2025-08-28 15:00:00,54.9,61.5,8.6,0.523,32.7,70,1.1388888888888888,152,Moderate
2025-08-28 16:00:00,55.8,61.0,11.3,0.586,32.1,71,1.1111111111111112,168,Moderate
2025-08-28 17:00:00,61.7,62.2,21.6,0.773,30.2,76,1.25,192,Moderate
2025-08-28 18:00:00,66.1,66.6,29.0,1.257,29.0,86,2.1944444444444446,201,Poor
2025-08-28 19:00:00,69.6,70.1,39.1,1.866,28.9,90,2.388888888888889,201,Poor
2025-08-28 20:00:00,67.3,67.5,46.5,2.175,28.6,90,1.8055555555555556,190,Moderate
2025-08-28 21:00:00,61.5,61.7,48.9,1.914,28.3,91,1.25,169,Moderate
2025-08-28 22:00:00,60.1,60.3,48.5,1.354,26.8,93,1.6666666666666665,152,Moderate
2025-08-28 23:00:00,61.2,61.5,46.6,0.88,25.5,97,1.9444444444444444,152,Moderate
2025-08-29 00:00:00,62.2,62.2,42.8,0.629,25.9,96,1.6944444444444442,151,Moderate
2025-08-29 01:00:00,58.1,58.2,37.5,0.465,26.0,96,2.138888888888889,151,Moderate
2025-08-29 02:00:00,53.4,53.6,32.8,0.366,26.0,95,2.25,151,Moderate
2025-08-29 03:00:00,48.9,49.0,29.3,0.342,25.8,96,0.5277777777777778,151,Moderate
2025-08-29 04:00:00,45.5,45.6,26.3,0.383,25.0,99,0.3611111111111111,150,Moderate
2025-08-29 05:00:00,18.2,19.2,16.6,0.438,25.2,97,1.0,150,Moderate
2025-08-29 06:00:00,19.6,20.7,20.7,0.506,27.4,95,2.111111111111111,147,Moderate
2025-08-29 07:00:00,23.6,25.4,26.3,0.588,27.1,89,3.3611111111111107,144,Moderate
2025-08-29 08:00:00,25.4,27.5,29.9,0.634,27.5,91,2.861111111111111,141,Moderate
2025-08-29 09:00:00,22.9,25.3,29.8,0.612,28.5,86,2.75,139,Moderate
2025-08-29 10:00:00,25.2,27.3,27.7,0.555,29.1,87,2.1666666666666665,136,Moderate
2025-08-29 11:00:00,30.9,32.7,25.2,0.506,30.1,83,2.0277777777777777,134,Moderate
2025-08-29 12:00:00,34.7,36.4,22.2,0.475,31.0,78,2.5,131,Moderate
2025-08-29 13:00:00,38.1,39.5,18.8,0.453,31.5,72,1.972222222222222,129,Moderate
2025-08-29 14:00:00,38.1,39.1,17.3,0.458,29.6,79,3.4722222222222223,128,Moderate
2025-08-29 15:00:00,37.6,38.3,18.7,0.5,29.3,82,2.055555555555556,126,Moderate
2025-08-29 16:00:00,37.7,38.4,22.0,0.57,29.2,81,2.388888888888889,124,Moderate
2025-08-29 17:00:00,35.3,35.9,18.0,0.654,29.1,82,2.361111111111111,122,Moderate
2025-08-29 18:00:00,38.1,39.0,24.3,0.776,28.5,84,2.0833333333333335,120,Moderate
2025-08-29 19:00:00,40.3,45.1,32.8,0.913,28.0,86,1.9444444444444444,117,Moderate
2025-08-29 20:00:00,40.7,49.9,37.9,0.979,27.5,88,2.055555555555556,114,Moderate
2025-08-29 21:00:00,38.9,52.4,36.6,0.922,27.2,89,2.1666666666666665,111,Moderate
2025-08-29 22:00:00,38.1,57.0,31.9,0.796,27.0,90,2.0833333333333335,109,Moderate
2025-08-29 23:00:00,35.2,52.3,27.4,0.674,26.9,91,2.055555555555556,106,Moderate
2025-08-30 00:00:00,32.4,47.4,23.9,0.576,26.6,92,2.1944444444444446,104,Moderate
2025-08-30 01:00:00,32.1,42.8,20.7,0.482,26.5,93,2.361111111111111,101,Moderate
2025-08-30 02:00:00,29.3,36.0,18.7,0.413,26.4,93,2.111111111111111,98,Satisfactory
2025-08-30 03:00:00,29.0,32.9,18.7,0.371,26.3,93,2.4166666666666665,96,Satisfactory
2025-08-30 04:00:00,29.5,31.7,19.9,0.352,26.1,93,2.0833333333333335,94,Satisfactory
2025-08-30 05:00:00,31.4,31.9,21.9,0.367,26.0,94,2.3333333333333335,93,Satisfactory
2025-08-30 06:00:00,32.5,32.7,22.8,0.447,26.5,93,3.138888888888889,94,Satisfactory
2025-08-30 07:00:00,34.2,34.6,23.9,0.561,26.7,89,2.7777777777777777,95,Satisfactory
2025-08-30 08:00:00,34.6,34.9,23.2,0.622,27.2,89,3.4444444444444446,96,Satisfactory
2025-08-30 09:00:00,33.1,33.3,19.1,0.576,28.2,85,2.833333333333333,97,Satisfactory
2025-08-30 10:00:00,30.5,30.9,13.3,0.477,29.3,80,2.833333333333333,98,Satisfactory
2025-08-30 11:00:00,28.5,28.9,9.0,0.404,30.3,74,2.361111111111111,98,Satisfactory
2025-08-30 12:00:00,27.8,28.1,7.3,0.382,31.1,70,1.9166666666666667,98,Satisfactory
2025-08-30 13:00:00,27.6,28.0,7.2,0.384,31.5,68,1.9166666666666667,97,Satisfactory
2025-08-30 14:00:00,26.9,27.3,8.8,0.415,31.8,67,1.75,96,Satisfactory
2025-08-30 15:00:00,28.3,28.6,11.7,0.435,32.0,65,1.7222222222222223,96,Satisfactory
2025-08-30 16:00:00,34.6,35.0,16.3,0.482,31.5,67,1.8611111111111112,100,Satisfactory
2025-08-30 17:00:00,38.1,45.3,26.1,0.674,30.5,73,1.6388888888888888,119,Moderate
2025-08-30 18:00:00,42.6,47.1,40.6,1.197,29.7,79,1.5555555555555554,126,Moderate
2025-08-30 19:00:00,51.8,55.2,60.1,1.864,29.0,83,1.4166666666666665,120,Moderate
2025-08-30 20:00:00,60.5,63.3,71.2,2.235,28.5,85,1.5555555555555554,101,Moderate
2025-08-30 21:00:00,63.3,65.0,65.8,2.046,28.1,87,1.75,98,Satisfactory
2025-08-30 22:00:00,51.5,52.3,52.0,1.56,27.9,88,1.777777777777778,100,Satisfactory
2025-08-30 23:00:00,45.6,46.0,40.4,1.125,27.6,89,1.6388888888888888,101,Moderate
2025-08-31 00:00:00,38.6,38.8,34.9,0.853,27.2,91,1.5277777777777777,102,Moderate
2025-08-31 01:00:00,34.9,35.0,31.6,0.632,27.0,92,1.611111111111111,103,Moderate
2025-08-31 02:00:00,36.2,36.3,29.5,0.475,26.6,93,2.4444444444444446,103,Moderate
2025-08-31 03:00:00,36.8,36.9,28.8,0.397,25.9,94,2.388888888888889,104,Moderate
2025-08-31 04:00:00,37.4,37.5,29.4,0.383,24.9,96,2.0277777777777777,105,Moderate
2025-08-31 05:00:00,41.0,41.1,26.8,0.404,24.5,97,3.9722222222222223,106,Moderate
2025-08-31 06:00:00,41.0,41.1,26.0,0.478,25.6,95,2.4722222222222223,107,Moderate
2025-08-31 07:00:00,37.1,37.3,24.8,0.586,25.9,93,2.055555555555556,108,Moderate
2025-08-31 08:00:00,33.4,33.5,23.2,0.647,25.6,94,2.2222222222222223,108,Moderate
2025-08-31 09:00:00,30.4,30.5,21.1,0.61,26.8,90,2.5555555555555554,108,Moderate
2025-08-31 10:00:00,27.5,27.6,18.6,0.525,28.1,86,2.6666666666666665,108,Moderate
2025-08-31 11:00:00,27.1,27.2,16.4,0.461,28.6,83,2.361111111111111,107,Moderate
2025-08-31 12:00:00,32.8,32.9,14.3,0.439,29.2,81,1.6944444444444442,107,Moderate
2025-08-31 13:00:00,27.5,27.6,12.5,0.438,29.7,80,1.5833333333333333,108,Moderate
2025-08-31 14:00:00,34.8,34.9,12.6,0.46,30.0,79,1.7222222222222223,108,Moderate
2025-08-31 15:00:00,34.1,34.1,16.0,0.512,26.7,88,2.7222222222222223,108,Moderate
2025-08-31 16:00:00,35.7,35.9,21.3,0.588,26.9,86,2.25,109,Moderate
2025-08-31 17:00:00,34.7,34.8,31.6,0.673,27.3,87,1.972222222222222,109,Moderate
2025-08-31 18:00:00,37.3,37.4,34.6,0.785,26.0,91,1.1666666666666667,109,Moderate
2025-08-31 19:00:00,39.2,39.2,38.7,0.906,26.0,93,1.4166666666666665,108,Moderate
2025-08-31 20:00:00,40.0,40.0,40.8,0.968,26.0,93,1.6388888888888888,107,Moderate
2025-08-31 21:00:00,40.2,40.2,39.4,0.937,25.9,94,1.8333333333333333,105,Moderate
2025-08-31 22:00:00,40.4,40.5,36.0,0.846,25.9,95,2.1666666666666665,102,Moderate
2025-08-31 23:00:00,40.0,40.2,32.3,0.731,25.8,95,2.694444444444444,101,Moderate
2025-09-01 00:00:00,37.3,37.4,28.2,0.573,25.6,95,3.2777777777777777,101,Moderate
2025-09-01 01:00:00,31.9,32.0,23.8,0.39,25.1,96,2.361111111111111,100,Satisfactory
2025-09-01 02:00:00,27.5,27.6,20.3,0.268,24.9,97,2.7222222222222223,100,Satisfactory
2025-09-01 03:00:00,23.2,23.2,18.1,0.247,24.5,98,2.9166666666666665,99,Satisfactory
2025-09-01 04:00:00,19.3,19.3,16.8,0.288,24.4,98,2.5833333333333335,98,Satisfactory
2025-09-01 05:00:00,24.8,24.9,25.1,0.356,24.3,97,2.7777777777777777,97,Satisfactory
2025-09-01 06:00:00,22.6,22.6,27.2,0.467,24.8,96,1.5555555555555554,95,Satisfactory
2025-09-01 07:00:00,19.8,19.9,30.0,0.605,24.6,97,2.0,94,Satisfactory
2025-09-01 08:00:00,19.3,19.3,30.8,0.697,24.8,96,1.9166666666666667,92,Satisfactory
2025-09-01 09:00:00,12.8,12.8,27.8,0.703,25.0,94,2.0833333333333335,91,Satisfactory
2025-09-01 10:00:00,9.8,9.8,22.9,0.662,25.5,92,2.5,89,Satisfactory
2025-09-01 11:00:00,10.8,10.8,18.7,0.615,26.8,88,1.9166666666666667,88,Satisfactory
2025-09-01 12:00:00,12.3,12.3,15.9,0.561,28.6,81,1.9444444444444444,86,Satisfactory
2025-09-01 13:00:00,14.3,14.3,13.9,0.501,28.5,79,2.694444444444444,84,Satisfactory
2025-09-01 14:00:00,16.4,16.4,13.9,0.473,27.5,84,3.6944444444444446,83,Satisfactory
2025-09-01 15:00:00,16.9,17.1,17.1,0.507,27.7,82,4.305555555555555,82,Satisfactory
2025-09-01 16:00:00,18.0,18.2,22.3,0.574,27.0,84,3.7777777777777777,80,Satisfactory
2025-09-01 17:00:00,22.6,22.7,24.0,0.628,26.0,90,3.3055555555555554,78,Satisfactory
2025-09-01 18:00:00,25.5,25.6,23.1,0.656,25.2,91,4.555555555555555,77,Satisfactory
2025-09-01 19:00:00,26.7,26.8,21.9,0.672,24.9,93,4.0,76,Satisfactory
2025-09-01 20:00:00,26.1,26.3,20.4,0.663,24.5,96,3.944444444444444,75,Satisfactory
2025-09-01 21:00:00,25.0,25.2,18.7,0.618,24.5,96,3.75,74,Satisfactory
2025-09-01 22:00:00,24.6,24.7,16.9,0.549,24.5,96,3.888888888888889,73,Satisfactory
2025-09-01 23:00:00,23.1,23.3,15.2,0.485,24.6,95,3.9722222222222223,71,Satisfactory
2025-09-02 00:00:00,20.4,20.5,13.7,0.429,24.4,96,3.7777777777777777,70,Satisfactory
2025-09-02 01:00:00,17.8,17.9,12.4,0.378,24.2,98,2.694444444444444,68,Satisfactory
2025-09-02 02:00:00,15.5,15.6,11.5,0.344,24.0,98,3.555555555555556,67,Satisfactory
2025-09-02 03:00:00,13.7,13.7,11.0,0.331,24.2,98,3.8055555555555554,66,Satisfactory
2025-09-02 04:00:00,11.6,11.6,10.9,0.335,24.0,98,3.0,65,Satisfactory
2025-09-02 05:00:00,10.7,10.7,14.1,0.36,24.0,98,3.555555555555556,64,Satisfactory
2025-09-02 06:00:00,11.0,11.1,16.6,0.425,24.5,95,4.361111111111111,63,Satisfactory
2025-09-02 07:00:00,12.7,12.7,19.9,0.51,24.5,94,3.5833333333333335,62,Satisfactory
2025-09-02 08:00:00,13.3,13.3,22.0,0.557,24.8,92,2.944444444444444,61,Satisfactory
2025-09-02 09:00:00,12.8,12.8,21.9,0.527,25.8,86,4.25,61,Satisfactory
2025-09-02 10:00:00,13.6,13.7,20.7,0.459,26.6,84,3.638888888888889,61,Satisfactory
2025-09-02 11:00:00,14.3,14.3,18.9,0.411,27.1,81,4.277777777777778,61,Satisfactory
2025-09-02 12:00:00,16.8,16.8,15.8,0.407,26.9,83,2.9166666666666665,62,Satisfactory
2025-09-02 13:00:00,16.6,16.7,12.2,0.425,26.0,88,4.0,62,Satisfactory
2025-09-02 14:00:00,19.4,19.4,11.4,0.452,27.5,81,3.2777777777777777,62,Satisfactory
2025-09-02 15:00:00,22.1,22.2,15.5,0.49,26.1,87,2.972222222222222,62,Satisfactory
2025-09-02 16:00:00,21.9,22.0,22.4,0.537,26.1,87,3.75,63,Satisfactory
2025-09-02 17:00:00,29.5,29.9,31.6,0.583,26.2,88,3.416666666666667,63,Satisfactory
2025-09-02 18:00:00,26.4,26.6,31.2,0.632,24.7,96,3.5277777777777777,64,Satisfactory
2025-09-02 19:00:00,26.0,26.3,30.5,0.68,24.8,96,3.8333333333333335,64,Satisfactory
2025-09-02 20:00:00,26.8,27.2,29.2,0.7,25.0,95,3.611111111111111,64,Satisfactory
2025-09-02 21:00:00,26.8,27.4,26.8,0.677,25.0,96,3.138888888888889,64,Satisfactory
2025-09-02 22:00:00,25.9,26.4,23.7,0.627,25.1,96,2.75,64,Satisfactory
2025-09-02 23:00:00,23.6,24.2,21.1,0.573,25.1,96,2.611111111111111,64,Satisfactory
2025-09-03 00:00:00,21.4,22.1,19.4,0.514,24.9,96,2.7222222222222223,64,Satisfactory
2025-09-03 01:00:00,21.1,21.7,18.0,0.45,24.7,96,2.4722222222222223,64,Satisfactory
2025-09-03 02:00:00,20.0,20.4,16.8,0.407,24.5,96,1.972222222222222,65,Satisfactory
2025-09-03 03:00:00,18.5,18.9,14.9,0.382,24.3,97,2.388888888888889,65,Satisfactory
2025-09-03 04:00:00,15.8,16.2,13.1,0.378,24.2,97,2.388888888888889,65,Satisfactory
2025-09-03 05:00:00,15.3,15.4,16.4,0.422,24.1,98,1.611111111111111,66,Satisfactory
2025-09-03 06:00:00,12.5,12.7,19.2,0.566,24.5,95,1.5555555555555554,66,Satisfactory
2025-09-03 07:00:00,12.4,12.5,23.0,0.758,25.1,94,1.0,66,Satisfactory
2025-09-03 08:00:00,10.8,10.9,25.2,0.876,25.8,92,0.6111111111111112,66,Satisfactory
2025-09-03 09:00:00,12.4,12.5,24.3,0.851,26.6,89,1.3333333333333333,66,Satisfactory
2025-09-03 10:00:00,11.0,11.2,21.8,0.75,27.8,85,0.3611111111111111,66,Satisfactory
2025-09-03 11:00:00,8.4,8.5,19.9,0.656,29.5,80,1.75,66,Satisfactory
2025-09-03 12:00:00,10.8,10.8,19.2,0.583,27.6,82,2.638888888888889,65,Satisfactory
2025-09-03 13:00:00,12.8,12.8,19.0,0.515,28.3,79,2.7777777777777777,65,Satisfactory
2025-09-03 14:00:00,15.0,15.0,19.5,0.488,28.5,78,2.638888888888889,65,Satisfactory
2025-09-03 15:00:00,15.1,15.1,19.7,0.51,28.9,77,2.388888888888889,64,Satisfactory
2025-09-03 16:00:00,16.6,16.6,20.7,0.572,28.5,79,2.361111111111111,63,Satisfactory
2025-09-03 17:00:00,25.6,25.6,28.6,0.679,28.2,80,2.1944444444444446,63,Satisfactory
2025-09-03 18:00:00,24.3,24.3,28.2,0.884,26.1,87,2.2777777777777777,63,Satisfactory
2025-09-03 19:00:00,23.5,23.5,27.7,1.133,26.0,88,2.0277777777777777,62,Satisfactory
2025-09-03 20:00:00,21.9,21.9,28.7,1.272,25.8,90,1.8055555555555556,62,Satisfactory
2025-09-03 21:00:00,21.5,21.5,33.2,1.206,25.7,90,1.75,62,Satisfactory
2025-09-03 22:00:00,24.2,24.4,39.2,1.028,25.5,92,1.7222222222222223,61,Satisfactory
2025-09-03 23:00:00,28.7,29.0,41.5,0.869,25.4,94,1.3333333333333333,61,Satisfactory
2025-09-04 00:00:00,26.0,26.2,36.7,0.771,25.2,96,1.4166666666666665,62,Satisfactory
2025-09-04 01:00:00,21.0,21.2,28.4,0.69,25.0,96,2.055555555555556,62,Satisfactory
2025-09-04 02:00:00,17.3,17.5,21.8,0.626,24.9,96,1.972222222222222,62,Satisfactory
2025-09-04 03:00:00,14.8,15.0,19.0,0.569,24.8,97,2.3333333333333335,62,Satisfactory
2025-09-04 04:00:00,13.2,13.4,18.0,0.529,25.0,96,2.611111111111111,61,Satisfactory
2025-09-04 05:00:00,23.0,23.6,27.9,0.532,24.6,96,2.2222222222222223,61,Satisfactory
2025-09-04 06:00:00,25.6,26.3,30.8,0.62,24.0,96,3.333333333333333,62,Satisfactory
2025-09-04 07:00:00,32.8,33.6,34.4,0.75,24.5,92,1.972222222222222,63,Satisfactory
2025-09-04 08:00:00,35.3,36.4,34.6,0.823,25.5,92,0.75,65,Satisfactory
2025-09-04 09:00:00,31.4,32.1,28.0,0.784,27.1,87,1.0555555555555556,67,Satisfactory
2025-09-04 10:00:00,25.4,25.8,18.1,0.687,28.9,82,0.8611111111111112,69,Satisfactory
2025-09-04 11:00:00,24.2,24.6,10.4,0.593,30.2,77,1.0,70,Satisfactory
2025-09-04 12:00:00,25.3,25.8,7.2,0.502,31.2,72,0.8611111111111112,71,Satisfactory
2025-09-04 13:00:00,28.2,39.5,6.4,0.415,31.5,69,1.0,73,Satisfactory
2025-09-04 14:00:00,29.9,34.8,7.2,0.395,31.8,66,1.9166666666666667,74,Satisfactory
2025-09-04 15:00:00,31.0,33.9,8.7,0.475,29.9,75,2.694444444444444,79,Satisfactory
2025-09-04 16:00:00,29.3,30.5,11.8,0.621,29.1,80,1.611111111111111,117,Moderate
2025-09-04 17:00:00,37.3,98.0,18.8,0.801,28.7,82,1.25,148,Moderate
2025-09-04 18:00:00,39.0,68.7,26.2,1.052,28.1,86,1.1944444444444444,156,Moderate
2025-09-04 19:00:00,38.9,45.1,36.3,1.337,27.5,88,1.2777777777777777,153,Moderate
2025-09-04 20:00:00,38.1,38.4,43.5,1.506,27.1,89,1.3055555555555556,135,Moderate
2025-09-04 21:00:00,38.1,38.3,45.1,1.482,26.8,90,1.3055555555555556,106,Moderate
2025-09-04 22:00:00,37.8,38.1,43.8,1.343,26.5,91,1.1944444444444444,85,Satisfactory
2025-09-04 23:00:00,37.4,37.5,41.9,1.175,26.2,92,1.0833333333333333,86,Satisfactory
2025-09-05 00:00:00,37.1,37.4,40.0,0.978,26.0,92,1.3055555555555556,87,Satisfactory
2025-09-05 01:00:00,36.4,36.8,37.6,0.752,25.8,93,1.3888888888888888,88,Satisfactory
2025-09-05 02:00:00,35.4,35.7,35.4,0.578,25.6,94,1.3055555555555556,89,Satisfactory
2025-09-05 03:00:00,34.6,34.9,34.0,0.493,25.5,92,1.5277777777777777,91,Satisfactory
2025-09-05 04:00:00,34.0,34.3,32.9,0.46,25.4,93,1.6666666666666665,92,Satisfactory
2025-09-05 05:00:00,35.9,36.8,32.2,0.45,25.4,93,1.5277777777777777,94,Satisfactory
2025-09-05 06:00:00,32.1,34.6,28.2,0.471,26.8,86,2.5833333333333335,95,Satisfactory
2025-09-05 07:00:00,34.2,91.5,22.6,0.516,27.2,83,2.694444444444444,96,Satisfactory
2025-09-05 08:00:00,27.4,62.9,17.4,0.53,28.2,79,2.861111111111111,96,Satisfactory
2025-09-05 09:00:00,22.6,30.4,13.1,0.476,29.2,73,4.416666666666667,95,Satisfactory
2025-09-05 10:00:00,24.7,37.6,9.1,0.392,30.0,73,3.3888888888888884,94,Satisfactory
2025-09-05 11:00:00,24.9,28.3,6.3,0.338,30.8,72,3.5,94,Satisfactory
2025-09-05 12:00:00,25.0,28.5,4.6,0.335,31.2,71,3.638888888888889,94,Satisfactory
2025-09-05 13:00:00,24.7,26.3,3.9,0.362,30.9,73,3.75,94,Satisfactory
2025-09-05 14:00:00,25.4,26.5,5.1,0.421,30.8,73,2.9166666666666665,94,Satisfactory
2025-09-05 15:00:00,25.6,26.2,8.5,0.539,29.7,75,3.0,94,Satisfactory
2025-09-05 16:00:00,24.9,25.1,13.6,0.687,28.6,82,3.5833333333333335,109,Moderate
2025-09-05 17:00:00,30.5,31.8,15.7,0.784,27.1,88,2.138888888888889,120,Moderate
2025-09-05 18:00:00,33.2,34.1,19.1,0.787,27.2,89,1.9444444444444444,126,Moderate
2025-09-05 19:00:00,33.4,33.9,23.7,0.738,27.0,91,1.5,123,Moderate
2025-09-05 20:00:00,33.2,33.4,26.5,0.679,26.9,92,1.9444444444444444,112,Moderate
2025-09-05 21:00:00,31.7,31.8,26.1,0.62,26.8,91,2.305555555555556,94,Satisfactory
2025-09-05 22:00:00,29.4,29.5,24.0,0.55,26.7,91,2.1666666666666665,90,Satisfactory
2025-09-05 23:00:00,27.1,27.2,21.6,0.484,26.5,92,2.25,90,Satisfactory
2025-09-06 00:00:00,25.1,25.1,19.3,0.417,26.0,92,2.25,89,Satisfactory
2025-09-06 01:00:00,23.2,23.3,16.8,0.353,25.0,95,3.1111111111111107,88,Satisfactory
2025-09-06 02:00:00,21.9,22.0,14.8,0.315,24.5,94,3.7777777777777777,86,Satisfactory
2025-09-06 03:00:00,19.7,19.8,13.3,0.311,24.6,95,2.9166666666666665,85,Satisfactory
2025-09-06 04:00:00,14.7,14.8,12.2,0.333,24.8,96,2.388888888888889,84,Satisfactory
2025-09-06 05:00:00,19.5,19.6,15.4,0.382,24.7,96,1.8055555555555556,82,Satisfactory
2025-09-06 06:00:00,20.8,21.0,17.0,0.491,26.3,91,1.75,81,Satisfactory
2025-09-06 07:00:00,23.7,23.9,19.0,0.627,26.9,91,1.6666666666666665,80,Satisfactory
2025-09-06 08:00:00,27.4,27.6,19.2,0.693,28.0,86,2.5833333333333335,79,Satisfactory
2025-09-06 09:00:00,31.7,31.9,15.9,0.619,29.5,77,3.416666666666667,79,Satisfactory
2025-09-06 10:00:00,34.5,34.9,10.9,0.474,30.5,73,3.4722222222222223,80,Satisfactory
2025-09-06 11:00:00,33.5,34.2,7.1,0.369,31.0,71,3.0555555555555554,80,Satisfactory
2025-09-06 12:00:00,32.6,33.4,5.3,0.344,31.5,71,3.083333333333333,81,Satisfactory
2025-09-06 13:00:00,32.8,33.6,4.8,0.358,31.4,72,3.1111111111111107,82,Satisfactory
2025-09-06 14:00:00,32.6,33.5,6.3,0.398,31.8,72,2.6666666666666665,83,Satisfactory
2025-09-06 15:00:00,33.4,34.2,11.1,0.466,29.8,78,1.5555555555555554,101,Moderate
2025-09-06 16:00:00,32.6,33.4,17.9,0.56,29.1,81,1.8333333333333333,121,Moderate
2025-09-06 17:00:00,44.7,55.8,22.6,0.658,28.6,84,1.9166666666666667,134,Moderate
2025-09-06 18:00:00,47.8,53.0,26.1,0.777,29.0,83,1.9166666666666667,138,Moderate
2025-09-06 19:00:00,47.5,49.1,30.8,0.899,28.3,86,2.4722222222222223,131,Moderate
2025-09-06 20:00:00,48.0,49.7,33.3,0.954,27.5,88,2.611111111111111,114,Moderate
2025-09-06 21:00:00,46.2,48.1,31.6,0.894,26.9,88,2.1944444444444446,90,Satisfactory
2025-09-06 22:00:00,44.5,45.8,27.7,0.766,26.6,89,2.3333333333333335,91,Satisfactory
2025-09-06 23:00:00,43.4,44.1,24.3,0.641,26.4,89,2.4166666666666665,92,Satisfactory
2025-09-07 00:00:00,42.3,42.7,22.4,0.528,26.4,90,2.7222222222222223,94,Satisfactory
2025-09-07 01:00:00,41.4,41.8,21.0,0.418,25.5,93,2.611111111111111,95,Satisfactory
2025-09-07 02:00:00,40.6,41.1,20.4,0.348,25.5,94,2.4444444444444446,97,Satisfactory
2025-09-07 03:00:00,40.2,40.9,21.2,0.335,25.2,95,1.6944444444444442,99,Satisfactory
2025-09-07 04:00:00,40.7,41.7,22.7,0.362,25.1,96,1.6388888888888888,100,Satisfactory
2025-09-07 05:00:00,37.8,38.9,21.8,0.418,24.9,96,1.5,103,Moderate
2025-09-07 06:00:00,38.1,39.5,22.2,0.535,25.9,95,2.138888888888889,105,Moderate
2025-09-07 07:00:00,35.5,36.8,22.6,0.681,26.6,94,1.9444444444444444,107,Moderate
2025-09-07 08:00:00,28.5,29.3,21.6,0.75,28.0,88,2.2222222222222223,108,Moderate
2025-09-07 09:00:00,25.8,26.4,17.7,0.669,29.4,82,2.2222222222222223,108,Moderate
2025-09-07 10:00:00,25.4,26.1,12.3,0.511,30.8,74,2.4444444444444446,108,Moderate
2025-09-07 11:00:00,25.8,26.5,8.6,0.391,31.5,72,2.3333333333333335,107,Moderate
2025-09-07 12:00:00,25.0,25.6,7.9,0.342,32.0,69,2.305555555555556,106,Moderate
2025-09-07 13:00:00,28.5,29.0,8.8,0.331,32.1,69,2.1666666666666665,105,Moderate
2025-09-07 14:00:00,31.7,32.1,10.7,0.367,32.2,70,1.8611111111111112,105,Moderate
2025-09-07 15:00:00,34.1,34.6,12.7,0.451,30.5,77,2.5555555555555554,105,Moderate
2025-09-07 16:00:00,35.7,36.3,15.7,0.582,30.7,77,1.5555555555555554,105,Moderate
2025-09-07 17:00:00,36.6,36.8,22.0,0.771,30.0,78,1.1944444444444444,105,Moderate
2025-09-07 18:00:00,46.4,46.7,34.9,1.093,27.6,88,1.777777777777778,107,Moderate
2025-09-07 19:00:00,56.6,56.7,52.7,1.473,27.2,89,1.2777777777777777,105,Moderate
2025-09-07 20:00:00,53.7,53.8,65.0,1.692,27.0,90,1.3055555555555556,105,Moderate
2025-09-07 21:00:00,55.1,55.3,67.5,1.63,26.6,91,1.25,105,Moderate
2025-09-07 22:00:00,55.6,55.9,64.6,1.407,26.4,92,1.5,106,Moderate
2025-09-07 23:00:00,51.3,51.6,59.7,1.172,26.1,93,1.3055555555555556,108,Moderate
2025-09-08 00:00:00,46.8,47.0,52.6,0.946,25.9,94,1.3055555555555556,108,Moderate
2025-09-08 01:00:00,45.4,45.5,43.5,0.707,25.6,95,1.0833333333333333,109,Moderate
2025-09-08 02:00:00,42.3,42.5,36.4,0.538,25.4,96,0.7777777777777777,109,Moderate
2025-09-08 03:00:00,39.8,40.0,33.1,0.478,25.1,97,0.6666666666666666,109,Moderate
2025-09-08 04:00:00,38.8,38.9,31.8,0.488,25.0,98,0.7222222222222222,109,Moderate
2025-09-08 05:00:00,35.2,35.3,33.5,0.537,25.0,98,0.9166666666666666,109,Moderate
2025-09-08 06:00:00,36.6,36.7,32.4,0.657,25.5,96,1.4166666666666665,109,Moderate
2025-09-08 07:00:00,37.7,38.0,30.7,0.816,26.5,92,1.3888888888888888,109,Moderate
2025-09-08 08:00:00,33.2,33.6,27.8,0.887,28.0,88,1.3333333333333333,109,Moderate
2025-09-08 09:00:00,29.3,30.6,22.7,0.785,29.4,81,1.5277777777777777,109,Moderate
2025-09-08 10:00:00,28.8,30.6,16.4,0.595,30.4,75,1.2222222222222223,110,Moderate
2025-09-08 11:00:00,29.5,31.3,11.6,0.451,31.2,72,0.9722222222222222,110,Moderate
2025-09-08 12:00:00,29.9,31.7,8.7,0.396,31.6,69,0.8611111111111112,111,Moderate
2025-09-08 13:00:00,30.3,32.1,7.3,0.388,31.8,70,0.9722222222222222,111,Moderate
2025-09-08 14:00:00,30.3,32.1,8.2,0.429,31.8,70,1.1666666666666667,111,Moderate
2025-09-08 15:00:00,29.6,31.3,10.8,0.502,32.0,67,1.1666666666666667,111,Moderate
2025-09-08 16:00:00,28.9,30.7,15.7,0.626,31.4,67,0.08333333333333333,115,Moderate
2025-09-08 17:00:00,31.1,42.7,23.7,0.853,30.2,75,1.472222222222222,139,Moderate
2025-09-08 18:00:00,41.0,48.7,47.4,1.3,30.2,79,0.5,151,Moderate
2025-09-08 19:00:00,60.5,67.5,79.8,1.852,29.1,85,0.7222222222222222,148,Moderate
2025-09-08 20:00:00,76.8,83.1,101.6,2.217,28.3,91,0.9444444444444444,131,Moderate
2025-09-08 21:00:00,88.0,93.4,102.6,2.257,27.9,93,1.0555555555555556,112,Moderate
2025-09-08 22:00:00,94.3,99.2,93.2,2.11,27.5,94,0.9166666666666666,115,Moderate
2025-09-08 23:00:00,91.5,95.5,84.9,1.903,27.0,95,0.888888888888889,119,Moderate
2025-09-09 00:00:00,87.3,91.0,81.8,1.625,26.8,95,1.1111111111111112,123,Moderate
2025-09-09 01:00:00,85.9,89.6,79.8,1.288,26.5,93,1.1944444444444444,128,Moderate
2025-09-09 02:00:00,84.1,88.2,78.8,1.05,26.4,90,1.1666666666666667,132,Moderate
2025-09-09 03:00:00,81.0,85.7,80.5,0.99,26.1,88,1.2777777777777777,136,Moderate
2025-09-09 04:00:00,75.7,81.7,83.2,1.029,26.1,86,1.9444444444444444,140,Moderate
2025-09-09 05:00:00,53.3,66.1,72.4,1.092,26.0,87,2.111111111111111,144,Moderate
2025-09-09 06:00:00,50.6,67.5,60.9,1.203,27.0,85,2.0,146,Moderate
2025-09-09 07:00:00,43.9,67.5,44.6,1.337,27.8,84,1.75,148,Moderate
2025-09-09 08:00:00,40.3,70.8,30.5,1.346,28.9,80,2.0277777777777777,148,Moderate
2025-09-09 09:00:00,37.3,72.2,20.5,1.11,30.2,74,2.111111111111111,149,Moderate
2025-09-09 10:00:00,31.7,49.2,12.6,0.749,30.8,70,2.361111111111111,150,Moderate
2025-09-09 11:00:00,29.2,41.1,7.1,0.476,31.6,65,2.305555555555556,150,Moderate
2025-09-09 12:00:00,29.3,39.5,4.6,0.379,32.2,63,2.25,150,Moderate
2025-09-09 13:00:00,29.3,39.2,4.5,0.37,32.5,63,2.361111111111111,150,Moderate
2025-09-09 14:00:00,28.9,39.1,5.8,0.395,32.5,64,2.694444444444444,150,Moderate
2025-09-09 15:00:00,28.3,41.4,8.4,0.444,32.5,62,2.8055555555555554,150,Moderate
2025-09-09 16:00:00,27.8,58.2,12.4,0.527,32.1,62,2.888888888888889,150,Moderate
2025-09-09 17:00:00,28.3,92.0,18.0,0.618,31.3,67,2.3333333333333335,149,Moderate
2025-09-09 18:00:00,31.8,94.3,25.3,0.73,30.5,72,1.6666666666666665,149,Moderate
2025-09-09 19:00:00,36.4,97.8,35.2,0.851,29.7,77,2.0,148,Moderate
2025-09-09 20:00:00,39.7,102.7,41.4,0.916,29.2,78,2.2777777777777777,146,Moderate
2025-09-09 21:00:00,40.4,105.0,40.5,0.887,28.9,77,2.1666666666666665,142,Moderate
2025-09-09 22:00:00,39.3,105.7,35.8,0.802,28.4,78,1.9166666666666667,137,Moderate
2025-09-09 23:00:00,37.3,101.7,31.2,0.71,27.9,79,1.8888888888888888,131,Moderate
2025-09-10 00:00:00,35.2,96.6,27.7,0.614,27.4,81,1.972222222222222,126,Moderate
2025-09-10 01:00:00,33.9,97.1,24.3,0.512,27.0,81,2.0277777777777777,120,Moderate
2025-09-10 02:00:00,33.3,98.5,21.8,0.442,26.5,82,2.0,115,Moderate
2025-09-10 03:00:00,32.9,98.3,20.8,0.42,26.2,82,1.972222222222222,109,Moderate
2025-09-10 04:00:00,32.9,99.2,20.6,0.43,26.0,83,2.2222222222222223,104,Moderate
2025-09-10 05:00:00,35.9,149.9,15.0,0.468,25.8,84,2.5277777777777777,100,Satisfactory
2025-09-10 06:00:00,37.1,143.9,16.3,0.564,27.2,88,2.888888888888889,98,Satisfactory
2025-09-10 07:00:00,39.9,142.0,18.0,0.687,28.0,86,2.2222222222222223,97,Satisfactory
2025-09-10 08:00:00,39.8,143.0,17.9,0.737,29.1,82,2.5277777777777777,97,Satisfactory
2025-09-10 09:00:00,33.1,104.1,14.4,0.643,30.4,75,3.7222222222222223,97,Satisfactory
2025-09-10 10:00:00,26.5,70.5,9.2,0.476,31.2,69,3.8055555555555554,96,Satisfactory
2025-09-10 11:00:00,24.2,58.7,5.3,0.346,32.2,63,3.9166666666666665,96,Satisfactory
2025-09-10 12:00:00,22.2,48.1,3.9,0.297,32.5,61,4.0,96,Satisfactory
2025-09-10 13:00:00,20.9,39.9,3.8,0.285,33.2,57,4.0,95,Satisfactory
2025-09-10 14:00:00,20.3,37.1,4.8,0.293,33.4,54,4.305555555555555,94,Satisfactory
2025-09-10 15:00:00,23.0,69.8,7.1,0.324,33.1,55,4.222222222222222,93,Satisfactory
2025-09-10 16:00:00,27.5,112.7,10.4,0.374,32.5,58,4.194444444444445,93,Satisfactory
2025-09-10 17:00:00,39.6,197.4,13.8,0.416,31.5,62,3.7777777777777777,93,Satisfactory
2025-09-10 18:00:00,43.1,214.7,15.7,0.435,30.5,65,3.3611111111111107,94,Satisfactory
2025-09-10 19:00:00,45.6,221.2,18.4,0.446,29.6,69,3.138888888888889,95,Satisfactory
2025-09-10 20:00:00,47.7,221.7,20.9,0.462,29.0,72,2.8055555555555554,96,Satisfactory
2025-09-10 21:00:00,49.6,219.3,23.3,0.498,28.4,74,2.5,96,Satisfactory
2025-09-10 22:00:00,51.1,208.6,25.6,0.538,27.8,77,2.305555555555556,97,Satisfactory
2025-09-10 23:00:00,51.7,195.6,26.8,0.551,27.2,79,2.111111111111111,98,Satisfactory
2025-09-11 00:00:00,50.9,180.7,26.3,0.513,26.8,80,2.1666666666666665,100,Satisfactory
2025-09-11 01:00:00,49.1,162.5,24.8,0.448,26.4,82,2.111111111111111,101,Moderate
2025-09-11 02:00:00,46.8,144.8,23.5,0.393,26.0,82,2.2222222222222223,103,Moderate
2025-09-11 03:00:00,44.4,127.6,23.0,0.356,25.8,81,2.3333333333333335,104,Moderate
2025-09-11 04:00:00,41.9,114.1,22.7,0.329,25.5,80,2.361111111111111,105,Moderate
2025-09-11 05:00:00,39.7,154.6,13.6,0.327,25.1,79,2.6666666666666665,106,Moderate
2025-09-11 06:00:00,40.3,156.5,14.6,0.378,26.5,77,3.222222222222222,107,Moderate
2025-09-11 07:00:00,42.6,159.3,15.8,0.454,27.4,75,3.1111111111111107,107,Moderate
2025-09-11 08:00:00,44.1,175.6,15.6,0.485,28.6,71,3.0,107,Moderate
2025-09-11 09:00:00,42.6,169.5,12.5,0.422,30.1,66,3.5277777777777777,108,Moderate
2025-09-11 10:00:00,39.5,157.9,8.0,0.312,31.4,61,4.194444444444445,109,Moderate
2025-09-11 11:00:00,36.6,159.3,4.6,0.232,32.3,56,4.138888888888889,110,Moderate
2025-09-11 12:00:00,35.9,166.2,3.0,0.212,33.0,52,3.75,111,Moderate
2025-09-11 13:00:00,35.4,174.2,2.6,0.221,33.3,49,3.7222222222222223,113,Moderate
2025-09-11 14:00:00,33.9,177.4,4.0,0.238,33.5,48,3.861111111111111,114,Moderate
2025-09-11 15:00:00,33.4,180.2,7.4,0.236,33.5,48,3.9722222222222223,116,Moderate
2025-09-11 16:00:00,34.1,173.7,12.6,0.242,32.9,49,4.083333333333333,117,Moderate
2025-09-11 17:00:00,37.3,171.8,19.4,0.322,32.1,52,3.2499999999999996,117,Moderate
2025-09-11 18:00:00,42.8,163.9,29.5,0.556,30.6,63,2.2777777777777777,117,Moderate
2025-09-11 19:00:00,49.9,165.3,43.4,0.863,29.8,66,1.8055555555555556,117,Moderate
2025-09-11 20:00:00,54.2,169.5,53.5,1.068,29.1,69,1.6388888888888888,118,Moderate
2025-09-11 21:00:00,57.5,173.2,55.7,1.09,28.5,73,1.1111111111111112,118,Moderate
2025-09-11 22:00:00,60.3,176.0,54.0,1.009,28.1,74,1.25,119,Moderate
2025-09-11 23:00:00,63.3,183.5,53.5,0.892,27.6,76,1.1111111111111112,120,Moderate
2025-09-12 00:00:00,66.6,185.3,56.9,0.732,27.0,81,0.9166666666666666,121,Moderate
2025-09-12 01:00:00,68.9,180.7,61.3,0.535,26.5,82,1.1666666666666667,123,Moderate
2025-09-12 02:00:00,68.7,170.9,63.5,0.393,26.2,83,1.2222222222222223,125,Moderate
2025-09-12 03:00:00,65.0,153.2,61.9,0.346,26.0,82,1.5,127,Moderate
2025-09-12 04:00:00,59.1,134.6,58.0,0.353,25.6,78,2.111111111111111,129,Moderate
2025-09-12 05:00:00,29.2,81.7,18.0,0.38,25.3,76,2.0833333333333335,131,Moderate
2025-09-12 06:00:00,30.0,83.1,18.2,0.438,26.4,78,2.8055555555555554,130,Moderate
2025-09-12 07:00:00,33.4,92.9,18.3,0.516,27.2,74,2.305555555555556,129,Moderate
2025-09-12 08:00:00,36.9,123.4,17.2,0.543,28.8,68,2.611111111111111,128,Moderate
2025-09-12 09:00:00,41.3,165.8,13.8,0.467,30.5,61,2.861111111111111,127,Moderate
2025-09-12 10:00:00,44.5,188.6,9.2,0.34,31.9,56,3.0555555555555554,127,Moderate
2025-09-12 11:00:00,42.3,171.4,5.8,0.247,32.8,51,2.9166666666666665,128,Moderate
2025-09-12 12:00:00,38.1,143.4,4.2,0.226,33.8,48,2.6666666666666665,128,Moderate
2025-09-12 13:00:00,32.2,112.9,3.9,0.24,34.2,45,2.611111111111111,129,Moderate
2025-09-12 14:00:00,29.7,101.7,5.3,0.258,34.4,44,2.7777777777777777,128,Moderate
2025-09-12 15:00:00,28.5,94.5,8.1,0.267,34.3,45,3.1111111111111107,128,Moderate
2025-09-12 16:00:00,28.6,93.1,12.7,0.282,33.8,46,3.1666666666666665,127,Moderate
2025-09-12 17:00:00,30.3,88.2,19.1,0.312,32.7,51,3.1666666666666665,127,Moderate
2025-09-12 18:00:00,37.0,85.9,31.8,0.333,31.8,55,1.9444444444444444,126,Moderate
2025-09-12 19:00:00,46.4,94.3,49.6,0.369,31.1,58,1.4166666666666665,125,Moderate
2025-09-12 20:00:00,55.1,106.9,64.5,0.512,30.9,60,0.6666666666666666,125,Moderate
2025-09-12 21:00:00,65.9,123.4,73.8,0.891,30.5,68,0.05555555555555556,125,Moderate
2025-09-12 22:00:00,78.5,141.1,80.3,1.377,30.0,65,0.19444444444444442,126,Moderate
2025-09-12 23:00:00,88.9,154.1,84.5,1.665,29.6,66,0.5555555555555556,128,Moderate
2025-09-13 00:00:00,94.3,159.3,86.3,1.587,29.1,68,0.7222222222222222,131,Moderate
2025-09-13 01:00:00,95.5,161.6,85.9,1.311,29.0,70,1.0555555555555556,133,Moderate
2025-09-13 02:00:00,96.6,165.3,84.2,1.043,28.7,72,1.3333333333333333,136,Moderate
2025-09-13 03:00:00,98.5,169.0,81.5,0.823,28.3,73,0.9444444444444444,139,Moderate
2025-09-13 04:00:00,97.8,167.2,77.6,0.611,28.0,74,0.888888888888889,143,Moderate
2025-09-13 05:00:00,42.0,80.3,40.8,0.49,27.5,76,1.0,147,Moderate
2025-09-13 06:00:00,42.8,72.2,38.0,0.547,28.5,70,1.3888888888888888,148,Moderate
2025-09-13 07:00:00,43.1,68.5,33.7,0.695,29.2,66,1.5555555555555554,149,Moderate
2025-09-13 08:00:00,37.8,64.3,28.5,0.761,29.7,63,1.75,150,Moderate
2025-09-13 09:00:00,31.8,56.7,21.3,0.643,31.6,55,1.5833333333333333,150,Moderate
2025-09-13 10:00:00,25.7,52.7,13.0,0.444,33.8,45,1.8333333333333333,149,Moderate
2025-09-13 11:00:00,23.6,60.1,7.0,0.294,34.9,42,1.9444444444444444,147,Moderate
2025-09-13 12:00:00,23.6,67.8,4.4,0.253,35.7,40,2.0277777777777777,145,Moderate
2025-09-13 13:00:00,23.3,66.8,4.1,0.262,35.8,40,2.25,144,Moderate
2025-09-13 14:00:00,23.3,66.8,5.5,0.279,35.8,39,2.638888888888889,143,Moderate
2025-09-13 15:00:00,24.1,71.9,8.1,0.293,35.2,40,2.9166666666666665,142,Moderate
2025-09-13 16:00:00,24.7,74.3,12.6,0.315,34.4,44,3.194444444444444,142,Moderate
2025-09-13 17:00:00,27.2,66.8,20.8,0.341,33.2,50,2.638888888888889,142,Moderate
2025-09-13 18:00:00,36.0,70.5,36.2,0.353,33.0,48,1.9444444444444444,141,Moderate
2025-09-13 19:00:00,46.9,82.0,57.8,0.368,32.5,51,1.0,141,Moderate
2025-09-13 20:00:00,57.2,94.5,75.9,0.43,31.9,54,0.25,141,Moderate
2025-09-13 21:00:00,69.4,109.9,87.2,0.592,31.3,56,0.5,141,Moderate
2025-09-13 22:00:00,84.1,127.1,95.1,0.802,30.7,61,1.0555555555555556,142,Moderate
2025-09-13 23:00:00,95.0,136.4,100.1,0.944,30.1,65,1.4166666666666665,142,Moderate
2025-09-14 00:00:00,97.6,139.2,101.4,0.963,29.4,69,1.5555555555555554,143,Moderate
2025-09-14 01:00:00,100.8,143.9,99.8,0.913,29.0,69,1.472222222222222,143,Moderate
2025-09-14 02:00:00,102.4,146.2,97.7,0.85,28.9,68,1.3888888888888888,144,Moderate
2025-09-14 03:00:00,98.0,140.6,96.0,0.775,28.6,69,1.0,144,Moderate
2025-09-14 04:00:00,94.3,137.4,93.8,0.686,28.1,72,0.6388888888888888,144,Moderate
2025-09-14 05:00:00,68.9,100.4,68.1,0.626,27.8,74,0.6111111111111112,144,Moderate
2025-09-14 06:00:00,63.1,87.5,62.9,0.635,28.5,73,1.7222222222222223,147,Moderate
2025-09-14 07:00:00,61.5,80.6,55.3,0.673,29.7,68,1.1944444444444444,149,Moderate
2025-09-14 08:00:00,48.8,73.1,45.9,0.666,31.7,58,0.888888888888889,150,Moderate
2025-09-14 09:00:00,32.0,58.6,32.9,0.559,33.3,51,1.2777777777777777,150,Moderate
2025-09-14 10:00:00,26.2,48.8,18.1,0.406,34.7,45,1.9166666666666667,150,Moderate
2025-09-14 11:00:00,23.9,44.8,7.4,0.295,35.5,42,2.4722222222222223,150,Moderate
2025-09-14 12:00:00,24.0,44.9,3.5,0.265,36.0,40,2.4722222222222223,150,Moderate
2025-09-14 13:00:00,23.6,43.3,3.6,0.277,36.2,39,2.388888888888889,150,Moderate
2025-09-14 14:00:00,23.1,41.7,5.6,0.294,36.6,39,2.4166666666666665,150,Moderate
2025-09-14 15:00:00,22.4,41.0,7.2,0.301,36.5,39,2.9166666666666665,150,Moderate
2025-09-14 16:00:00,24.0,42.3,10.6,0.315,35.6,41,2.944444444444444,150,Moderate
2025-09-14 17:00:00,24.0,45.5,18.0,0.348,34.5,45,3.0,150,Moderate
2025-09-14 18:00:00,32.2,49.9,34.3,0.398,33.2,51,2.2777777777777777,150,Moderate
2025-09-14 19:00:00,41.7,59.8,57.1,0.468,32.9,52,1.2777777777777777,150,Moderate
2025-09-14 20:00:00,54.1,74.5,76.4,0.582,32.8,54,0.3611111111111111,150,Moderate
2025-09-14 21:00:00,71.2,92.4,88.8,0.795,32.2,54,0.5,150,Moderate
2025-09-14 22:00:00,85.2,105.7,97.7,1.052,31.7,55,1.0555555555555556,150,Moderate
2025-09-14 23:00:00,87.1,108.0,102.9,1.213,31.0,60,1.2222222222222223,150,Moderate
2025-09-15 00:00:00,85.2,107.3,103.4,1.205,30.5,64,1.0833333333333333,150,Moderate
2025-09-15 01:00:00,83.8,107.3,100.3,1.102,30.1,65,0.75,149,Moderate
2025-09-15 02:00:00,84.3,109.4,96.3,0.985,29.6,67,0.9722222222222222,147,Moderate
2025-09-15 03:00:00,85.2,111.3,92.8,0.864,29.2,68,1.3333333333333333,145,Moderate
2025-09-15 04:00:00,83.4,109.9,88.6,0.73,28.9,69,0.888888888888889,144,Moderate
2025-09-15 05:00:00,38.0,57.5,45.6,0.636,28.5,70,1.25,142,Moderate
2025-09-15 06:00:00,36.8,54.9,41.1,0.627,29.5,70,1.5555555555555554,139,Moderate
2025-09-15 07:00:00,38.0,54.2,34.5,0.657,30.2,63,1.5555555555555554,136,Moderate
2025-09-15 08:00:00,33.2,51.1,27.6,0.644,32.1,52,1.611111111111111,134,Moderate
2025-09-15 09:00:00,26.7,41.2,19.9,0.531,34.3,40,2.388888888888889,132,Moderate
2025-09-15 10:00:00,22.5,36.3,11.7,0.375,35.5,37,2.694444444444444,132,Moderate
2025-09-15 11:00:00,21.6,41.9,5.9,0.26,36.3,36,2.5833333333333335,131,Moderate
2025-09-15 12:00:00,22.2,51.2,3.6,0.224,37.0,35,2.9166666666666665,131,Moderate
2025-09-15 13:00:00,22.8,57.5,3.7,0.229,37.3,35,3.138888888888889,131,Moderate
2025-09-15 14:00:00,23.1,61.0,4.9,0.242,37.2,35,3.3888888888888884,131,Moderate
2025-09-15 15:00:00,22.9,62.9,5.3,0.252,36.6,37,3.611111111111111,131,Moderate
2025-09-15 16:00:00,22.9,63.6,6.9,0.271,35.7,40,3.75,131,Moderate
2025-09-15 17:00:00,21.2,54.6,14.0,0.301,34.7,44,3.138888888888889,131,Moderate
2025-09-15 18:00:00,27.4,59.0,27.8,0.327,34.0,46,1.8333333333333333,131,Moderate
2025-09-15 19:00:00,36.3,67.1,47.1,0.364,33.6,47,1.1111111111111112,130,Moderate
2025-09-15 20:00:00,47.4,82.0,63.6,0.461,33.3,49,0.6944444444444444,129,Moderate
2025-09-15 21:00:00,61.0,99.7,74.7,0.68,32.9,51,0.75,129,Moderate
2025-09-15 22:00:00,75.9,116.6,83.0,0.958,32.2,54,1.4166666666666665,128,Moderate
2025-09-15 23:00:00,86.4,129.0,88.0,1.16,31.4,60,1.6666666666666665,127,Moderate
2025-09-16 00:00:00,91.7,133.6,88.3,1.23,30.5,64,1.5833333333333333,127,Moderate
2025-09-16 01:00:00,89.9,127.6,85.3,1.223,29.8,67,1.4444444444444444,127,Moderate
2025-09-16 02:00:00,78.5,108.0,82.1,1.17,29.1,70,1.6388888888888888,128,Moderate
2025-09-16 03:00:00,68.5,88.9,80.5,1.051,28.5,72,1.2777777777777777,127,Moderate
2025-09-16 04:00:00,62.2,75.9,78.7,0.885,27.5,76,1.8611111111111112,126,Moderate
2025-09-16 05:00:00,42.4,55.2,64.0,0.76,26.7,83,1.8055555555555556,123,Moderate
2025-09-16 06:00:00,44.7,54.8,57.2,0.732,29.6,62,0.6111111111111112,124,Moderate
2025-09-16 07:00:00,43.0,51.7,47.5,0.745,29.8,61,0.9722222222222222,125,Moderate
2025-09-16 08:00:00,36.0,43.7,37.7,0.722,31.2,56,0.5555555555555556,125,Moderate
2025-09-16 09:00:00,31.3,38.8,27.9,0.613,33.1,47,0.75,126,Moderate
2025-09-16 10:00:00,29.5,38.1,18.0,0.468,34.8,42,1.25,126,Moderate
2025-09-16 11:00:00,28.6,40.4,10.6,0.358,36.0,38,1.1666666666666667,127,Moderate
2025-09-16 12:00:00,27.9,43.1,7.0,0.314,36.8,37,1.3055555555555556,127,Moderate
2025-09-16 13:00:00,28.1,45.1,5.8,0.305,36.7,38,1.5833333333333333,128,Moderate
2025-09-16 14:00:00,28.4,46.9,6.2,0.315,36.4,39,1.611111111111111,129,Moderate
2025-09-16 15:00:00,28.8,48.3,7.3,0.343,36.2,39,1.1388888888888888,129,Moderate
2025-09-16 16:00:00,28.1,47.7,10.0,0.389,35.2,42,0.7777777777777777,130,Moderate
2025-09-16 17:00:00,29.7,59.5,13.6,0.44,34.0,45,1.0833333333333333,148,Moderate
2025-09-16 18:00:00,33.2,62.2,20.3,0.503,32.5,56,0.6388888888888888,153,Moderate
2025-09-16 19:00:00,36.8,68.9,29.7,0.571,32.0,58,1.5,146,Moderate
2025-09-16 20:00:00,43.5,79.2,36.7,0.606,30.4,68,1.777777777777778,132,Moderate
2025-09-16 21:00:00,49.8,88.5,39.4,0.585,29.4,73,2.055555555555556,131,Moderate
2025-09-16 22:00:00,55.5,87.8,39.9,0.533,28.5,75,2.0,130,Moderate
2025-09-16 23:00:00,56.0,78.7,39.4,0.483,27.9,77,1.9444444444444444,128,Moderate
2025-09-17 00:00:00,55.6,71.0,37.9,0.445,27.5,77,1.6388888888888888,125,Moderate
2025-09-17 01:00:00,55.8,67.3,35.3,0.41,27.2,78,1.5,121,Moderate
2025-09-17 02:00:00,56.1,65.4,33.3,0.385,27.0,78,1.3333333333333333,118,Moderate
2025-09-17 03:00:00,57.6,65.9,32.2,0.359,27.0,79,0.6388888888888888,115,Moderate
2025-09-17 04:00:00,58.0,65.4,31.7,0.344,26.8,81,1.1111111111111112,114,Moderate
2025-09-17 05:00:00,58.2,68.5,44.8,0.383,25.9,85,1.7222222222222223,114,Moderate
2025-09-17 06:00:00,58.3,70.5,44.8,0.545,26.5,82,0.11111111111111112,115,Moderate
2025-09-17 07:00:00,59.1,74.5,44.3,0.761,27.8,76,1.1666666666666667,117,Moderate
2025-09-17 08:00:00,55.1,73.8,40.8,0.87,29.8,67,0.5,119,Moderate
2025-09-17 09:00:00,49.6,79.6,31.2,0.767,32.2,58,0.3611111111111111,121,Moderate
2025-09-17 10:00:00,45.3,97.8,18.6,0.557,33.8,50,1.5,122,Moderate
2025-09-17 11:00:00,42.5,101.5,9.1,0.394,34.8,45,1.6944444444444442,124,Moderate
2025-09-17 12:00:00,38.9,90.8,5.5,0.342,35.8,42,2.1944444444444446,126,Moderate
2025-09-17 13:00:00,36.7,82.7,5.1,0.337,35.8,42,2.388888888888889,127,Moderate
2025-09-17 14:00:00,34.6,74.5,6.0,0.347,35.7,42,2.388888888888889,128,Moderate
2025-09-17 15:00:00,33.5,69.6,6.7,0.363,35.3,43,2.6666666666666665,128,Moderate
2025-09-17 16:00:00,30.5,57.5,8.8,0.393,34.8,45,2.6666666666666665,129,Moderate
2025-09-17 17:00:00,52.0,95.9,16.7,0.434,34.0,48,2.2777777777777777,144,Moderate
2025-09-17 18:00:00,56.0,98.5,28.1,0.491,31.6,63,0.5,148,Moderate
2025-09-17 19:00:00,64.0,107.8,43.7,0.557,31.6,64,0.6111111111111112,139,Moderate
2025-09-17 20:00:00,75.0,113.2,53.6,0.613,31.1,66,0.8611111111111112,136,Moderate
2025-09-17 21:00:00,76.8,108.7,52.7,0.652,29.8,74,2.111111111111111,140,Moderate
2025-09-17 22:00:00,75.4,102.2,46.3,0.68,28.5,80,1.972222222222222,143,Moderate
2025-09-17 23:00:00,73.3,95.5,40.2,0.692,27.8,84,1.611111111111111,145,Moderate
2025-09-18 00:00:00,70.8,90.1,36.4,0.686,27.2,86,1.5555555555555554,146,Moderate
2025-09-18 01:00:00,68.0,85.2,33.1,0.665,26.4,88,2.5,148,Moderate
2025-09-18 02:00:00,64.7,80.1,30.5,0.626,25.6,88,1.7222222222222223,149,Moderate
2025-09-18 03:00:00,61.7,75.0,29.0,0.544,25.5,87,1.5277777777777777,150,Moderate
2025-09-18 04:00:00,59.4,70.1,28.3,0.446,25.1,90,1.9166666666666667,150,Moderate
2025-09-18 05:00:00,54.2,66.8,28.4,0.408,24.9,91,1.4166666666666665,150,Moderate
2025-09-18 06:00:00,53.8,72.2,28.5,0.499,26.7,83,1.1111111111111112,150,Moderate
2025-09-18 07:00:00,52.0,73.3,28.6,0.649,27.5,78,1.3333333333333333,150,Moderate
2025-09-18 08:00:00,54.7,82.7,27.2,0.733,29.4,71,0.9722222222222222,149,Moderate
2025-09-18 09:00:00,59.4,95.5,23.4,0.676,31.5,62,0.6388888888888888,149,Moderate
2025-09-18 10:00:00,63.3,106.2,18.2,0.551,33.3,52,0.888888888888889,150,Moderate
2025-09-18 11:00:00,61.0,111.8,13.6,0.453,34.5,46,1.8333333333333333,150,Moderate
2025-09-18 12:00:00,56.6,107.6,10.0,0.414,33.8,50,2.1944444444444446,151,Moderate
2025-09-18 13:00:00,52.0,97.6,7.0,0.402,33.6,52,0.6388888888888888,151,Moderate
2025-09-18 14:00:00,46.6,87.1,5.8,0.411,32.8,52,1.7222222222222223,152,Moderate
2025-09-18 15:00:00,42.7,80.6,6.4,0.444,32.5,55,1.6388888888888888,152,Moderate
2025-09-18 16:00:00,38.6,72.2,8.8,0.498,32.0,59,1.25,155,Moderate
2025-09-18 17:00:00,50.4,88.7,13.9,0.557,31.3,65,1.0555555555555556,167,Moderate
2025-09-18 18:00:00,55.4,88.2,23.0,0.628,31.5,63,1.8333333333333333,169,Moderate
2025-09-18 19:00:00,61.9,91.0,35.6,0.705,31.0,66,1.3055555555555556,162,Moderate
2025-09-18 20:00:00,68.7,92.7,45.9,0.754,30.9,66,1.25,152,Moderate
2025-09-18 21:00:00,76.1,99.2,51.9,0.75,30.4,67,1.1111111111111112,152,Moderate
2025-09-18 22:00:00,80.6,101.5,55.6,0.718,29.8,70,1.3055555555555556,152,Moderate
2025-09-18 23:00:00,79.4,97.6,57.0,0.696,29.2,73,1.3611111111111112,152,Moderate
2025-09-19 00:00:00,73.8,88.7,55.0,0.698,28.6,77,1.0,152,Moderate
2025-09-19 01:00:00,68.5,80.6,50.7,0.712,28.1,81,0.9444444444444444,152,Moderate
2025-09-19 02:00:00,66.4,77.1,47.8,0.736,27.5,84,1.3333333333333333,152,Moderate
2025-09-19 03:00:00,66.4,76.4,48.2,0.78,27.0,87,1.3611111111111112,152,Moderate
2025-09-19 04:00:00,66.4,75.2,49.9,0.835,26.7,89,1.0833333333333333,152,Moderate
2025-09-19 05:00:00,76.6,84.5,67.7,0.875,26.6,90,0.8611111111111112,153,Moderate
2025-09-19 06:00:00,73.6,86.8,61.6,0.899,28.1,76,1.611111111111111,153,Moderate
2025-09-19 07:00:00,66.6,82.7,52.7,0.909,29.1,71,0.888888888888889,153,Moderate
2025-09-19 08:00:00,62.2,79.4,43.1,0.88,31.0,62,0.5277777777777778,154,Moderate
2025-09-19 09:00:00,59.1,81.7,32.1,0.786,32.8,52,1.0833333333333333,154,Moderate
2025-09-19 10:00:00,56.7,80.8,20.4,0.654,32.2,55,3.333333333333333,154,Moderate
2025-09-19 11:00:00,51.3,76.8,11.5,0.543,33.3,48,2.0,154,Moderate
2025-09-19 12:00:00,49.9,73.8,7.3,0.475,34.5,44,2.2222222222222223,154,Moderate
2025-09-19 13:00:00,49.9,73.6,5.9,0.427,35.1,42,2.4444444444444446,153,Moderate
2025-09-19 14:00:00,51.7,74.0,6.1,0.395,35.2,41,2.611111111111111,153,Moderate
2025-09-19 15:00:00,50.6,74.5,7.0,0.379,35.2,41,3.0277777777777777,154,Moderate
2025-09-19 16:00:00,49.0,73.1,9.4,0.379,34.4,45,2.944444444444444,154,Moderate
2025-09-19 17:00:00,42.5,69.4,15.1,0.384,33.5,49,3.1111111111111107,154,Moderate
2025-09-19 18:00:00,43.1,68.7,19.9,0.371,32.6,55,2.6666666666666665,154,Moderate
2025-09-19 19:00:00,46.9,69.4,27.0,0.363,32.0,58,1.972222222222222,153,Moderate
2025-09-19 20:00:00,49.5,70.5,35.5,0.422,31.4,60,1.777777777777778,153,Moderate
2025-09-19 21:00:00,54.4,75.9,46.8,0.619,30.8,63,0.9444444444444444,153,Moderate
2025-09-19 22:00:00,61.2,86.8,59.5,0.883,30.2,68,0.5555555555555556,152,Moderate
2025-09-19 23:00:00,68.0,96.2,68.8,1.063,29.8,68,0.6944444444444444,152,Moderate
2025-09-20 00:00:00,71.5,99.4,72.3,1.073,29.2,70,0.6666666666666666,152,Moderate
2025-09-20 01:00:00,71.7,99.0,72.3,0.999,29.0,73,0.22222222222222224,152,Moderate
2025-09-20 02:00:00,71.2,100.1,70.8,0.945,28.3,73,0.6666666666666666,152,Moderate
2025-09-20 03:00:00,71.2,101.7,68.3,0.97,28.0,73,0.888888888888889,152,Moderate
2025-09-20 04:00:00,70.5,102.7,64.3,1.015,27.7,73,1.2222222222222223,152,Moderate
2025-09-20 05:00:00,53.0,75.7,34.6,1.002,27.3,75,1.1111111111111112,152,Moderate
2025-09-20 06:00:00,56.9,75.4,33.4,0.88,28.9,74,2.0,151,Moderate
2025-09-20 07:00:00,58.1,76.6,31.4,0.701,30.0,69,1.6944444444444442,151,Moderate
2025-09-20 08:00:00,46.9,75.4,27.7,0.542,32.0,55,2.6666666666666665,151,Moderate
2025-09-20 09:00:00,39.6,71.7,20.8,0.427,33.8,43,3.3055555555555554,150,Moderate
2025-09-20 10:00:00,34.0,64.5,12.2,0.333,34.8,39,3.4722222222222223,150,Moderate
2025-09-20 11:00:00,30.7,60.8,5.9,0.27,35.5,38,3.6666666666666665,148,Moderate
2025-09-20 12:00:00,28.8,61.0,3.5,0.251,35.8,38,3.611111111111111,146,Moderate
2025-09-20 13:00:00,27.5,64.5,3.4,0.263,36.2,38,3.611111111111111,144,Moderate
2025-09-20 14:00:00,26.8,71.2,4.4,0.281,36.2,38,3.7777777777777777,141,Moderate
2025-09-20 15:00:00,26.6,80.6,5.9,0.295,35.8,38,4.0,139,Moderate
2025-09-20 16:00:00,27.2,91.3,8.5,0.314,35.2,39,4.111111111111112,136,Moderate
2025-09-20 17:00:00,35.2,147.1,11.9,0.346,34.3,41,4.083333333333333,134,Moderate
2025-09-20 18:00:00,39.6,159.7,16.4,0.391,33.0,45,2.7222222222222223,133,Moderate
2025-09-20 19:00:00,45.1,174.2,22.7,0.448,32.3,50,1.8888888888888888,133,Moderate
2025-09-20 20:00:00,48.9,183.9,28.0,0.517,31.6,54,1.6388888888888888,133,Moderate
2025-09-20 21:00:00,51.0,182.1,31.3,0.618,31.0,57,1.1666666666666667,133,Moderate
2025-09-20 22:00:00,52.2,169.0,33.6,0.731,30.4,58,1.0,132,Moderate
2025-09-20 23:00:00,51.9,152.3,35.5,0.796,29.8,61,1.1388888888888888,131,Moderate
2025-09-21 00:00:00,50.8,137.8,37.0,0.774,29.2,62,1.1666666666666667,130,Moderate
2025-09-21 01:00:00,50.4,128.5,38.1,0.704,28.5,64,1.6388888888888888,127,Moderate
2025-09-21 02:00:00,50.2,122.0,39.0,0.64,27.8,65,1.6944444444444442,125,Moderate
2025-09-21 03:00:00,49.0,112.9,40.0,0.591,27.2,66,1.6388888888888888,123,Moderate
2025-09-21 04:00:00,47.7,105.5,40.9,0.548,26.8,68,1.6666666666666665,121,Moderate
2025-09-21 05:00:00,35.3,66.8,25.1,0.542,26.4,68,1.5277777777777777,118,Moderate
2025-09-21 06:00:00,40.2,66.1,26.7,0.621,27.8,71,1.3333333333333333,117,Moderate
2025-09-21 07:00:00,42.3,65.2,28.7,0.737,28.8,66,1.3611111111111112,115,Moderate
2025-09-21 08:00:00,40.3,67.5,28.0,0.774,30.9,59,1.6666666666666665,113,Moderate
2025-09-21 09:00:00,36.7,66.4,22.1,0.648,33.0,50,2.972222222222222,112,Moderate
2025-09-21 10:00:00,32.8,63.6,13.6,0.442,34.5,43,3.6944444444444446,112,Moderate
2025-09-21 11:00:00,30.3,64.5,7.1,0.29,35.5,39,4.0,112,Moderate
2025-09-21 12:00:00,28.2,67.3,4.5,0.25,36.0,37,4.0,112,Moderate
2025-09-21 13:00:00,26.6,72.4,3.9,0.264,36.6,34,3.9166666666666665,112,Moderate
2025-09-21 14:00:00,25.8,80.1,4.5,0.286,36.5,34,3.861111111111111,112,Moderate
2025-09-21 15:00:00,26.1,92.2,6.1,0.301,36.2,35,3.75,112,Moderate
2025-09-21 16:00:00,28.7,107.6,9.0,0.326,35.5,37,3.861111111111111,112,Moderate
2025-09-21 17:00:00,41.4,177.0,12.6,0.361,34.3,43,3.75,119,Moderate
2025-09-21 18:00:00,44.6,184.9,16.1,0.413,33.5,43,3.0277777777777777,122,Moderate
2025-09-21 19:00:00,48.4,197.9,21.0,0.477,33.2,44,2.4722222222222223,114,Moderate
2025-09-21 20:00:00,50.5,210.0,25.4,0.535,32.3,47,1.972222222222222,113,Moderate
2025-09-21 21:00:00,51.6,209.1,28.4,0.593,31.6,52,1.6388888888888888,113,Moderate
2025-09-21 22:00:00,52.4,194.6,30.9,0.647,30.9,54,1.4166666666666665,114,Moderate
2025-09-21 23:00:00,52.9,178.3,34.2,0.664,30.2,57,1.2222222222222223,114,Moderate
2025-09-22 00:00:00,54.6,173.2,39.3,0.615,29.4,60,0.8333333333333333,114,Moderate
2025-09-22 01:00:00,57.6,174.6,45.1,0.529,28.9,61,1.1388888888888888,114,Moderate
2025-09-22 02:00:00,60.1,173.7,49.6,0.467,28.3,63,0.888888888888889,115,Moderate
2025-09-22 03:00:00,61.5,170.9,52.2,0.443,27.6,66,0.8333333333333333,116,Moderate
2025-09-22 04:00:00,61.2,161.6,53.6,0.442,27.4,66,0.9444444444444444,117,Moderate
2025-09-22 05:00:00,42.3,92.0,33.6,0.479,27.0,66,1.0,119,Moderate
2025-09-22 06:00:00,43.2,81.3,33.0,0.604,28.3,69,1.5,119,Moderate
2025-09-22 07:00:00,44.1,78.9,31.9,0.766,29.4,64,1.3611111111111112,120,Moderate
2025-09-22 08:00:00,41.4,82.7,28.8,0.828,31.5,55,1.8611111111111112,120,Moderate
2025-09-22 09:00:00,35.3,76.8,21.9,0.691,33.8,45,2.611111111111111,120,Moderate
2025-09-22 10:00:00,29.0,69.4,13.2,0.453,35.3,37,3.416666666666667,120,Moderate
2025-09-22 11:00:00,26.9,74.3,6.6,0.274,36.3,33,3.5277777777777777,119,Moderate
2025-09-22 12:00:00,26.0,83.4,4.0,0.222,37.0,30,3.944444444444444,119,Moderate
2025-09-22 13:00:00,26.0,93.4,3.7,0.23,37.3,29,4.222222222222222,119,Moderate
2025-09-22 14:00:00,26.7,105.9,4.5,0.25,37.2,30,4.277777777777778,119,Moderate
2025-09-22 15:00:00,30.2,126.7,6.2,0.269,36.8,31,4.222222222222222,119,Moderate
2025-09-22 16:00:00,33.6,149.5,9.0,0.3,35.7,37,4.333333333333333,119,Moderate
2025-09-22 17:00:00,50.1,286.8,11.7,0.342,35.0,39,4.166666666666667,122,Moderate
2025-09-22 18:00:00,55.1,293.4,14.5,0.403,34.5,39,3.4722222222222223,126,Moderate
2025-09-22 19:00:00,58.9,312.9,18.4,0.473,33.5,44,2.9166666666666665,122,Moderate
2025-09-22 20:00:00,59.4,303.6,21.9,0.524,32.8,46,2.972222222222222,123,Moderate
2025-09-22 21:00:00,57.2,273.8,24.3,0.542,31.9,48,2.75,124,Moderate
2025-09-22 22:00:00,54.0,230.0,26.2,0.539,31.2,50,2.6666666666666665,124,Moderate
2025-09-22 23:00:00,50.8,191.4,28.0,0.524,30.8,51,2.4166666666666665,125,Moderate
2025-09-23 00:00:00,48.2,162.5,29.9,0.49,30.2,51,1.9444444444444444,124,Moderate
2025-09-23 01:00:00,47.0,143.9,31.6,0.443,29.7,53,1.6944444444444442,124,Moderate
2025-09-23 02:00:00,46.6,131.3,33.0,0.413,28.9,55,1.5,123,Moderate
2025-09-23 03:00:00,46.0,122.0,33.9,0.405,28.3,57,1.4444444444444444,121,Moderate
2025-09-23 04:00:00,45.1,113.4,34.4,0.414,27.8,59,1.6666666666666665,119,Moderate
2025-09-23 05:00:00,32.0,90.1,21.0,0.455,27.2,60,1.8611111111111112,118,Moderate
2025-09-23 06:00:00,34.9,84.3,23.2,0.575,28.0,65,1.75,117,Moderate
2025-09-23 07:00:00,38.6,88.2,25.9,0.727,28.6,64,2.0,116,Moderate
2025-09-23 08:00:00,39.8,98.0,25.9,0.785,30.6,55,2.1944444444444446,115,Moderate
2025-09-23 09:00:00,37.0,96.2,20.5,0.656,33.0,46,3.083333333333333,115,Moderate
2025-09-23 10:00:00,31.8,89.9,12.4,0.432,34.7,41,3.6944444444444446,115,Moderate
2025-09-23 11:00:00,28.3,92.0,6.3,0.263,36.0,36,4.166666666666667,116,Moderate
2025-09-23 12:00:00,27.8,103.4,4.0,0.213,36.8,32,4.222222222222222,116,Moderate
2025-09-23 13:00:00,29.3,121.1,3.6,0.218,37.0,31,4.472222222222222,116,Moderate
2025-09-23 14:00:00,31.5,142.5,4.3,0.235,37.0,31,4.555555555555555,116,Moderate
2025-09-23 15:00:00,34.2,171.8,5.9,0.25,36.3,33,4.388888888888889,117,Moderate
2025-09-23 16:00:00,38.0,199.3,8.6,0.277,35.5,35,4.472222222222222,117,Moderate
2025-09-23 17:00:00,45.1,270.1,12.2,0.315,34.7,36,4.083333333333333,118,Moderate
2025-09-23 18:00:00,50.9,283.1,16.2,0.369,33.8,36,3.611111111111111,119,Moderate
2025-09-23 19:00:00,56.0,293.4,21.8,0.433,33.0,38,3.194444444444444,117,Moderate
2025-09-23 20:00:00,58.6,295.2,26.5,0.496,32.6,39,2.8055555555555554,116,Moderate
2025-09-23 21:00:00,58.6,276.6,29.4,0.566,32.0,40,2.1666666666666665,116,Moderate
2025-09-23 22:00:00,57.4,243.1,31.4,0.634,31.5,42,2.055555555555556,116,Moderate
2025-09-23 23:00:00,55.3,208.6,32.7,0.656,31.2,43,1.972222222222222,117,Moderate
2025-09-24 00:00:00,53.4,181.6,33.2,0.594,30.1,47,2.0,117,Moderate
2025-09-24 01:00:00,51.5,158.8,32.9,0.487,29.1,52,1.9444444444444444,118,Moderate
2025-09-24 02:00:00,49.8,145.8,32.4,0.408,28.5,55,1.75,118,Moderate
2025-09-24 03:00:00,48.3,136.9,31.8,0.383,27.9,58,1.8055555555555556,119,Moderate
2025-09-24 04:00:00,46.1,129.5,30.9,0.385,27.4,59,1.8611111111111112,119,Moderate
2025-09-24 05:00:00,38.3,133.2,19.9,0.41,26.9,60,1.777777777777778,119,Moderate
2025-09-24 06:00:00,38.5,125.3,21.1,0.485,27.4,65,2.6666666666666665,120,Moderate
2025-09-24 07:00:00,40.3,115.3,22.5,0.582,28.0,61,2.111111111111111,120,Moderate
2025-09-24 08:00:00,39.3,118.5,21.9,0.615,29.8,54,2.5833333333333335,120,Moderate
2025-09-24 09:00:00,36.7,118.7,17.5,0.519,31.9,48,3.194444444444444,120,Moderate
2025-09-24 10:00:00,34.2,124.3,11.1,0.359,33.8,43,4.027777777777778,120,Moderate
2025-09-24 11:00:00,34.9,151.3,6.2,0.24,35.2,36,4.416666666666667,120,Moderate
2025-09-24 12:00:00,37.4,180.7,4.2,0.209,36.2,32,4.166666666666667,121,Moderate
2025-09-24 13:00:00,39.5,204.4,3.8,0.22,36.5,31,4.083333333333333,122,Moderate
2025-09-24 14:00:00,42.3,228.2,4.5,0.24,36.6,29,4.055555555555555,123,Moderate
2025-09-24 15:00:00,44.2,246.8,6.2,0.255,36.3,30,3.888888888888889,124,Moderate
2025-09-24 16:00:00,47.8,270.1,9.0,0.28,35.4,33,3.8333333333333335,125,Moderate
2025-09-24 17:00:00,43.5,238.4,13.2,0.328,34.2,38,3.6666666666666665,126,Moderate
2025-09-24 18:00:00,49.8,257.0,18.5,0.416,33.5,43,2.972222222222222,126,Moderate
2025-09-24 19:00:00,55.9,271.9,25.8,0.526,33.1,45,2.138888888888889,126,Moderate
2025-09-24 20:00:00,59.8,285.9,31.9,0.618,32.5,47,1.8333333333333333,126,Moderate
2025-09-24 21:00:00,62.4,287.8,35.7,0.688,31.8,50,1.7222222222222223,126,Moderate
2025-09-24 22:00:00,63.6,275.7,38.2,0.74,30.9,55,1.4166666666666665,127,Moderate
2025-09-24 23:00:00,62.2,251.5,39.4,0.746,30.1,57,1.0833333333333333,127,Moderate
2025-09-25 00:00:00,59.3,222.6,38.5,0.67,29.4,60,1.75,128,Moderate
2025-09-25 01:00:00,56.2,192.3,36.4,0.549,28.8,62,1.3888888888888888,128,Moderate
2025-09-25 02:00:00,53.2,163.0,34.9,0.462,28.2,64,1.027777777777778,129,Moderate
2025-09-25 03:00:00,51.2,143.9,35.5,0.439,27.5,67,0.8055555555555555,129,Moderate
2025-09-25 04:00:00,50.1,130.9,36.8,0.452,27.3,67,1.2222222222222223,130,Moderate
2025-09-25 05:00:00,37.4,99.0,25.2,0.491,26.9,69,1.5833333333333333,130,Moderate
2025-09-25 06:00:00,37.8,98.3,25.5,0.594,27.0,71,2.2777777777777777,130,Moderate
2025-09-25 07:00:00,39.6,96.4,25.5,0.723,27.8,67,1.972222222222222,130,Moderate
2025-09-25 08:00:00,37.5,100.8,23.8,0.766,29.9,57,1.9166666666666667,130,Moderate
2025-09-25 09:00:00,32.5,99.9,18.4,0.635,32.5,46,2.638888888888889,130,Moderate
2025-09-25 10:00:00,29.3,105.0,11.2,0.417,34.5,37,3.3611111111111107,129,Moderate
2025-09-25 11:00:00,29.4,124.8,5.8,0.256,35.7,33,3.3611111111111107,129,Moderate
2025-09-25 12:00:00,31.2,142.5,3.7,0.218,36.3,31,3.333333333333333,128,Moderate
2025-09-25 13:00:00,33.4,158.3,3.5,0.239,36.5,32,3.4722222222222223,127,Moderate
2025-09-25 14:00:00,36.3,179.7,4.4,0.266,36.5,32,3.611111111111111,127,Moderate
2025-09-25 15:00:00,39.3,204.0,6.2,0.283,36.2,33,3.638888888888889,126,Moderate
2025-09-25 16:00:00,42.6,230.5,9.2,0.307,35.3,36,3.6666666666666665,126,Moderate
2025-09-25 17:00:00,41.6,232.8,13.5,0.34,34.2,40,3.5277777777777777,125,Moderate
2025-09-25 18:00:00,46.9,235.2,19.1,0.385,33.4,43,2.6666666666666665,125,Moderate
2025-09-25 19:00:00,52.0,245.9,26.8,0.439,33.1,44,1.9166666666666667,125,Moderate
2025-09-25 20:00:00,54.5,254.3,32.4,0.488,32.5,46,1.6944444444444442,124,Moderate
2025-09-25 21:00:00,54.4,250.5,33.8,0.537,31.8,48,1.5,124,Moderate
2025-09-25 22:00:00,52.9,228.6,33.1,0.582,31.0,50,1.7222222222222223,123,Moderate
2025-09-25 23:00:00,49.8,197.9,31.8,0.6,30.4,52,1.8888888888888888,122,Moderate
2025-09-26 00:00:00,45.8,165.8,29.9,0.569,29.7,53,1.6666666666666665,120,Moderate
2025-09-26 01:00:00,42.0,136.0,27.4,0.51,29.1,55,1.4444444444444444,119,Moderate
2025-09-26 02:00:00,39.0,111.5,26.0,0.467,28.4,58,1.1111111111111112,118,Moderate
2025-09-26 03:00:00,36.4,91.7,26.5,0.45,27.7,61,1.3888888888888888,116,Moderate
2025-09-26 04:00:00,34.2,76.4,28.0,0.448,27.1,64,1.4166666666666665,115,Moderate
2025-09-26 05:00:00,33.9,92.2,21.7,0.476,26.5,67,1.3055555555555556,113,Moderate
2025-09-26 06:00:00,35.2,85.0,23.9,0.574,27.0,75,1.8888888888888888,113,Moderate
2025-09-26 07:00:00,38.0,78.0,26.6,0.701,28.0,70,1.5,112,Moderate
2025-09-26 08:00:00,36.2,75.0,26.5,0.745,30.1,61,1.8888888888888888,112,Moderate
2025-09-26 09:00:00,31.0,69.4,20.9,0.622,32.8,49,2.7222222222222223,112,Moderate
2025-09-26 10:00:00,27.1,68.5,12.6,0.417,34.5,40,3.9166666666666665,112,Moderate
2025-09-26 11:00:00,25.7,75.0,6.3,0.267,35.7,36,3.888888888888889,112,Moderate
2025-09-26 12:00:00,26.4,88.0,4.0,0.235,36.7,32,3.611111111111111,111,Moderate
2025-09-26 13:00:00,29.4,109.9,3.7,0.258,37.0,31,3.611111111111111,111,Moderate
2025-09-26 14:00:00,32.9,137.4,4.6,0.292,37.2,30,3.638888888888889,110,Moderate
2025-09-26 15:00:00,36.4,169.5,6.4,0.32,36.5,33,3.75,110,Moderate
2025-09-26 16:00:00,40.4,202.6,9.5,0.358,35.4,41,3.75,110,Moderate
2025-09-26 17:00:00,48.1,326.9,12.8,0.407,34.3,44,3.3888888888888884,124,Moderate
2025-09-26 18:00:00,55.2,339.0,17.8,0.47,33.8,48,3.0,128,Moderate
2025-09-26 19:00:00,61.5,359.5,25.0,0.544,33.3,50,2.25,120,Moderate
2025-09-26 20:00:00,66.1,365.1,31.7,0.618,32.7,53,1.9444444444444444,112,Moderate
2025-09-26 21:00:00,69.4,356.7,37.6,0.712,32.0,55,1.8611111111111112,113,Moderate
2025-09-26 22:00:00,71.7,341.8,43.0,0.807,31.3,56,1.777777777777778,115,Moderate
2025-09-26 23:00:00,73.8,331.6,46.8,0.836,30.6,57,1.6666666666666665,117,Moderate
2025-09-27 00:00:00,75.4,329.7,48.6,0.738,30.0,58,1.3888888888888888,119,Moderate
2025-09-27 01:00:00,76.1,314.8,48.7,0.574,29.4,60,1.3055555555555556,122,Moderate
2025-09-27 02:00:00,74.5,297.1,47.2,0.459,28.6,63,1.1388888888888888,126,Moderate
2025-09-27 03:00:00,71.7,276.6,43.0,0.433,28.0,67,1.25,129,Moderate
2025-09-27 04:00:00,69.8,256.1,37.2,0.455,27.5,69,1.611111111111111,133,Moderate
2025-09-27 05:00:00,68.0,213.7,30.3,0.519,27.0,72,1.5,137,Moderate
2025-09-27 06:00:00,69.4,181.6,31.5,0.669,27.7,75,1.3888888888888888,140,Moderate
2025-09-27 07:00:00,72.6,166.7,32.9,0.86,28.6,71,0.888888888888889,144,Moderate
2025-09-27 08:00:00,72.6,170.0,31.8,0.952,31.1,61,0.8611111111111112,148,Moderate
2025-09-27 09:00:00,65.9,165.8,25.8,0.853,33.3,51,0.888888888888889,150,Moderate
2025-09-27 10:00:00,52.7,152.3,17.4,0.656,35.0,45,1.0833333333333333,151,Moderate
2025-09-27 11:00:00,48.0,149.9,10.8,0.498,36.3,40,1.3055555555555556,152,Moderate
2025-09-27 12:00:00,48.4,144.8,7.7,0.429,37.3,37,1.5833333333333333,152,Moderate
2025-09-27 13:00:00,49.2,140.2,6.5,0.4,38.0,35,2.0,153,Moderate
2025-09-27 14:00:00,49.2,133.2,7.0,0.404,37.8,36,2.4444444444444446,153,Moderate
2025-09-27 15:00:00,48.5,125.3,9.2,0.446,37.3,36,2.111111111111111,159,Moderate
2025-09-27 16:00:00,48.2,119.2,13.1,0.52,36.2,40,1.75,189,Moderate
2025-09-27 17:00:00,42.7,92.4,20.1,0.601,35.2,44,1.611111111111111,206,Poor
2025-09-27 18:00:00,44.6,82.7,25.5,0.687,34.4,48,2.305555555555556,210,Poor
2025-09-27 19:00:00,45.6,75.7,33.1,0.781,33.8,52,2.1944444444444446,208,Poor
2025-09-27 20:00:00,49.6,69.4,40.5,0.865,33.0,56,1.6944444444444442,201,Poor
2025-09-27 21:00:00,54.4,69.4,47.6,0.935,32.6,59,1.1111111111111112,178,Moderate
2025-09-27 22:00:00,59.4,73.8,54.5,0.996,32.2,61,1.2222222222222223,152,Moderate
2025-09-27 23:00:00,61.7,73.1,59.0,1.04,31.5,64,1.3888888888888888,152,Moderate
2025-09-28 00:00:00,62.4,71.9,60.0,1.07,31.0,65,1.1944444444444444,152,Moderate
2025-09-28 01:00:00,63.1,71.5,58.7,1.084,30.5,67,1.4166666666666665,152,Moderate
2025-09-28 02:00:00,62.4,71.5,56.1,1.068,29.9,69,1.5,151,Moderate
2025-09-28 03:00:00,60.3,70.3,52.1,1.005,29.3,72,1.75,151,Moderate
2025-09-28 04:00:00,58.1,69.4,46.9,0.913,28.9,75,2.0277777777777777,151,Moderate
2025-09-28 05:00:00,40.9,91.7,21.6,0.827,28.6,76,1.8055555555555556,151,Moderate
2025-09-28 06:00:00,40.4,88.5,22.9,0.768,29.5,75,2.0277777777777777,150,Moderate
2025-09-28 07:00:00,39.5,82.7,24.4,0.717,30.1,71,1.9444444444444444,147,Moderate
2025-09-28 08:00:00,33.2,74.5,23.8,0.65,31.2,66,2.7777777777777777,143,Moderate
2025-09-28 09:00:00,24.4,48.0,19.0,0.545,32.8,59,2.7777777777777777,139,Moderate
2025-09-28 10:00:00,22.2,57.9,12.1,0.425,34.5,49,3.3055555555555554,135,Moderate
2025-09-28 11:00:00,22.5,69.4,6.9,0.337,35.5,44,3.5277777777777777,132,Moderate
2025-09-28 12:00:00,22.6,75.0,4.9,0.304,36.0,42,3.333333333333333,129,Moderate
2025-09-28 13:00:00,21.8,71.5,4.6,0.304,36.3,42,3.0277777777777777,126,Moderate
2025-09-28 14:00:00,21.3,68.5,5.7,0.318,36.6,42,2.694444444444444,124,Moderate
2025-09-28 15:00:00,21.2,66.1,8.1,0.345,36.3,42,2.611111111111111,121,Moderate
2025-09-28 16:00:00,20.8,61.7,11.9,0.385,35.8,44,2.4166666666666665,118,Moderate
2025-09-28 17:00:00,25.1,84.8,15.5,0.421,34.8,48,2.5,119,Moderate
2025-09-28 18:00:00,29.2,81.5,19.6,0.445,33.7,55,2.2777777777777777,121,Moderate
2025-09-28 19:00:00,32.5,82.7,25.4,0.464,33.3,57,2.0277777777777777,115,Moderate
2025-09-28 20:00:00,33.6,82.2,29.8,0.489,32.8,59,1.9444444444444444,110,Moderate
2025-09-28 21:00:00,34.9,83.6,32.0,0.534,32.0,63,1.8333333333333333,108,Moderate
2025-09-28 22:00:00,35.7,83.4,32.8,0.583,31.2,66,1.9166666666666667,106,Moderate
2025-09-28 23:00:00,35.4,80.6,32.3,0.6,30.5,69,1.9166666666666667,104,Moderate
2025-09-29 00:00:00,33.4,78.5,29.4,0.552,29.9,72,1.6666666666666665,101,Moderate
2025-09-29 01:00:00,32.2,75.9,25.1,0.471,29.3,74,1.6944444444444442,98,Satisfactory
2025-09-29 02:00:00,31.8,73.8,22.3,0.415,28.8,76,1.6666666666666665,96,Satisfactory
2025-09-29 03:00:00,31.3,70.5,22.5,0.405,28.4,78,1.6666666666666665,93,Satisfactory
2025-09-29 04:00:00,30.7,65.2,24.1,0.419,28.0,80,1.611111111111111,90,Satisfactory
2025-09-29 05:00:00,20.4,23.1,16.3,0.453,27.5,82,1.75,88,Satisfactory
2025-09-29 06:00:00,21.0,21.8,18.8,0.532,28.0,77,1.1944444444444444,86,Satisfactory
2025-09-29 07:00:00,23.9,36.4,22.0,0.63,28.7,75,1.4444444444444444,84,Satisfactory
2025-09-29 08:00:00,27.0,53.7,22.9,0.666,30.5,68,1.8055555555555556,83,Satisfactory
2025-09-29 09:00:00,26.5,47.7,19.2,0.581,32.5,58,2.055555555555556,83,Satisfactory
2025-09-29 10:00:00,27.1,43.1,13.3,0.434,34.0,49,2.305555555555556,83,Satisfactory
2025-09-29 11:00:00,29.1,62.4,8.6,0.325,35.1,44,2.305555555555556,83,Satisfactory
2025-09-29 12:00:00,29.5,52.2,6.5,0.297,35.8,41,2.1944444444444446,84,Satisfactory
2025-09-29 13:00:00,30.7,59.0,5.8,0.307,36.2,40,1.777777777777778,84,Satisfactory
2025-09-29 14:00:00,30.9,57.0,6.3,0.33,36.4,40,1.6944444444444442,85,Satisfactory
2025-09-29 15:00:00,30.2,52.3,7.7,0.366,36.3,40,1.8055555555555556,90,Satisfactory
2025-09-29 16:00:00,30.6,49.9,10.4,0.415,35.7,40,1.8888888888888888,117,Moderate
2025-09-29 17:00:00,37.6,61.0,16.5,0.454,34.7,44,1.5833333333333333,140,Moderate
2025-09-29 18:00:00,44.1,62.6,26.0,0.461,34.0,49,1.4444444444444444,149,Moderate
2025-09-29 19:00:00,49.9,67.1,39.1,0.458,33.3,51,1.5555555555555554,145,Moderate
2025-09-29 20:00:00,54.2,64.7,48.8,0.487,32.8,52,1.1944444444444444,129,Moderate
2025-09-29 21:00:00,55.2,63.1,51.9,0.583,32.1,56,0.75,103,Moderate
2025-09-29 22:00:00,55.5,62.2,51.5,0.71,31.6,58,0.8611111111111112,95,Satisfactory
2025-09-29 23:00:00,55.3,61.2,50.1,0.808,31.1,60,1.3055555555555556,97,Satisfactory
2025-09-30 00:00:00,54.1,59.3,48.4,0.865,30.3,67,0.38888888888888884,99,Satisfactory
2025-09-30 01:00:00,51.7,55.9,45.7,0.892,29.5,69,0.41666666666666663,101,Moderate
2025-09-30 02:00:00,46.2,49.0,42.2,0.86,29.2,71,0.41666666666666663,103,Moderate
2025-09-30 03:00:00,38.1,40.0,36.8,0.703,26.9,80,3.1666666666666665,104,Moderate
2025-09-30 04:00:00,32.0,33.4,30.5,0.486,24.8,91,1.972222222222222,105,Moderate
2025-09-30 05:00:00,35.2,35.4,36.1,0.375,24.9,92,1.472222222222222,105,Moderate
2025-09-30 06:00:00,35.9,36.1,36.5,0.492,26.4,86,0.5555555555555556,107,Moderate
2025-09-30 07:00:00,37.8,38.1,36.8,0.714,27.2,85,0.75,108,Moderate
2025-09-30 08:00:00,36.7,36.8,35.3,0.84,28.8,80,0.4444444444444445,110,Moderate
2025-09-30 09:00:00,36.2,36.3,30.6,0.759,30.6,72,0.888888888888889,111,Moderate
2025-09-30 10:00:00,34.5,37.1,24.1,0.581,32.0,64,0.9722222222222222,112,Moderate
2025-09-30 11:00:00,35.7,37.5,18.5,0.443,33.1,57,1.0833333333333333,112,Moderate
2025-09-30 12:00:00,39.2,48.5,14.1,0.39,33.5,54,1.3611111111111112,113,Moderate
2025-09-30 13:00:00,41.4,53.8,10.7,0.376,33.3,54,1.2777777777777777,114,Moderate
2025-09-30 14:00:00,43.3,56.5,9.4,0.394,33.7,52,1.2222222222222223,115,Moderate
2025-09-30 15:00:00,45.1,58.2,10.8,0.452,33.0,54,0.8611111111111112,117,Moderate
2025-09-30 16:00:00,46.3,61.2,14.5,0.542,32.7,56,0.6111111111111112,127,Moderate
2025-09-30 17:00:00,53.3,101.7,32.0,0.628,32.2,67,0.1388888888888889,156,Moderate
2025-09-30 18:00:00,54.6,118.5,33.1,0.703,31.6,67,0.19444444444444442,161,Moderate
2025-09-30 19:00:00,54.5,137.4,34.6,0.774,31.1,72,0.1388888888888889,158,Moderate
2025-09-30 20:00:00,53.0,142.0,36.3,0.823,30.5,74,0.16666666666666666,145,Moderate
2025-09-30 21:00:00,50.1,131.8,38.1,0.847,29.8,77,0.75,123,Moderate
2025-09-30 22:00:00,46.9,112.7,40.1,0.85,29.4,76,0.888888888888889,122,Moderate
2025-09-30 23:00:00,43.7,94.5,41.7,0.827,29.0,74,1.3611111111111112,121,Moderate
2025-10-01 00:00:00,41.6,79.2,42.7,0.761,28.5,76,1.3055555555555556,120,Moderate
2025-10-01 01:00:00,41.3,70.8,43.3,0.668,28.1,77,1.0555555555555556,119,Moderate
2025-10-01 02:00:00,41.2,66.1,44.0,0.601,27.8,78,1.0,118,Moderate
2025-10-01 03:00:00,41.0,62.4,45.6,0.572,27.4,79,1.2222222222222223,117,Moderate
2025-10-01 04:00:00,41.9,62.6,47.3,0.568,26.9,83,0.8611111111111112,118,Moderate
2025-10-01 05:00:00,33.4,51.1,27.4,0.596,23.8,96,1.6666666666666665,119,Moderate
2025-10-01 06:00:00,35.3,47.6,28.9,0.694,24.0,96,0.2777777777777778,118,Moderate
2025-10-01 07:00:00,36.4,43.9,30.6,0.825,24.8,95,0.2777777777777778,118,Moderate
2025-10-01 08:00:00,34.5,38.6,30.5,0.887,26.5,89,0.38888888888888884,118,Moderate
2025-10-01 09:00:00,33.4,44.1,26.7,0.811,28.0,78,0.8333333333333333,118,Moderate
2025-10-01 10:00:00,33.8,49.7,20.9,0.666,29.2,73,0.6666666666666666,118,Moderate
2025-10-01 11:00:00,36.8,55.8,16.1,0.562,30.8,70,1.1388888888888888,118,Moderate
2025-10-01 12:00:00,40.7,65.2,12.8,0.542,31.4,66,0.6666666666666666,118,Moderate
2025-10-01 13:00:00,45.8,74.5,10.5,0.563,31.9,60,0.38888888888888884,118,Moderate
2025-10-01 14:00:00,47.1,78.2,9.8,0.597,32.3,58,0.6666666666666666,118,Moderate
2025-10-01 15:00:00,48.9,85.9,11.3,0.651,29.4,73,3.1111111111111107,119,Moderate
2025-10-01 16:00:00,50.5,92.0,14.4,0.719,27.7,80,1.0,119,Moderate
2025-10-01 17:00:00,50.3,74.3,18.2,0.758,28.3,77,1.3333333333333333,143,Moderate
2025-10-01 18:00:00,57.5,78.2,27.4,0.726,28.0,83,0.3055555555555556,159,Moderate
2025-10-01 19:00:00,65.0,85.4,40.3,0.665,27.6,85,0.9722222222222222,164,Moderate
2025-10-01 20:00:00,74.3,93.6,50.9,0.653,27.5,87,0.5555555555555556,160,Moderate
2025-10-01 21:00:00,80.3,101.5,57.3,0.752,27.4,87,0.2777777777777778,147,Moderate
2025-10-01 22:00:00,82.0,105.9,61.4,0.9,27.1,85,1.2777777777777777,126,Moderate
2025-10-01 23:00:00,80.1,104.3,63.2,0.996,26.4,88,2.1944444444444446,130,Moderate
2025-10-02 00:00:00,75.7,98.7,61.5,0.989,26.5,84,1.6944444444444442,133,Moderate
2025-10-02 01:00:00,70.1,92.0,57.4,0.929,26.2,85,1.25,137,Moderate
2025-10-02 02:00:00,64.3,83.8,54.7,0.863,26.0,87,0.9722222222222222,140,Moderate
2025-10-02 03:00:00,60.1,76.8,55.6,0.782,25.8,87,1.5,142,Moderate
2025-10-02 04:00:00,57.7,73.3,57.7,0.695,24.9,90,1.9166666666666667,144,Moderate
2025-10-02 05:00:00,35.2,43.4,22.6,0.672,23.9,93,1.1111111111111112,146,Moderate
2025-10-02 06:00:00,31.8,40.0,25.1,0.791,24.4,93,0.3333333333333333,146,Moderate
2025-10-02 07:00:00,34.0,42.1,28.4,0.975,25.4,89,0.4722222222222222,146,Moderate
2025-10-02 08:00:00,36.7,45.9,29.1,1.056,27.2,82,1.1111111111111112,146,Moderate
2025-10-02 09:00:00,39.9,58.2,24.8,0.931,29.0,73,1.1111111111111112,146,Moderate
2025-10-02 10:00:00,42.8,62.2,18.0,0.704,30.4,66,1.611111111111111,147,Moderate
2025-10-02 11:00:00,40.4,57.9,12.4,0.521,31.0,64,1.2777777777777777,147,Moderate
2025-10-02 12:00:00,39.0,57.2,9.3,0.433,30.2,65,2.1666666666666665,148,Moderate
2025-10-02 13:00:00,39.3,59.6,7.6,0.39,30.3,60,2.0,148,Moderate
2025-10-02 14:00:00,40.4,63.6,7.5,0.386,30.4,63,1.1388888888888888,147,Moderate
2025-10-02 15:00:00,41.2,64.7,9.5,0.43,30.8,62,1.1111111111111112,146,Moderate
2025-10-02 16:00:00,41.8,65.2,13.2,0.514,30.9,62,1.7222222222222223,168,Moderate
2025-10-02 17:00:00,60.3,81.7,20.3,0.602,29.0,73,1.4166666666666665,190,Moderate
2025-10-02 18:00:00,57.5,70.3,23.1,0.698,28.2,75,2.0833333333333335,197,Moderate
2025-10-02 19:00:00,53.2,61.2,26.9,0.8,27.7,81,0.3611111111111111,196,Moderate
2025-10-02 20:00:00,51.3,56.1,29.6,0.863,27.6,80,0.6944444444444444,184,Moderate
2025-10-02 21:00:00,48.2,50.9,30.3,0.863,27.2,82,1.2777777777777777,166,Moderate
2025-10-02 22:00:00,45.1,46.4,29.8,0.825,26.9,84,1.611111111111111,141,Moderate
2025-10-02 23:00:00,42.3,43.0,28.8,0.782,26.8,90,1.5555555555555554,135,Moderate
2025-10-03 00:00:00,39.6,40.0,27.1,0.736,25.9,94,0.6944444444444444,131,Moderate
2025-10-03 01:00:00,38.1,48.4,24.9,0.684,25.4,94,1.3611111111111112,127,Moderate
2025-10-03 02:00:00,36.8,49.7,23.4,0.653,24.9,95,1.3333333333333333,124,Moderate
2025-10-03 03:00:00,36.3,49.6,23.0,0.655,24.5,96,1.75,121,Moderate
2025-10-03 04:00:00,35.2,49.6,23.3,0.678,24.3,97,1.2777777777777777,118,Moderate
2025-10-03 05:00:00,32.7,45.8,24.6,0.708,24.6,97,1.4444444444444444,116,Moderate
2025-10-03 06:00:00,33.1,48.8,25.8,0.765,24.6,97,0.9722222222222222,116,Moderate
2025-10-03 07:00:00,33.8,46.2,27.4,0.83,25.4,93,0.8055555555555555,116,Moderate
2025-10-03 08:00:00,31.5,42.4,27.0,0.833,26.8,85,1.0555555555555556,116,Moderate
2025-10-03 09:00:00,29.1,39.7,23.1,0.714,28.5,74,1.2777777777777777,115,Moderate
2025-10-03 10:00:00,28.3,39.9,17.3,0.532,29.8,65,1.5,114,Moderate
2025-10-03 11:00:00,29.2,42.1,12.5,0.397,30.6,63,1.611111111111111,113,Moderate
2025-10-03 12:00:00,29.6,44.1,9.5,0.356,32.0,57,1.3888888888888888,112,Moderate
2025-10-03 13:00:00,29.9,45.4,7.6,0.361,32.5,55,1.472222222222222,111,Moderate
2025-10-03 14:00:00,29.7,44.0,7.4,0.381,32.7,53,1.75,110,Moderate
2025-10-03 15:00:00,29.8,42.1,8.9,0.404,32.4,53,1.8611111111111112,109,Moderate
2025-10-03 16:00:00,30.4,43.1,12.0,0.442,31.5,56,1.8055555555555556,133,Moderate
2025-10-03 17:00:00,28.6,49.6,17.5,0.492,30.9,61,1.6666666666666665,155,Moderate
2025-10-03 18:00:00,31.7,48.5,25.4,0.54,30.0,73,0.5,160,Moderate
2025-10-03 19:00:00,37.1,50.3,36.6,0.601,29.5,73,0.8611111111111112,156,Moderate
2025-10-03 20:00:00,42.0,51.5,47.7,0.72,28.8,76,0.9166666666666666,139,Moderate
2025-10-03 21:00:00,49.2,58.2,59.1,0.958,28.0,80,0.8611111111111112,110,Moderate
2025-10-03 22:00:00,57.7,68.9,70.4,1.254,27.5,84,0.75,98,Satisfactory
2025-10-03 23:00:00,65.0,80.1,76.4,1.476,27.6,85,0.888888888888889,99,Satisfactory
2025-10-04 00:00:00,68.5,87.8,74.1,1.556,27.3,87,0.6666666666666666,101,Moderate
2025-10-04 01:00:00,65.7,89.2,66.5,1.561,26.9,86,1.7222222222222223,104,Moderate
2025-10-04 02:00:00,61.7,90.6,58.3,1.557,26.4,89,0.9444444444444444,107,Moderate
2025-10-04 03:00:00,59.6,91.5,50.0,1.574,26.0,90,0.8611111111111112,110,Moderate
2025-10-04 04:00:00,59.5,93.6,41.1,1.582,25.8,91,0.5277777777777778,112,Moderate
2025-10-04 05:00:00,65.7,86.4,63.9,1.563,26.0,90,1.0,115,Moderate
2025-10-04 06:00:00,66.4,88.2,57.6,1.524,25.9,90,0.7222222222222222,118,Moderate
2025-10-04 07:00:00,69.2,93.4,48.5,1.458,26.9,83,0.8333333333333333,122,Moderate
2025-10-04 08:00:00,61.0,98.7,38.7,1.321,29.0,68,0.8333333333333333,125,Moderate
2025-10-04 09:00:00,53.0,86.1,27.5,1.046,31.0,56,1.5,128,Moderate
2025-10-04 10:00:00,51.0,98.3,15.5,0.701,32.5,48,2.1944444444444446,131,Moderate
2025-10-04 11:00:00,50.9,108.7,6.9,0.448,33.5,45,2.5555555555555554,133,Moderate
2025-10-04 12:00:00,50.6,131.3,3.6,0.366,34.0,42,2.972222222222222,136,Moderate
2025-10-04 13:00:00,50.8,176.5,3.7,0.375,34.5,40,3.333333333333333,138,Moderate
2025-10-04 14:00:00,53.6,244.9,5.0,0.402,34.3,39,3.4444444444444446,140,Moderate
2025-10-04 15:00:00,61.9,330.6,7.3,0.426,34.0,40,3.2777777777777777,142,Moderate
2025-10-04 16:00:00,70.8,407.9,10.9,0.468,33.4,43,3.222222222222222,146,Moderate
2025-10-04 17:00:00,65.2,332.5,17.1,0.515,32.2,48,2.7222222222222223,150,Moderate
2025-10-04 18:00:00,72.2,359.5,21.9,0.568,31.0,54,1.8333333333333333,151,Moderate
2025-10-04 19:00:00,77.8,378.1,28.5,0.626,30.5,57,1.8055555555555556,152,Moderate
2025-10-04 20:00:00,81.0,389.3,33.7,0.679,29.9,60,1.611111111111111,153,Moderate
2025-10-04 21:00:00,82.4,386.5,36.3,0.731,29.4,62,1.5,153,Moderate
2025-10-04 22:00:00,82.7,369.7,37.5,0.777,28.9,64,1.7222222222222223,154,Moderate
2025-10-04 23:00:00,81.3,342.7,37.7,0.791,27.9,67,1.472222222222222,155,Moderate
2025-10-05 00:00:00,78.7,316.6,36.4,0.744,27.3,68,1.7222222222222223,155,Moderate
2025-10-05 01:00:00,75.9,293.4,34.1,0.665,26.8,68,1.8333333333333333,155,Moderate
2025-10-05 02:00:00,73.3,271.9,32.4,0.611,26.2,69,1.7222222222222223,156,Moderate
2025-10-05 03:00:00,70.8,252.4,32.1,0.6,25.6,71,1.4444444444444444,156,Moderate
2025-10-05 04:00:00,68.9,231.9,32.4,0.613,25.1,74,1.25,156,Moderate
2025-10-05 05:00:00,63.1,174.6,28.8,0.656,25.8,86,2.0,156,Moderate
2025-10-05 06:00:00,62.2,164.8,29.8,0.77,25.9,84,2.2222222222222223,156,Moderate
2025-10-05 07:00:00,63.8,153.7,30.9,0.914,26.8,79,1.777777777777778,156,Moderate
2025-10-05 08:00:00,61.5,159.3,29.4,0.966,28.5,67,2.111111111111111,156,Moderate
2025-10-05 09:00:00,60.8,201.2,22.9,0.838,30.5,57,2.888888888888889,156,Moderate
2025-10-05 10:00:00,60.3,201.6,13.7,0.619,31.9,51,3.222222222222222,156,Moderate
2025-10-05 11:00:00,58.0,164.8,7.0,0.452,30.9,58,2.0833333333333335,156,Moderate
2025-10-05 12:00:00,52.2,137.8,4.5,0.396,32.2,51,1.0833333333333333,157,Moderate
2025-10-05 13:00:00,46.1,118.7,4.4,0.392,33.3,43,1.1666666666666667,157,Moderate
2025-10-05 14:00:00,41.9,118.3,5.8,0.403,34.1,36,1.3055555555555556,156,Moderate
2025-10-05 15:00:00,39.0,124.8,7.8,0.406,34.1,35,1.611111111111111,156,Moderate
2025-10-05 16:00:00,37.8,131.8,11.3,0.424,33.5,37,2.111111111111111,156,Moderate
2025-10-05 17:00:00,46.9,194.6,16.4,0.493,32.7,42,1.6666666666666665,155,Moderate
2025-10-05 18:00:00,53.0,201.2,30.4,0.67,31.0,51,0.9722222222222222,155,Moderate
2025-10-05 19:00:00,63.6,206.8,50.0,0.897,30.3,60,0.6388888888888888,154,Moderate
2025-10-05 20:00:00,75.7,224.4,66.7,1.036,30.0,61,0.2777777777777778,154,Moderate
2025-10-05 21:00:00,88.9,256.1,78.2,1.017,29.4,63,0.38888888888888884,154,Moderate
2025-10-05 22:00:00,99.4,279.4,86.7,0.909,28.9,65,0.3055555555555556,154,Moderate
2025-10-05 23:00:00,105.0,292.4,90.5,0.78,25.9,71,3.7777777777777777,154,Moderate
2025-10-06 00:00:00,104.3,283.1,87.9,0.626,22.5,92,3.638888888888889,155,Moderate
2025-10-06 01:00:00,97.6,248.7,80.6,0.452,23.5,86,1.1944444444444444,155,Moderate
2025-10-06 02:00:00,82.9,222.1,72.1,0.338,23.3,87,0.4722222222222222,156,Moderate
2025-10-06 03:00:00,75.0,210.9,62.1,0.32,22.9,91,0.5555555555555556,156,Moderate
2025-10-06 04:00:00,71.0,201.6,50.8,0.362,22.7,92,0.2777777777777778,156,Moderate
2025-10-06 05:00:00,55.8,164.8,20.8,0.439,24.1,81,1.3055555555555556,156,Moderate
2025-10-06 06:00:00,50.5,135.5,23.9,0.567,24.1,82,0.6944444444444444,156,Moderate
2025-10-06 07:00:00,54.4,127.6,28.0,0.73,24.9,78,0.5,156,Moderate
2025-10-06 08:00:00,53.2,133.6,30.0,0.856,26.2,70,1.0555555555555556,155,Moderate
2025-10-06 09:00:00,45.4,108.0,28.0,0.925,26.4,69,0.9166666666666666,155,Moderate
2025-10-06 10:00:00,38.1,85.0,23.8,0.958,27.0,65,1.25,155,Moderate
2025-10-06 11:00:00,34.1,68.7,20.2,0.943,29.7,46,2.5,154,Moderate
2025-10-06 12:00:00,34.6,67.1,17.7,0.842,24.8,80,2.138888888888889,154,Moderate
2025-10-06 13:00:00,35.3,83.8,15.7,0.692,24.9,82,2.111111111111111,154,Moderate
2025-10-06 14:00:00,37.8,104.5,15.0,0.598,23.8,91,1.8055555555555556,153,Moderate
2025-10-06 15:00:00,40.7,128.5,16.1,0.602,24.4,86,1.25,153,Moderate
2025-10-06 16:00:00,44.2,150.9,18.5,0.662,24.0,88,1.6944444444444442,153,Moderate
2025-10-06 17:00:00,39.9,83.4,27.8,0.75,23.4,92,2.7222222222222223,153,Moderate
2025-10-06 18:00:00,41.2,62.4,30.9,0.9,22.7,94,2.0833333333333335,153,Moderate
2025-10-06 19:00:00,42.5,59.1,35.1,1.08,22.6,94,2.4444444444444446,153,Moderate
2025-10-06 20:00:00,45.3,58.3,38.2,1.16,22.6,94,2.0,153,Moderate
2025-10-06 21:00:00,44.6,54.2,39.5,1.062,22.4,95,2.0,152,Moderate
2025-10-06 22:00:00,45.5,52.6,39.6,0.866,22.2,96,2.1666666666666665,151,Moderate
2025-10-06 23:00:00,43.5,48.8,38.3,0.682,22.7,95,1.8611111111111112,149,Moderate
2025-10-07 00:00:00,37.8,42.1,34.5,0.538,22.6,95,1.5833333333333333,142,Moderate
2025-10-07 01:00:00,31.9,35.2,29.3,0.406,22.3,96,0.19444444444444442,135,Moderate
2025-10-07 02:00:00,28.6,31.4,25.7,0.321,21.8,98,0.11111111111111112,128,Moderate
2025-10-07 03:00:00,27.1,29.2,25.0,0.306,22.0,98,0.8611111111111112,123,Moderate
2025-10-07 04:00:00,27.2,29.1,25.8,0.338,22.4,97,1.6388888888888888,118,Moderate
2025-10-07 05:00:00,16.9,18.6,14.6,0.376,22.2,96,1.6944444444444442,113,Moderate
2025-10-07 06:00:00,17.4,19.0,17.3,0.422,22.1,97,1.9166666666666667,109,Moderate
2025-10-07 07:00:00,17.9,19.3,20.9,0.475,22.7,94,1.5833333333333333,106,Moderate
2025-10-07 08:00:00,15.9,17.0,22.6,0.493,23.1,91,1.777777777777778,102,Moderate
2025-10-07 09:00:00,12.9,14.0,20.4,0.443,24.5,85,1.9444444444444444,98,Satisfactory
2025-10-07 10:00:00,12.1,14.1,16.3,0.358,25.8,80,2.2222222222222223,95,Satisfactory
2025-10-07 11:00:00,13.6,16.5,13.3,0.297,27.0,67,1.7222222222222223,93,Satisfactory
2025-10-07 12:00:00,13.6,19.8,12.1,0.263,27.7,66,1.3611111111111112,91,Satisfactory
2025-10-07 13:00:00,16.1,30.4,11.9,0.253,28.2,65,1.1111111111111112,89,Satisfactory
2025-10-07 14:00:00,19.3,40.7,13.5,0.316,28.7,63,1.1944444444444444,88,Satisfactory
2025-10-07 15:00:00,21.8,48.9,17.5,0.508,25.5,75,2.388888888888889,86,Satisfactory
2025-10-07 16:00:00,26.1,51.8,23.3,0.772,26.0,73,1.6944444444444442,84,Satisfactory
2025-10-07 17:00:00,27.8,50.3,27.1,0.986,21.2,93,3.611111111111111,83,Satisfactory
2025-10-07 18:00:00,35.2,56.7,33.4,1.119,21.5,88,1.3888888888888888,82,Satisfactory
2025-10-07 19:00:00,40.4,62.4,42.1,1.201,21.2,92,2.0833333333333335,81,Satisfactory
2025-10-07 20:00:00,43.7,60.8,48.9,1.205,21.0,96,1.3888888888888888,81,Satisfactory
2025-10-07 21:00:00,41.9,55.6,52.0,1.071,21.0,96,1.5,81,Satisfactory
2025-10-07 22:00:00,43.5,55.3,53.2,0.857,20.8,96,0.5555555555555556,81,Satisfactory
2025-10-07 23:00:00,45.9,56.9,53.6,0.713,21.1,98,0.6111111111111112,81,Satisfactory
2025-10-08 00:00:00,47.5,58.4,54.0,0.721,20.8,98,0.19444444444444442,81,Satisfactory
2025-10-08 01:00:00,49.7,61.0,53.7,0.798,20.4,98,0.5,82,Satisfactory
2025-10-08 02:00:00,51.5,61.0,51.2,0.844,20.8,98,1.5277777777777777,83,Satisfactory
2025-10-08 03:00:00,50.2,60.1,45.0,0.814,20.7,98,1.611111111111111,85,Satisfactory
2025-10-08 04:00:00,49.4,60.1,36.6,0.752,20.0,99,0.8055555555555555,87,Satisfactory
2025-10-08 05:00:00,39.1,47.6,30.2,0.693,20.6,99,0.888888888888889,89,Satisfactory
2025-10-08 06:00:00,40.3,49.9,29.5,0.646,20.9,97,1.0555555555555556,91,Satisfactory
2025-10-08 07:00:00,41.1,52.6,28.3,0.601,21.4,94,1.6388888888888888,93,Satisfactory
2025-10-08 08:00:00,37.1,52.5,26.6,0.563,22.4,87,1.1111111111111112,95,Satisfactory
2025-10-08 09:00:00,30.6,46.7,23.8,0.534,23.4,82,1.25,97,Satisfactory
2025-10-08 10:00:00,29.9,47.6,20.3,0.512,24.4,79,0.5,99,Satisfactory
2025-10-08 11:00:00,31.8,50.2,17.4,0.495,25.0,76,0.25,100,Satisfactory
2025-10-08 12:00:00,34.3,55.5,15.1,0.457,26.0,71,0.16666666666666666,102,Moderate
2025-10-08 13:00:00,36.1,60.5,13.3,0.424,26.2,67,0.75,104,Moderate
2025-10-08 14:00:00,38.5,68.7,13.5,0.468,24.3,71,2.888888888888889,106,Moderate
2025-10-08 15:00:00,38.6,66.6,16.4,0.665,23.0,79,1.6666666666666665,108,Moderate
2025-10-08 16:00:00,38.2,62.6,21.2,0.938,24.1,76,1.3055555555555556,110,Moderate
2025-10-08 17:00:00,43.1,64.5,27.6,1.138,22.5,87,1.4444444444444444,111,Moderate
2025-10-08 18:00:00,47.5,60.8,32.5,1.192,22.8,90,1.777777777777778,113,Moderate
2025-10-08 19:00:00,47.8,55.9,39.3,1.171,22.8,87,1.2777777777777777,114,Moderate
2025-10-08 20:00:00,46.2,51.2,44.4,1.138,22.5,86,1.4444444444444444,115,Moderate
2025-10-08 21:00:00,45.8,49.0,46.7,1.121,21.8,88,1.0555555555555556,115,Moderate
2025-10-08 22:00:00,47.6,50.3,47.3,1.092,21.1,90,0.7777777777777777,116,Moderate
2025-10-08 23:00:00,48.1,50.8,46.1,1.024,21.9,92,1.2777777777777777,116,Moderate
2025-10-09 00:00:00,46.3,49.6,42.2,0.874,22.0,92,1.4166666666666665,116,Moderate
2025-10-09 01:00:00,44.5,49.6,36.5,0.686,21.8,92,1.3055555555555556,116,Moderate
2025-10-09 02:00:00,42.3,50.5,31.9,0.558,21.5,93,1.3333333333333333,116,Moderate
2025-10-09 03:00:00,40.3,51.5,29.6,0.539,21.1,94,1.1944444444444444,115,Moderate
2025-10-09 04:00:00,39.1,51.9,28.5,0.581,20.8,95,1.0833333333333333,114,Moderate
2025-10-09 05:00:00,35.3,48.7,24.0,0.642,20.8,95,1.25,113,Moderate
2025-10-09 06:00:00,37.8,48.0,25.0,0.742,20.9,95,1.472222222222222,112,Moderate
2025-10-09 07:00:00,41.0,48.0,26.2,0.861,21.5,93,1.75,112,Moderate
2025-10-09 08:00:00,39.0,46.2,25.4,0.9,22.8,89,1.5555555555555554,112,Moderate
2025-10-09 09:00:00,33.8,57.4,20.8,0.785,24.1,83,2.361111111111111,112,Moderate
2025-10-09 10:00:00,25.1,31.8,14.2,0.591,25.1,77,1.9444444444444444,113,Moderate
2025-10-09 11:00:00,24.7,31.7,9.1,0.439,26.9,66,2.0833333333333335,112,Moderate
2025-10-09 12:00:00,25.5,34.2,6.5,0.363,27.7,56,2.2222222222222223,111,Moderate
2025-10-09 13:00:00,26.4,43.5,5.4,0.329,28.4,49,2.111111111111111,110,Moderate
2025-10-09 14:00:00,29.5,75.0,6.5,0.361,28.4,48,2.2777777777777777,109,Moderate
2025-10-09 15:00:00,31.1,91.7,10.9,0.498,28.1,48,2.3333333333333335,108,Moderate
2025-10-09 16:00:00,33.1,117.8,17.5,0.702,27.4,53,1.9166666666666667,108,Moderate
2025-10-09 17:00:00,32.7,136.0,24.7,0.88,26.5,61,1.5555555555555554,120,Moderate
2025-10-09 18:00:00,44.5,172.8,30.2,1.02,24.9,66,1.75,125,Moderate
2025-10-09 19:00:00,53.8,236.6,37.5,1.136,24.0,70,1.8888888888888888,119,Moderate
2025-10-09 20:00:00,63.1,323.2,41.7,1.173,23.2,72,2.305555555555556,106,Moderate
2025-10-09 21:00:00,72.6,407.9,39.9,1.083,22.5,73,2.1944444444444446,108,Moderate
2025-10-09 22:00:00,79.4,456.3,34.9,0.916,22.0,74,2.0,111,Moderate
2025-10-09 23:00:00,81.3,452.6,30.0,0.765,22.0,78,2.055555555555556,114,Moderate
2025-10-10 00:00:00,78.5,416.3,25.6,0.655,21.6,80,1.8611111111111112,118,Moderate
2025-10-10 01:00:00,72.9,359.5,21.3,0.562,21.1,81,1.8055555555555556,121,Moderate
2025-10-10 02:00:00,65.4,291.5,18.5,0.504,20.7,83,1.777777777777778,124,Moderate
2025-10-10 03:00:00,58.6,231.0,17.8,0.479,20.3,84,1.6388888888888888,126,Moderate
2025-10-10 04:00:00,53.9,189.1,18.7,0.49,19.9,84,1.4444444444444444,128,Moderate
2025-10-10 05:00:00,49.9,161.1,19.5,0.563,19.9,88,1.3333333333333333,130,Moderate
2025-10-10 06:00:00,49.5,139.2,23.3,0.776,20.0,87,1.3333333333333333,131,Moderate
2025-10-10 07:00:00,52.2,124.8,28.1,1.053,20.8,86,1.6666666666666665,133,Moderate
2025-10-10 08:00:00,50.2,125.7,29.6,1.187,22.2,81,1.1111111111111112,134,Moderate
2025-10-10 09:00:00,44.4,107.8,24.3,1.042,24.0,74,1.1388888888888888,135,Moderate
2025-10-10 10:00:00,35.4,82.9,15.6,0.755,25.8,66,1.3333333333333333,136,Moderate
2025-10-10 11:00:00,31.7,74.7,8.9,0.533,27.1,57,1.4444444444444444,137,Moderate
2025-10-10 12:00:00,31.3,76.6,5.6,0.435,27.9,52,1.3055555555555556,138,Moderate
2025-10-10 13:00:00,31.7,81.5,4.3,0.402,28.4,48,1.3611111111111112,138,Moderate
2025-10-10 14:00:00,32.0,86.1,6.2,0.466,28.5,44,1.4166666666666665,139,Moderate
2025-10-10 15:00:00,32.1,92.0,12.8,0.693,28.5,44,1.3611111111111112,139,Moderate
2025-10-10 16:00:00,32.6,98.5,22.6,1.018,27.9,49,1.0555555555555556,139,Moderate
2025-10-10 17:00:00,40.7,88.0,35.0,1.271,26.2,60,1.0833333333333333,143,Moderate
2025-10-10 18:00:00,53.0,102.7,45.3,1.349,24.6,65,1.3333333333333333,147,Moderate
2025-10-10 19:00:00,58.8,109.0,59.4,1.356,23.4,74,1.1388888888888888,141,Moderate
2025-10-10 20:00:00,59.1,116.9,68.5,1.437,22.8,75,0.5277777777777778,142,Moderate
2025-10-10 21:00:00,60.3,125.7,68.1,1.729,22.3,77,0.2777777777777778,141,Moderate
2025-10-10 22:00:00,60.1,134.1,62.8,2.096,22.0,77,0.11111111111111112,140,Moderate
2025-10-10 23:00:00,60.8,141.6,57.5,2.275,21.7,81,0.3055555555555556,138,Moderate
2025-10-11 00:00:00,60.5,144.8,53.6,2.101,21.2,83,0.41666666666666663,136,Moderate
2025-10-11 01:00:00,59.5,143.0,49.6,1.74,20.6,85,0.8055555555555555,134,Moderate
2025-10-11 02:00:00,57.6,136.9,46.1,1.42,20.3,86,1.0,132,Moderate
2025-10-11 03:00:00,55.6,128.1,43.1,1.193,19.9,86,1.0555555555555556,132,Moderate
2025-10-11 04:00:00,54.6,119.2,40.6,1.009,19.6,86,1.1111111111111112,131,Moderate
2025-10-11 05:00:00,59.5,132.7,43.4,0.945,19.9,89,1.25,131,Moderate
2025-10-11 06:00:00,61.0,115.0,43.7,1.131,20.2,87,1.4166666666666665,132,Moderate
2025-10-11 07:00:00,62.9,98.0,43.7,1.438,21.1,85,1.777777777777778,134,Moderate
2025-10-11 08:00:00,55.8,82.0,40.5,1.558,22.8,80,1.1111111111111112,135,Moderate
2025-10-11 09:00:00,39.7,65.9,30.9,1.289,24.9,70,1.1111111111111112,135,Moderate
2025-10-11 10:00:00,32.5,64.3,18.1,0.832,26.6,60,1.5,135,Moderate
2025-10-11 11:00:00,30.0,66.6,8.6,0.486,27.4,54,1.6944444444444442,135,Moderate
2025-10-11 12:00:00,29.5,64.3,4.7,0.371,28.1,50,1.611111111111111,134,Moderate
2025-10-11 13:00:00,29.5,64.7,4.0,0.366,28.8,47,1.8055555555555556,134,Moderate
2025-10-11 14:00:00,29.5,68.0,6.1,0.41,28.9,47,2.055555555555556,134,Moderate
2025-10-11 15:00:00,30.2,79.4,11.5,0.468,28.8,45,2.361111111111111,134,Moderate
2025-10-11 16:00:00,31.9,97.3,19.8,0.575,28.0,49,2.055555555555556,133,Moderate
2025-10-11 17:00:00,37.5,146.7,23.2,0.774,27.1,61,1.0555555555555556,136,Moderate
2025-10-11 18:00:00,47.8,173.7,29.8,1.191,25.5,65,1.3055555555555556,141,Moderate
2025-10-11 19:00:00,55.8,225.4,38.7,1.701,24.9,67,1.5,134,Moderate
2025-10-11 20:00:00,61.2,281.3,44.1,1.969,24.2,69,1.75,132,Moderate
2025-10-11 21:00:00,65.7,331.6,43.0,1.784,23.6,70,1.75,132,Moderate
2025-10-11 22:00:00,69.2,366.9,38.4,1.358,22.9,73,1.7222222222222223,133,Moderate
2025-10-11 23:00:00,70.3,378.1,33.7,0.995,23.1,74,2.1944444444444446,134,Moderate
2025-10-12 00:00:00,69.2,366.9,29.5,0.802,22.9,75,1.777777777777778,135,Moderate
2025-10-12 01:00:00,67.3,340.9,25.3,0.673,22.0,79,1.25,136,Moderate
2025-10-12 02:00:00,65.0,308.3,22.2,0.589,21.5,79,1.3333333333333333,137,Moderate
2025-10-12 03:00:00,62.9,279.4,20.9,0.541,21.0,79,1.4444444444444444,137,Moderate
2025-10-12 04:00:00,62.6,261.7,20.8,0.538,20.6,79,1.5555555555555554,138,Moderate
2025-10-12 05:00:00,70.5,299.9,20.4,0.591,20.8,86,1.3888888888888888,139,Moderate
2025-10-12 06:00:00,74.0,285.9,23.8,0.766,21.1,84,1.5277777777777777,140,Moderate
2025-10-12 07:00:00,78.9,255.2,28.3,0.998,22.0,82,1.8055555555555556,142,Moderate
2025-10-12 08:00:00,80.3,272.9,29.5,1.102,23.6,76,1.1388888888888888,143,Moderate
2025-10-12 09:00:00,73.8,240.3,24.4,0.953,25.7,68,1.0,146,Moderate
2025-10-12 10:00:00,54.6,160.7,16.0,0.676,27.7,59,1.4444444444444444,149,Moderate
2025-10-12 11:00:00,36.3,109.4,9.4,0.458,29.2,48,1.8055555555555556,150,Moderate
2025-10-12 12:00:00,33.6,109.0,6.2,0.373,30.2,43,1.9444444444444444,150,Moderate
2025-10-12 13:00:00,33.1,123.9,4.8,0.348,30.7,39,2.361111111111111,151,Moderate
2025-10-12 14:00:00,36.2,153.7,5.6,0.351,30.6,40,2.611111111111111,151,Moderate
2025-10-12 15:00:00,40.4,190.0,8.6,0.366,30.4,41,2.6666666666666665,151,Moderate
2025-10-12 16:00:00,44.2,217.5,13.8,0.41,29.6,44,2.3333333333333335,151,Moderate
2025-10-12 17:00:00,52.2,267.3,18.2,0.498,28.4,48,1.8611111111111112,151,Moderate
2025-10-12 18:00:00,62.9,299.0,26.4,0.682,26.6,55,1.5277777777777777,154,Moderate
2025-10-12 19:00:00,71.5,332.5,37.4,0.911,26.0,58,1.5277777777777777,152,Moderate
2025-10-12 20:00:00,78.0,376.3,44.5,1.051,25.3,61,1.6666666666666665,152,Moderate
2025-10-12 21:00:00,82.9,416.3,44.0,1.027,24.2,67,1.4444444444444444,154,Moderate
2025-10-12 22:00:00,86.8,449.8,39.4,0.914,23.4,71,1.3888888888888888,156,Moderate
2025-10-12 23:00:00,87.5,455.4,34.8,0.808,23.2,73,1.4166666666666665,158,Moderate
2025-10-13 00:00:00,85.2,425.6,30.8,0.735,22.9,73,1.3888888888888888,159,Moderate
2025-10-13 01:00:00,81.0,373.5,26.8,0.67,22.2,75,1.3888888888888888,161,Moderate
2025-10-13 02:00:00,75.4,314.8,24.1,0.628,21.6,77,1.2777777777777777,161,Moderate
2025-10-13 03:00:00,69.4,258.0,23.4,0.595,21.2,78,1.2222222222222223,161,Moderate
2025-10-13 04:00:00,63.6,209.1,24.0,0.586,21.0,78,1.25,161,Moderate
2025-10-13 05:00:00,67.8,202.1,28.9,0.663,20.5,86,0.7777777777777777,160,Moderate
2025-10-13 06:00:00,71.2,183.9,33.7,0.942,20.6,86,0.7777777777777777,158,Moderate
2025-10-13 07:00:00,77.1,154.1,39.9,1.307,21.9,81,0.9166666666666666,156,Moderate
2025-10-13 08:00:00,67.1,127.1,41.2,1.472,23.9,73,0.5277777777777778,155,Moderate
2025-10-13 09:00:00,51.6,96.2,32.8,1.24,26.2,62,0.6111111111111112,154,Moderate
2025-10-13 10:00:00,41.9,76.8,19.4,0.808,28.3,51,0.8333333333333333,154,Moderate
2025-10-13 11:00:00,36.7,70.3,9.3,0.481,29.8,41,1.0555555555555556,154,Moderate
2025-10-13 12:00:00,34.3,68.7,5.4,0.387,31.0,35,1.1111111111111112,154,Moderate
2025-10-13 13:00:00,33.2,68.0,4.7,0.398,31.6,33,1.3055555555555556,154,Moderate
2025-10-13 14:00:00,32.6,67.5,6.3,0.429,31.7,33,1.6666666666666665,154,Moderate
2025-10-13 15:00:00,32.8,68.9,9.7,0.419,31.4,34,2.138888888888889,154,Moderate
2025-10-13 16:00:00,34.2,70.8,15.2,0.429,30.6,36,2.4444444444444446,153,Moderate
2025-10-13 17:00:00,36.9,71.7,24.2,0.561,29.4,38,1.8333333333333333,161,Moderate
2025-10-13 18:00:00,48.9,79.9,37.5,0.94,27.6,46,1.0833333333333333,167,Moderate
2025-10-13 19:00:00,59.3,94.3,55.9,1.442,27.1,54,0.11111111111111112,162,Moderate
2025-10-13 20:00:00,68.7,111.1,70.4,1.79,25.7,57,0.75,152,Moderate
2025-10-13 21:00:00,78.2,131.3,78.4,1.866,25.0,60,1.1111111111111112,152,Moderate
2025-10-13 22:00:00,85.4,152.7,82.5,1.79,24.6,62,1.0,152,Moderate
2025-10-13 23:00:00,84.3,168.6,81.5,1.644,24.5,69,1.0833333333333333,152,Moderate
2025-10-14 00:00:00,78.2,183.0,72.3,1.407,23.6,71,1.0,152,Moderate
2025-10-14 01:00:00,72.4,201.2,58.0,1.1,23.2,72,0.6111111111111112,152,Moderate
2025-10-14 02:00:00,68.9,213.3,46.7,0.873,22.5,72,1.1388888888888888,152,Moderate
2025-10-14 03:00:00,67.5,223.1,41.1,0.77,22.0,72,1.25,151,Moderate
2025-10-14 04:00:00,67.8,230.5,38.5,0.747,21.2,75,1.1944444444444444,151,Moderate
2025-10-14 05:00:00,64.5,198.4,39.5,0.818,21.2,80,1.2222222222222223,151,Moderate
2025-10-14 06:00:00,68.7,208.6,41.8,1.092,21.4,81,0.9722222222222222,151,Moderate
2025-10-14 07:00:00,74.3,191.4,44.4,1.46,22.8,75,1.0833333333333333,151,Moderate
2025-10-14 08:00:00,71.0,190.9,43.0,1.615,25.1,66,0.41666666666666663,151,Moderate
2025-10-14 09:00:00,63.6,207.7,33.5,1.34,27.9,51,0.4722222222222222,151,Moderate
2025-10-14 10:00:00,46.2,175.6,19.9,0.852,29.9,36,0.9722222222222222,152,Moderate
2025-10-14 11:00:00,38.9,134.6,9.8,0.488,30.5,33,1.2222222222222223,152,Moderate
2025-10-14 12:00:00,37.7,118.0,5.9,0.402,31.4,31,1.3888888888888888,152,Moderate
2025-10-14 13:00:00,38.2,109.2,5.4,0.44,31.8,30,1.8611111111111112,152,Moderate
2025-10-14 14:00:00,38.1,101.0,7.5,0.485,31.7,31,2.1944444444444446,152,Moderate
2025-10-14 15:00:00,38.6,95.7,11.0,0.456,31.3,31,2.305555555555556,152,Moderate
2025-10-14 16:00:00,40.0,89.9,17.0,0.433,30.5,32,2.361111111111111,152,Moderate
2025-10-14 17:00:00,38.9,92.4,26.7,0.536,29.4,32,1.8888888888888888,168,Moderate
2025-10-14 18:00:00,56.2,106.2,47.6,0.884,27.7,46,0.7777777777777777,176,Moderate
2025-10-14 19:00:00,71.2,124.8,76.3,1.358,27.5,49,0.08333333333333333,171,Moderate
2025-10-14 20:00:00,81.5,139.7,97.8,1.722,26.6,51,0.16666666666666666,153,Moderate
2025-10-14 21:00:00,88.0,154.1,105.0,1.875,25.9,52,0.16666666666666666,153,Moderate
2025-10-14 22:00:00,95.2,169.0,104.9,1.918,25.1,53,0.25,153,Moderate
2025-10-14 23:00:00,99.2,180.7,103.4,1.923,25.0,59,0.38888888888888884,153,Moderate
2025-10-15 00:00:00,100.4,189.1,102.0,1.901,24.3,61,0.25,154,Moderate
2025-10-15 01:00:00,99.9,195.6,99.0,1.84,23.5,64,0.08333333333333333,154,Moderate
2025-10-15 02:00:00,98.0,201.6,95.7,1.78,22.2,68,0.16666666666666666,155,Moderate
2025-10-15 03:00:00,96.4,208.6,92.0,1.703,21.2,73,0.4722222222222222,156,Moderate
2025-10-15 04:00:00,95.9,217.0,87.9,1.626,20.6,75,0.5277777777777778,156,Moderate
2025-10-15 05:00:00,99.2,209.1,90.5,1.636,20.8,81,0.6388888888888888,157,Moderate
2025-10-15 06:00:00,106.4,223.1,90.0,1.878,20.9,80,0.3611111111111111,158,Moderate
2025-10-15 07:00:00,118.3,214.7,88.4,2.207,22.2,74,0.9166666666666666,158,Moderate
2025-10-15 08:00:00,95.2,182.1,80.5,2.272,24.5,63,0.5555555555555556,159,Moderate
2025-10-15 09:00:00,70.8,190.0,60.2,1.806,27.0,53,0.5,160,Moderate
2025-10-15 10:00:00,51.2,157.9,33.5,1.077,29.1,43,0.4444444444444445,160,Moderate
2025-10-15 11:00:00,31.4,86.6,13.7,0.531,30.5,30,1.2222222222222223,160,Moderate
2025-10-15 12:00:00,30.5,76.8,6.6,0.374,31.5,29,1.25,160,Moderate
2025-10-15 13:00:00,31.2,76.4,6.3,0.401,31.9,28,1.472222222222222,160,Moderate
2025-10-15 14:00:00,32.0,76.4,8.5,0.447,31.9,28,1.8611111111111112,160,Moderate
2025-10-15 15:00:00,32.4,76.4,11.9,0.432,31.5,28,2.2222222222222223,160,Moderate
2025-10-15 16:00:00,33.4,74.7,17.7,0.436,30.7,28,2.5555555555555554,159,Moderate
2025-10-15 17:00:00,38.3,86.8,25.9,0.533,29.4,31,2.2222222222222223,162,Moderate
2025-10-15 18:00:00,49.0,93.8,37.4,0.799,27.5,41,1.0555555555555556,171,Moderate
2025-10-15 19:00:00,56.3,108.7,53.2,1.158,26.7,50,0.8055555555555555,168,Moderate
2025-10-15 20:00:00,61.5,122.5,65.0,1.452,26.0,51,0.4722222222222222,159,Moderate
2025-10-15 21:00:00,64.0,129.9,69.2,1.643,25.6,52,0.3333333333333333,158,Moderate
2025-10-15 22:00:00,66.6,138.3,69.4,1.769,25.4,53,0.16666666666666666,158,Moderate
2025-10-15 23:00:00,65.2,146.7,68.0,1.789,24.8,56,0.08333333333333333,157,Moderate
2025-10-16 00:00:00,63.3,156.0,64.9,1.637,23.4,60,0.1388888888888889,156,Moderate
2025-10-16 01:00:00,63.1,165.8,60.2,1.378,22.5,64,0.4722222222222222,156,Moderate
2025-10-16 02:00:00,62.9,172.8,56.2,1.165,22.0,67,0.9166666666666666,155,Moderate
2025-10-16 03:00:00,62.4,178.3,53.8,1.019,21.4,67,1.1944444444444444,154,Moderate
2025-10-16 04:00:00,61.5,182.5,52.1,0.918,20.9,68,1.3333333333333333,153,Moderate
2025-10-16 05:00:00,73.8,177.9,69.2,0.951,20.5,76,1.25,153,Moderate
2025-10-16 06:00:00,71.9,167.6,67.6,1.283,20.8,74,1.1111111111111112,152,Moderate
2025-10-16 07:00:00,75.2,157.4,64.7,1.748,22.3,66,1.4444444444444444,151,Moderate
2025-10-16 08:00:00,68.7,139.7,57.8,1.94,24.5,60,0.9444444444444444,150,Moderate
2025-10-16 09:00:00,53.7,147.6,42.9,1.577,27.1,49,1.0,148,Moderate
2025-10-16 10:00:00,47.6,158.8,24.0,0.94,29.1,41,1.0,147,Moderate
2025-10-16 11:00:00,43.5,153.7,10.1,0.466,30.2,36,1.472222222222222,146,Moderate
2025-10-16 12:00:00,42.8,140.2,5.1,0.347,30.9,35,1.5277777777777777,147,Moderate
2025-10-16 13:00:00,43.8,132.2,5.0,0.391,31.2,35,1.5555555555555554,149,Moderate
2025-10-16 14:00:00,44.4,124.8,7.6,0.457,31.3,36,1.6944444444444442,150,Moderate
2025-10-16 15:00:00,45.2,119.2,11.6,0.487,31.0,37,1.75,150,Moderate
2025-10-16 16:00:00,47.1,112.9,18.3,0.54,30.4,38,1.9166666666666667,151,Moderate
2025-10-16 17:00:00,46.9,121.5,25.2,0.653,29.4,39,1.75,169,Moderate
2025-10-16 18:00:00,60.3,127.1,39.0,0.879,27.5,52,0.888888888888889,179,Moderate
2025-10-16 19:00:00,69.6,139.7,57.8,1.165,26.9,58,0.7777777777777777,176,Moderate
2025-10-16 20:00:00,73.3,148.1,70.1,1.387,26.3,57,0.6111111111111112,159,Moderate
2025-10-16 21:00:00,73.3,153.2,70.4,1.51,25.9,58,0.38888888888888884,152,Moderate
2025-10-16 22:00:00,71.7,156.5,64.3,1.569,25.4,59,0.22222222222222224,152,Moderate
2025-10-16 23:00:00,68.5,163.0,57.2,1.543,24.9,62,0.22222222222222224,152,Moderate
2025-10-17 00:00:00,64.3,171.4,50.0,1.377,24.0,64,0.25,152,Moderate
2025-10-17 01:00:00,62.4,177.0,42.0,1.127,23.5,65,0.3055555555555556,152,Moderate
2025-10-17 02:00:00,60.8,181.1,36.0,0.933,22.5,69,0.6111111111111112,152,Moderate
2025-10-17 03:00:00,59.8,185.3,33.1,0.832,21.6,72,0.8611111111111112,152,Moderate
2025-10-17 04:00:00,59.6,189.5,32.3,0.788,20.9,75,1.1666666666666667,152,Moderate
2025-10-17 05:00:00,64.7,206.3,33.0,0.835,21.2,72,1.472222222222222,152,Moderate
2025-10-17 06:00:00,67.8,194.6,37.8,1.078,21.2,72,1.2777777777777777,152,Moderate
2025-10-17 07:00:00,73.8,177.0,44.0,1.411,22.4,66,1.472222222222222,152,Moderate
2025-10-17 08:00:00,68.5,160.7,45.0,1.553,24.5,58,0.8611111111111112,152,Moderate
2025-10-17 09:00:00,57.3,164.8,36.0,1.311,27.1,52,0.8611111111111112,152,Moderate
2025-10-17 10:00:00,50.4,161.6,21.8,0.877,29.5,47,1.0833333333333333,152,Moderate
2025-10-17 11:00:00,45.1,153.7,11.0,0.55,30.6,42,1.5277777777777777,152,Moderate
2025-10-17 12:00:00,43.5,151.3,6.6,0.458,31.3,40,1.5555555555555554,152,Moderate
2025-10-17 13:00:00,44.0,148.5,5.5,0.471,31.8,39,1.8055555555555556,152,Moderate
2025-10-17 14:00:00,44.1,143.9,6.9,0.501,31.9,37,2.0277777777777777,152,Moderate
2025-10-17 15:00:00,44.4,142.0,10.6,0.466,31.7,36,2.055555555555556,152,Moderate
2025-10-17 16:00:00,46.0,142.0,16.7,0.448,31.1,37,2.055555555555556,154,Moderate
2025-10-17 17:00:00,51.5,144.8,26.2,0.6,30.5,36,2.0,172,Moderate
2025-10-17 18:00:00,65.4,156.0,42.3,1.068,29.0,43,0.9444444444444444,179,Moderate
2025-10-17 19:00:00,77.3,177.9,64.4,1.706,28.1,53,0.41666666666666663,174,Moderate
2025-10-17 20:00:00,85.9,202.6,79.4,2.232,27.1,55,0.7222222222222222,156,Moderate
2025-10-17 21:00:00,92.0,228.2,81.5,2.589,26.5,56,0.7777777777777777,153,Moderate
2025-10-17 22:00:00,92.0,243.1,76.7,2.835,25.9,59,0.8055555555555555,153,Moderate
2025-10-17 23:00:00,86.6,262.6,69.6,2.859,25.5,62,1.0555555555555556,153,Moderate
2025-10-18 00:00:00,82.2,284.1,60.3,2.518,24.5,64,0.9722222222222222,154,Moderate
2025-10-18 01:00:00,79.6,299.9,48.7,1.954,23.9,67,1.0,154,Moderate
2025-10-18 02:00:00,77.8,300.8,40.1,1.488,23.4,70,0.9444444444444444,155,Moderate
2025-10-18 03:00:00,76.6,298.0,36.4,1.22,22.9,71,0.9444444444444444,155,Moderate
2025-10-18 04:00:00,75.9,291.5,35.7,1.049,22.3,74,1.0,155,Moderate
2025-10-18 05:00:00,90.8,353.9,59.2,0.992,22.3,79,0.8611111111111112,156,Moderate
2025-10-18 06:00:00,91.5,324.1,60.3,1.145,22.3,77,1.0833333333333333,156,Moderate
2025-10-18 07:00:00,96.6,285.9,61.1,1.412,23.1,73,1.1944444444444444,157,Moderate
2025-10-18 08:00:00,87.5,242.1,57.2,1.523,25.0,64,0.8055555555555555,157,Moderate
2025-10-18 09:00:00,73.1,266.4,43.8,1.308,27.6,53,0.7222222222222222,158,Moderate
2025-10-18 10:00:00,61.2,253.3,25.7,0.937,29.9,44,0.7222222222222222,158,Moderate
2025-10-18 11:00:00,53.0,225.8,12.2,0.656,31.1,38,0.7222222222222222,158,Moderate
2025-10-18 12:00:00,50.8,204.4,7.1,0.571,32.5,33,0.7777777777777777,158,Moderate
2025-10-18 13:00:00,49.6,188.1,6.5,0.575,33.0,31,1.0,159,Moderate
2025-10-18 14:00:00,49.4,176.0,8.8,0.597,33.1,30,1.5,159,Moderate
2025-10-18 15:00:00,50.2,170.0,12.5,0.583,32.9,31,2.0277777777777777,159,Moderate
2025-10-18 16:00:00,51.8,157.4,19.1,0.586,32.0,34,2.1666666666666665,159,Moderate
2025-10-18 17:00:00,56.2,143.4,29.0,0.692,30.7,37,2.138888888888889,177,Moderate
2025-10-18 18:00:00,72.6,150.4,51.5,1.013,29.2,49,0.7222222222222222,187,Moderate
2025-10-18 19:00:00,86.1,159.3,82.6,1.437,28.8,53,0.11111111111111112,182,Moderate
2025-10-18 20:00:00,98.5,169.0,106.4,1.716,27.8,55,0.6666666666666666,162,Moderate
2025-10-18 21:00:00,109.0,182.1,115.6,1.731,27.1,54,0.7777777777777777,160,Moderate
2025-10-18 22:00:00,118.3,196.5,117.5,1.601,26.8,56,0.3055555555555556,160,Moderate
2025-10-18 23:00:00,125.3,210.5,117.8,1.435,26.0,63,0.3055555555555556,161,Moderate
2025-10-19 00:00:00,128.1,223.1,118.3,1.233,25.4,65,0.3055555555555556,162,Moderate
2025-10-19 01:00:00,128.1,235.6,117.3,0.995,24.8,68,0.38888888888888884,163,Moderate
2025-10-19 02:00:00,129.0,250.5,115.0,0.834,24.4,69,0.16666666666666666,164,Moderate
2025-10-19 03:00:00,129.5,264.5,110.9,0.765,23.4,73,0.08333333333333333,165,Moderate
2025-10-19 04:00:00,128.1,277.5,105.5,0.773,22.5,76,0.3055555555555556,166,Moderate
2025-10-19 05:00:00,108.0,278.5,80.2,0.923,22.5,82,0.05555555555555556,167,Moderate
2025-10-19 06:00:00,112.7,284.1,79.9,1.395,22.0,84,0.3333333333333333,168,Moderate
2025-10-19 07:00:00,121.5,268.2,78.8,2.009,23.3,78,0.3611111111111111,168,Moderate
2025-10-19 08:00:00,105.0,234.7,72.8,2.29,26.2,61,0.3333333333333333,169,Moderate
2025-10-19 09:00:00,84.3,232.4,57.3,1.915,28.9,49,0.25,169,Moderate
2025-10-19 10:00:00,65.7,224.4,37.0,1.208,30.9,40,0.11111111111111112,169,Moderate
2025-10-19 11:00:00,60.8,203.5,21.3,0.663,31.5,37,0.25,169,Moderate
2025-10-19 12:00:00,61.7,182.1,13.8,0.49,33.1,32,0.8333333333333333,169,Moderate
2025-10-19 13:00:00,61.9,169.0,11.1,0.48,33.5,31,1.3888888888888888,170,Moderate
2025-10-19 14:00:00,61.2,159.7,12.2,0.502,33.5,30,2.0277777777777777,170,Moderate
2025-10-19 15:00:00,60.5,151.8,17.0,0.473,33.2,30,2.4722222222222223,170,Moderate
2025-10-19 16:00:00,61.7,137.4,25.7,0.476,31.9,36,2.5833333333333335,170,Moderate
2025-10-19 17:00:00,69.8,133.2,49.1,0.632,30.5,35,1.9444444444444444,174,Moderate
2025-10-19 18:00:00,80.1,147.6,64.4,1.041,29.2,48,0.5555555555555556,182,Moderate
2025-10-19 19:00:00,92.4,158.8,85.5,1.602,28.5,51,0.5833333333333334,177,Moderate
2025-10-19 20:00:00,99.0,169.5,101.4,2.137,27.5,51,0.7222222222222222,171,Moderate
2025-10-19 21:00:00,106.2,183.9,106.7,2.638,27.0,53,0.8055555555555555,171,Moderate
2025-10-19 22:00:00,115.0,200.2,106.8,3.113,26.5,57,0.8333333333333333,171,Moderate
2025-10-19 23:00:00,122.5,216.5,106.4,3.1689999999999996,26.5,58,0.41666666666666663,171,Moderate
2025-10-20 00:00:00,126.2,229.1,106.7,3.1689999999999996,26.1,60,0.16666666666666666,171,Moderate
2025-10-20 01:00:00,129.5,239.3,106.6,3.1689999999999996,25.1,63,0.08333333333333333,171,Moderate
2025-10-20 02:00:00,131.8,247.7,107.4,2.969,23.9,66,0.3611111111111111,171,Moderate
2025-10-20 03:00:00,133.6,255.2,110.7,2.796,23.5,70,0.0,171,Moderate
2025-10-20 04:00:00,136.4,262.6,114.8,2.62,22.8,71,0.5,171,Moderate
2025-10-20 05:00:00,118.5,261.7,95.7,2.51,22.7,79,0.16666666666666666,171,Moderate
2025-10-20 06:00:00,126.7,270.1,93.4,2.587,22.4,80,0.6388888888888888,172,Moderate
2025-10-20 07:00:00,136.0,253.3,89.4,2.731,23.6,72,0.5833333333333334,172,Moderate
2025-10-20 08:00:00,106.4,204.0,80.5,2.652,25.6,64,0.5555555555555556,172,Moderate
2025-10-20 09:00:00,75.4,205.4,62.2,2.121,28.0,53,0.6388888888888888,172,Moderate
2025-10-20 10:00:00,63.3,214.2,39.1,1.367,30.0,43,1.0,172,Moderate
2025-10-20 11:00:00,56.5,202.1,21.2,0.782,31.6,36,1.6944444444444442,172,Moderate
2025-10-20 12:00:00,52.3,177.9,12.6,0.534,32.7,32,1.8611111111111112,172,Moderate
2025-10-20 13:00:00,48.3,156.0,9.3,0.456,33.0,30,1.972222222222222,172,Moderate
2025-10-20 14:00:00,46.0,141.1,9.7,0.441,32.8,29,1.9166666666666667,171,Moderate
2025-10-20 15:00:00,44.2,129.5,13.8,0.443,32.5,30,1.8333333333333333,171,Moderate
2025-10-20 16:00:00,44.7,115.9,21.6,0.507,31.9,31,1.8055555555555556,171,Moderate
2025-10-20 17:00:00,54.2,123.9,27.2,0.666,30.7,37,2.138888888888889,170,Moderate
2025-10-20 18:00:00,61.5,117.1,35.0,0.966,29.6,42,1.5555555555555554,170,Moderate
2025-10-20 19:00:00,64.5,113.9,45.9,1.36,28.8,46,1.25,170,Moderate
2025-10-20 20:00:00,66.6,111.8,54.1,1.737,27.8,51,1.0555555555555556,169,Moderate
2025-10-20 21:00:00,70.1,112.2,57.2,2.112,27.0,54,1.0,168,Moderate
2025-10-20 22:00:00,73.3,110.8,57.8,2.469,25.9,59,0.8611111111111112,168,Moderate
2025-10-20 23:00:00,75.4,107.3,57.8,2.649,25.1,65,0.9722222222222222,167,Moderate
2025-10-21 00:00:00,77.3,108.3,58.0,2.52,24.5,69,0.8611111111111112,166,Moderate
2025-10-21 01:00:00,79.9,111.8,57.7,2.214,24.0,72,0.9166666666666666,164,Moderate
2025-10-21 02:00:00,82.4,114.3,57.0,1.968,23.6,74,0.9444444444444444,163,Moderate
2025-10-21 03:00:00,83.8,113.2,55.5,1.881,23.3,75,0.9444444444444444,162,Moderate
2025-10-21 04:00:00,83.6,112.9,53.7,1.852,22.9,77,0.9722222222222222,161,Moderate
2025-10-21 05:00:00,70.1,112.5,29.4,1.821,23.3,76,1.5555555555555554,160,Moderate
2025-10-21 06:00:00,77.5,106.2,36.1,1.8,23.7,75,1.5,159,Moderate
2025-10-21 07:00:00,86.1,111.1,44.8,1.777,24.2,75,1.0833333333333333,158,Moderate
2025-10-21 08:00:00,84.5,109.4,47.9,1.645,25.9,66,0.5277777777777778,157,Moderate
2025-10-21 09:00:00,79.9,109.7,40.1,1.293,28.5,53,0.9444444444444444,156,Moderate
2025-10-21 10:00:00,75.0,102.9,26.7,0.834,30.2,44,1.5,156,Moderate
2025-10-21 11:00:00,69.6,100.6,16.0,0.5,29.8,42,2.4722222222222223,157,Moderate
2025-10-21 12:00:00,63.6,94.1,10.6,0.405,30.5,39,1.3888888888888888,157,Moderate
2025-10-21 13:00:00,62.4,89.9,7.8,0.436,30.8,37,1.6666666666666665,157,Moderate
2025-10-21 14:00:00,61.2,87.3,8.1,0.488,30.6,38,2.055555555555556,158,Moderate
2025-10-21 15:00:00,61.2,79.9,12.0,0.515,30.4,38,1.611111111111111,158,Moderate
2025-10-21 16:00:00,63.8,82.4,19.0,0.562,29.9,39,1.472222222222222,158,Moderate
2025-10-21 17:00:00,93.4,117.3,40.1,0.666,29.8,40,0.19444444444444442,163,Moderate
2025-10-21 18:00:00,106.6,130.4,56.3,0.849,28.2,51,0.8055555555555555,172,Moderate
2025-10-21 19:00:00,125.7,144.4,78.5,1.089,26.9,62,0.9722222222222222,167,Moderate
2025-10-21 20:00:00,134.1,149.5,94.7,1.349,25.9,71,0.8611111111111112,162,Moderate
2025-10-21 21:00:00,137.8,154.6,99.0,1.651,25.1,78,0.4722222222222222,163,Moderate
2025-10-21 22:00:00,141.6,156.5,97.2,1.973,24.4,80,0.6666666666666666,165,Moderate
2025-10-21 23:00:00,143.4,157.9,94.8,2.217,25.3,80,0.16666666666666666,166,Moderate
2025-10-22 00:00:00,143.4,157.9,93.2,2.34,24.5,83,0.5555555555555556,168,Moderate
2025-10-22 01:00:00,143.0,157.4,90.9,2.384,24.0,86,0.8055555555555555,169,Moderate
2025-10-22 02:00:00,144.4,159.3,89.0,2.375,23.5,89,0.6388888888888888,171,Moderate
2025-10-22 03:00:00,147.1,162.5,88.2,2.27,23.0,90,0.16666666666666666,172,Moderate
2025-10-22 04:00:00,149.9,166.2,87.8,2.112,22.5,93,0.5833333333333334,173,Moderate
2025-10-22 05:00:00,158.3,178.3,97.2,2.059,22.5,94,0.3055555555555556,175,Moderate
2025-10-22 06:00:00,159.3,178.8,94.2,2.296,22.3,96,0.08333333333333333,177,Moderate
2025-10-22 07:00:00,166.2,185.8,89.1,2.636,22.9,94,0.9722222222222222,179,Moderate
2025-10-22 08:00:00,150.4,174.2,79.0,2.68,25.0,84,1.027777777777778,180,Moderate
2025-10-22 09:00:00,116.6,164.8,58.9,2.123,27.9,66,1.0555555555555556,182,Moderate
2025-10-22 10:00:00,98.7,163.4,33.6,1.269,29.9,51,1.0555555555555556,183,Moderate
2025-10-22 11:00:00,85.2,138.3,14.9,0.629,30.9,45,1.5833333333333333,183,Moderate
2025-10-22 12:00:00,78.7,122.0,7.8,0.432,31.8,39,1.5277777777777777,183,Moderate
2025-10-22 13:00:00,75.9,117.1,7.1,0.448,32.4,33,1.8055555555555556,184,Moderate
2025-10-22 14:00:00,74.3,117.8,9.1,0.5,32.3,31,1.8888888888888888,184,Moderate
2025-10-22 15:00:00,73.1,122.9,12.9,0.536,32.1,30,2.0277777777777777,184,Moderate
2025-10-22 16:00:00,74.3,131.8,19.3,0.609,31.2,34,2.4722222222222223,185,Moderate
2025-10-22 17:00:00,85.7,163.0,33.9,0.698,30.4,34,2.5,185,Moderate
2025-10-22 18:00:00,88.0,169.0,37.3,0.815,29.1,37,2.138888888888889,185,Moderate
2025-10-22 19:00:00,84.1,187.2,41.8,0.947,28.2,39,1.5,184,Moderate
2025-10-22 20:00:00,78.0,212.3,44.4,1.039,27.3,41,1.1944444444444444,183,Moderate
2025-10-22 21:00:00,77.3,246.8,43.7,1.071,26.8,41,1.3888888888888888,182,Moderate
2025-10-22 22:00:00,76.4,278.5,41.0,1.062,26.0,44,1.6388888888888888,181,Moderate
2025-10-22 23:00:00,75.9,302.7,37.7,1.011,25.4,51,1.6388888888888888,179,Moderate
2025-10-23 00:00:00,74.0,305.5,33.4,0.89,24.6,51,1.6944444444444442,178,Moderate
2025-10-23 01:00:00,72.2,290.6,28.5,0.727,23.9,52,1.6666666666666665,176,Moderate
2025-10-23 02:00:00,70.8,268.2,25.2,0.611,23.2,52,1.611111111111111,175,Moderate
2025-10-23 03:00:00,68.7,240.3,24.2,0.561,22.5,54,1.3611111111111112,173,Moderate
2025-10-23 04:00:00,65.9,206.8,24.8,0.558,21.8,56,1.4166666666666665,171,Moderate
2025-10-23 05:00:00,64.7,230.5,20.6,0.632,21.8,64,1.3333333333333333,170,Moderate
2025-10-23 06:00:00,69.6,228.2,26.7,0.879,21.5,64,1.5555555555555554,168,Moderate
2025-10-23 07:00:00,77.1,226.3,34.9,1.202,21.9,64,1.8055555555555556,166,Moderate
2025-10-23 08:00:00,79.4,206.3,38.4,1.346,23.7,58,1.1388888888888888,164,Moderate
2025-10-23 09:00:00,77.5,197.4,33.0,1.132,26.5,50,1.1944444444444444,162,Moderate
2025-10-23 10:00:00,63.1,145.3,23.1,0.738,28.9,44,1.611111111111111,161,Moderate
2025-10-23 11:00:00,52.2,99.7,14.8,0.442,30.9,34,2.111111111111111,160,Moderate
2025-10-23 12:00:00,40.7,77.8,9.5,0.36,31.6,29,2.111111111111111,160,Moderate
2025-10-23 13:00:00,36.9,75.0,5.8,0.376,31.9,27,2.0,159,Moderate
2025-10-23 14:00:00,36.2,78.2,6.2,0.423,32.1,26,2.0,158,Moderate
2025-10-23 15:00:00,37.0,85.2,13.1,0.483,31.8,26,2.111111111111111,157,Moderate
2025-10-23 16:00:00,39.7,96.2,24.0,0.575,30.9,27,2.4722222222222223,156,Moderate
2025-10-23 17:00:00,58.1,117.8,38.2,0.683,29.9,27,2.2777777777777777,156,Moderate
2025-10-23 18:00:00,63.8,134.1,40.2,0.81,28.8,30,2.055555555555556,155,Moderate
2025-10-23 19:00:00,66.1,152.3,43.0,0.954,28.0,31,1.472222222222222,155,Moderate
2025-10-23 20:00:00,66.8,159.7,45.8,1.098,26.9,37,1.027777777777778,154,Moderate
2025-10-23 21:00:00,68.9,159.7,48.6,1.256,26.5,40,0.4444444444444445,154,Moderate
2025-10-23 22:00:00,71.9,166.7,51.4,1.413,25.8,41,0.5555555555555556,154,Moderate
2025-10-23 23:00:00,72.2,171.4,52.9,1.507,24.9,51,1.027777777777778,154,Moderate
2025-10-24 00:00:00,70.5,171.8,51.9,1.501,23.7,55,0.5277777777777778,154,Moderate
2025-10-24 01:00:00,71.2,173.2,49.6,1.432,23.0,58,0.6111111111111112,153,Moderate
2025-10-24 02:00:00,74.0,175.1,48.8,1.349,22.4,59,1.1944444444444444,153,Moderate
2025-10-24 03:00:00,76.8,176.0,51.0,1.229,22.0,59,1.3888888888888888,154,Moderate
2025-10-24 04:00:00,79.2,177.0,54.6,1.095,21.2,61,1.25,154,Moderate
2025-10-24 05:00:00,104.5,238.4,76.7,1.07,21.2,68,1.5555555555555554,154,Moderate
2025-10-24 06:00:00,108.3,240.3,74.5,1.299,21.0,68,1.2777777777777777,155,Moderate
2025-10-24 07:00:00,114.3,219.3,70.7,1.637,21.5,66,1.1666666666666667,156,Moderate
2025-10-24 08:00:00,98.7,174.6,63.0,1.77,23.7,58,0.3611111111111111,157,Moderate
2025-10-24 09:00:00,76.4,160.7,47.5,1.487,26.6,46,0.3333333333333333,157,Moderate
2025-10-24 10:00:00,60.1,146.2,28.1,0.999,29.1,37,0.5,157,Moderate
2025-10-24 11:00:00,51.6,132.2,13.5,0.62,30.8,26,0.8055555555555555,157,Moderate
2025-10-24 12:00:00,49.9,119.2,7.2,0.474,31.8,24,1.3055555555555556,157,Moderate
2025-10-24 13:00:00,48.8,110.1,5.8,0.436,32.0,23,1.9166666666666667,157,Moderate
2025-10-24 14:00:00,48.2,104.1,7.9,0.455,31.8,23,2.388888888888889,157,Moderate
2025-10-24 15:00:00,48.2,99.7,13.5,0.449,31.3,24,2.694444444444444,158,Moderate
2025-10-24 16:00:00,49.9,96.9,22.6,0.499,30.5,25,2.4722222222222223,158,Moderate
2025-10-24 17:00:00,66.1,100.6,45.0,0.79,29.6,26,1.4444444444444444,158,Moderate
2025-10-24 18:00:00,78.0,110.8,53.8,1.571,28.4,36,0.38888888888888884,158,Moderate
2025-10-24 19:00:00,88.5,115.9,66.0,2.592,27.2,47,0.0,159,Moderate
2025-10-24 20:00:00,92.9,117.6,75.8,3.1689999999999996,25.6,45,0.6666666666666666,159,Moderate
2025-10-24 21:00:00,98.7,124.8,80.8,3.1689999999999996,25.1,49,0.3333333333333333,160,Moderate
2025-10-24 22:00:00,104.1,134.1,83.3,3.1689999999999996,24.8,51,0.3055555555555556,160,Moderate
2025-10-24 23:00:00,106.4,142.0,84.7,2.94,24.4,51,0.4722222222222222,161,Moderate
2025-10-25 00:00:00,106.9,147.6,85.0,2.45,23.7,50,1.1388888888888888,162,Moderate
2025-10-25 01:00:00,108.3,154.6,84.2,1.824,23.2,51,1.25,162,Moderate
2025-10-25 02:00:00,110.1,162.1,83.5,1.359,22.4,56,1.027777777777778,163,Moderate
2025-10-25 03:00:00,112.0,169.0,83.5,1.151,21.8,58,0.6111111111111112,164,Moderate
2025-10-25 04:00:00,113.9,175.6,83.5,1.105,20.8,61,0.75,165,Moderate
2025-10-25 05:00:00,139.2,186.3,97.2,1.231,20.5,75,0.6111111111111112,166,Moderate
2025-10-25 06:00:00,147.1,195.6,92.0,1.718,20.3,77,0.22222222222222224,166,Moderate
2025-10-25 07:00:00,151.8,192.8,84.2,2.378,21.2,70,0.22222222222222224,167,Moderate
2025-10-25 08:00:00,127.6,169.0,72.9,2.655,23.5,61,0.4722222222222222,168,Moderate
2025-10-25 09:00:00,98.0,152.7,55.1,2.161,26.6,47,0.4722222222222222,169,Moderate
2025-10-25 10:00:00,77.1,143.9,33.8,1.284,29.0,37,0.8055555555555555,169,Moderate
2025-10-25 11:00:00,62.6,128.5,17.7,0.633,30.0,30,0.5277777777777778,170,Moderate
2025-10-25 12:00:00,54.1,111.1,9.7,0.481,31.3,27,0.6944444444444444,170,Moderate
2025-10-25 13:00:00,52.5,104.5,6.8,0.555,31.8,27,1.027777777777778,170,Moderate
2025-10-25 14:00:00,51.6,100.1,9.1,0.642,31.8,27,1.4166666666666665,170,Moderate
2025-10-25 15:00:00,50.9,95.5,17.8,0.623,31.2,29,1.972222222222222,170,Moderate
2025-10-25 16:00:00,52.6,90.3,31.6,0.617,30.1,31,2.4722222222222223,170,Moderate
2025-10-25 17:00:00,78.9,121.5,49.5,0.774,28.5,34,2.1666666666666665,170,Moderate
2025-10-25 18:00:00,91.5,129.9,64.0,1.264,27.5,36,1.6388888888888888,170,Moderate
2025-10-25 19:00:00,103.6,138.3,84.2,1.916,26.2,42,0.75,171,Moderate
2025-10-25 20:00:00,115.0,149.9,100.3,2.371,25.5,46,0.3055555555555556,171,Moderate
2025-10-25 21:00:00,126.2,162.1,108.9,2.453,24.6,50,0.2777777777777778,172,Moderate
2025-10-25 22:00:00,133.6,170.0,113.4,2.337,23.4,55,0.5,172,Moderate
2025-10-25 23:00:00,136.4,172.3,114.9,2.193,23.0,60,0.4444444444444445,173,Moderate
2025-10-26 00:00:00,136.0,171.8,112.8,2.064,22.4,61,0.3055555555555556,173,Moderate
2025-10-26 01:00:00,135.5,171.4,107.7,1.907,21.6,63,0.3611111111111111,174,Moderate
2025-10-26 02:00:00,135.5,171.4,102.2,1.758,20.5,65,1.0,175,Moderate
2025-10-26 03:00:00,136.4,174.2,97.0,1.565,20.0,65,1.5,175,Moderate
2025-10-26 04:00:00,139.7,178.8,91.5,1.379,19.2,70,1.1388888888888888,176,Moderate
2025-10-26 05:00:00,139.2,175.6,76.2,1.396,18.7,74,0.9722222222222222,176,Moderate
2025-10-26 06:00:00,141.6,175.1,76.1,1.883,18.4,76,1.0833333333333333,176,Moderate
2025-10-26 07:00:00,148.1,178.8,75.2,2.572,19.6,69,1.3888888888888888,176,Moderate
2025-10-26 08:00:00,128.5,159.7,69.4,2.854,22.2,60,0.6111111111111112,176,Moderate
2025-10-26 09:00:00,103.1,136.4,54.2,2.315,25.1,49,0.6944444444444444,176,Moderate
2025-10-26 10:00:00,76.4,110.8,34.1,1.369,27.8,38,0.9722222222222222,176,Moderate
2025-10-26 11:00:00,55.6,91.5,18.7,0.645,29.5,32,0.9722222222222222,176,Moderate
2025-10-26 12:00:00,49.6,91.5,10.9,0.398,30.8,26,0.75,176,Moderate
2025-10-26 13:00:00,47.1,86.8,7.7,0.374,31.4,24,1.1666666666666667,176,Moderate
2025-10-26 14:00:00,46.4,83.8,9.8,0.433,31.5,23,1.6388888888888888,176,Moderate
2025-10-26 15:00:00,47.0,82.4,18.8,0.548,31.2,23,1.9444444444444444,176,Moderate
2025-10-26 16:00:00,51.1,81.3,33.2,0.747,30.3,25,1.8888888888888888,176,Moderate
2025-10-26 17:00:00,63.8,88.5,59.9,0.979,28.9,35,1.6666666666666665,176,Moderate
2025-10-26 18:00:00,78.5,104.8,70.2,1.226,27.4,42,1.25,175,Moderate
2025-10-26 19:00:00,95.0,121.1,84.6,1.506,26.0,48,0.8055555555555555,175,Moderate
2025-10-26 20:00:00,105.9,132.7,96.1,1.819,25.1,54,0.5555555555555556,175,Moderate
2025-10-26 21:00:00,115.0,144.4,102.2,2.261,24.3,57,0.38888888888888884,175,Moderate
2025-10-26 22:00:00,121.5,151.8,105.4,2.736,23.6,62,0.19444444444444442,174,Moderate
2025-10-26 23:00:00,121.1,150.9,107.1,2.956,23.0,62,0.5,174,Moderate
2025-10-27 00:00:00,117.6,145.3,107.3,2.695,22.1,64,0.888888888888889,174,Moderate
2025-10-27 01:00:00,115.3,142.0,105.9,2.179,21.4,66,1.027777777777778,173,Moderate
2025-10-27 02:00:00,116.4,143.0,104.1,1.796,21.0,68,1.0833333333333333,173,Moderate
2025-10-27 03:00:00,119.7,146.2,102.5,1.717,20.4,72,0.7777777777777777,173,Moderate
2025-10-27 04:00:00,123.4,150.4,100.5,1.77,19.6,76,0.8611111111111112,172,Moderate
2025-10-27 05:00:00,112.9,135.0,96.2,1.834,19.1,78,0.7777777777777777,172,Moderate
2025-10-27 06:00:00,124.3,147.1,91.6,1.925,18.6,80,0.8611111111111112,171,Moderate
2025-10-27 07:00:00,137.8,156.5,84.6,2.027,19.8,74,1.2222222222222223,171,Moderate
2025-10-27 08:00:00,116.6,143.4,73.8,1.961,22.4,63,0.7777777777777777,171,Moderate
2025-10-27 09:00:00,89.2,122.0,55.7,1.564,25.5,50,0.8611111111111112,170,Moderate
2025-10-27 10:00:00,70.5,113.9,33.8,0.999,28.2,40,1.0555555555555556,170,Moderate
2025-10-27 11:00:00,67.5,140.6,17.9,0.583,29.1,40,1.75,170,Moderate
2025-10-27 12:00:00,64.3,142.5,11.3,0.452,30.2,35,1.777777777777778,170,Moderate
2025-10-27 13:00:00,61.5,130.4,10.7,0.47,30.1,34,2.0833333333333335,171,Moderate
2025-10-27 14:00:00,60.1,121.5,15.1,0.545,29.2,37,2.4444444444444446,171,Moderate
2025-10-27 15:00:00,60.1,120.1,27.3,0.68,26.1,49,3.6944444444444446,171,Moderate
2025-10-27 16:00:00,64.5,119.7,44.6,0.873,24.8,47,1.8888888888888888,171,Moderate
2025-10-27 17:00:00,68.9,226.3,31.3,1.025,26.5,46,2.7222222222222223,172,Moderate
2025-10-27 18:00:00,72.4,246.8,32.5,1.091,25.1,51,2.8055555555555554,172,Moderate
2025-10-27 19:00:00,72.2,232.8,34.2,1.117,24.1,59,2.4444444444444446,172,Moderate
2025-10-27 20:00:00,70.5,200.2,35.6,1.144,23.5,63,1.8888888888888888,171,Moderate
2025-10-27 21:00:00,71.0,173.7,36.6,1.197,23.0,67,1.6944444444444442,170,Moderate
2025-10-27 22:00:00,73.3,157.4,37.4,1.251,22.7,69,1.4444444444444444,169,Moderate
2025-10-27 23:00:00,75.9,143.0,37.8,1.278,22.3,73,1.5833333333333333,168,Moderate
2025-10-28 00:00:00,78.7,135.0,37.2,1.249,22.1,74,1.1111111111111112,167,Moderate
2025-10-28 01:00:00,82.2,131.3,36.3,1.193,21.9,76,0.888888888888889,167,Moderate
2025-10-28 02:00:00,86.4,132.2,37.1,1.162,21.6,78,0.6388888888888888,166,Moderate
2025-10-28 03:00:00,91.0,135.5,41.4,1.156,21.4,81,0.2777777777777778,165,Moderate
2025-10-28 04:00:00,95.2,136.9,47.4,1.176,21.4,78,0.8611111111111112,165,Moderate
2025-10-28 05:00:00,95.9,133.6,43.3,1.276,21.6,79,0.75,164,Moderate
2025-10-28 06:00:00,103.8,138.3,42.8,1.577,21.5,80,1.0,164,Moderate
2025-10-28 07:00:00,110.6,136.0,41.9,1.959,21.5,80,0.9444444444444444,163,Moderate
2025-10-28 08:00:00,89.9,113.2,39.3,2.115,22.2,76,0.9166666666666666,163,Moderate
2025-10-28 09:00:00,68.7,88.9,33.7,1.835,23.0,72,1.0555555555555556,162,Moderate
2025-10-28 10:00:00,54.8,74.7,26.5,1.329,23.8,68,0.75,161,Moderate
2025-10-28 11:00:00,48.1,72.4,20.4,0.92,25.1,62,0.25,161,Moderate
2025-10-28 12:00:00,48.7,80.3,15.7,0.726,25.6,56,0.6388888888888888,161,Moderate
2025-10-28 13:00:00,48.9,86.4,12.1,0.63,26.5,53,1.25,160,Moderate
2025-10-28 14:00:00,47.3,88.5,11.5,0.597,26.8,52,1.3611111111111112,160,Moderate
2025-10-28 15:00:00,45.8,87.5,15.0,0.591,27.0,51,1.2222222222222223,160,Moderate
2025-10-28 16:00:00,46.7,84.3,21.5,0.649,26.7,53,1.1944444444444444,159,Moderate
2025-10-28 17:00:00,55.6,91.5,36.4,0.852,25.3,64,1.5,159,Moderate
2025-10-28 18:00:00,68.9,96.2,48.7,1.35,24.1,71,1.3888888888888888,159,Moderate
2025-10-28 19:00:00,80.1,105.7,65.6,1.992,23.5,75,1.5833333333333333,159,Moderate
2025-10-28 20:00:00,87.1,112.2,78.9,2.416,22.9,79,1.5,159,Moderate
2025-10-28 21:00:00,92.9,117.3,84.7,2.415,22.5,82,1.472222222222222,159,Moderate
2025-10-28 22:00:00,98.3,122.9,86.9,2.194,22.0,86,0.6111111111111112,160,Moderate
2025-10-28 23:00:00,101.5,128.1,87.9,2.005,21.8,84,1.1111111111111112,160,Moderate
2025-10-29 00:00:00,105.9,135.0,89.0,1.962,21.4,86,0.6111111111111112,161,Moderate
2025-10-29 01:00:00,111.5,143.0,89.1,1.95,21.2,88,0.3333333333333333,161,Moderate
2025-10-29 02:00:00,114.6,144.4,87.1,1.879,21.0,87,0.4722222222222222,162,Moderate
2025-10-29 03:00:00,110.8,136.0,81.9,1.665,20.8,88,0.6111111111111112,163,Moderate
2025-10-29 04:00:00,105.2,126.7,74.8,1.392,20.5,89,0.8055555555555555,163,Moderate
2025-10-29 05:00:00,94.5,149.0,50.0,1.219,20.2,92,1.1388888888888888,163,Moderate
2025-10-29 06:00:00,97.1,136.9,48.5,1.274,20.0,92,1.0,163,Moderate
2025-10-29 07:00:00,99.7,136.0,46.0,1.429,20.3,90,0.9444444444444444,163,Moderate
2025-10-29 08:00:00,96.2,131.8,41.6,1.459,22.4,78,0.9722222222222222,163,Moderate
2025-10-29 09:00:00,84.8,122.9,33.5,1.215,24.8,66,1.5833333333333333,163,Moderate
2025-10-29 10:00:00,72.2,122.9,23.4,0.846,26.8,57,2.388888888888889,163,Moderate
2025-10-29 11:00:00,72.6,153.2,15.6,0.568,27.5,56,2.388888888888889,164,Moderate
2025-10-29 12:00:00,72.9,157.4,10.9,0.476,28.1,54,1.8888888888888888,164,Moderate
2025-10-29 13:00:00,70.1,150.4,8.4,0.475,28.9,50,1.611111111111111,165,Moderate
2025-10-29 14:00:00,67.1,144.4,9.5,0.496,28.9,49,1.5555555555555554,165,Moderate
2025-10-29 15:00:00,66.1,145.3,15.0,0.509,28.8,49,1.6666666666666665,166,Moderate
2025-10-29 16:00:00,67.5,144.8,24.0,0.544,28.1,51,1.611111111111111,166,Moderate
2025-10-29 17:00:00,77.5,153.7,35.1,0.627,27.8,50,1.4444444444444444,167,Moderate
2025-10-29 18:00:00,90.1,171.8,45.4,0.79,27.0,53,1.4444444444444444,167,Moderate
2025-10-29 19:00:00,101.5,195.1,59.7,1.002,26.5,56,1.0833333333333333,168,Moderate
2025-10-29 20:00:00,109.9,221.7,70.8,1.192,25.9,63,0.6388888888888888,168,Moderate
2025-10-29 21:00:00,117.1,249.6,76.1,1.36,25.1,66,0.6388888888888888,169,Moderate
2025-10-29 22:00:00,123.4,275.7,78.2,1.508,24.5,65,0.9722222222222222,169,Moderate
2025-10-29 23:00:00,127.1,302.7,77.4,1.566,24.0,74,0.6388888888888888,170,Moderate
2025-10-30 00:00:00,129.9,326.0,72.7,1.47,23.5,72,0.9166666666666666,170,Moderate
2025-10-30 01:00:00,129.0,341.8,65.1,1.285,23.0,74,1.0,171,Moderate
2025-10-30 02:00:00,124.8,359.5,57.5,1.142,22.8,75,1.3055555555555556,171,Moderate
2025-10-30 03:00:00,120.6,366.9,49.5,1.052,22.3,77,1.4444444444444444,171,Moderate
2025-10-30 04:00:00,117.1,357.6,41.6,1.005,22.2,78,1.1388888888888888,172,Moderate
2025-10-30 05:00:00,91.5,170.0,26.4,1.1,22.5,81,1.3055555555555556,172,Moderate
2025-10-30 06:00:00,89.6,136.4,31.6,1.514,22.0,88,0.6388888888888888,172,Moderate
2025-10-30 07:00:00,92.4,119.2,38.5,2.07,22.7,82,0.3333333333333333,172,Moderate
2025-10-30 08:00:00,87.1,99.2,42.2,2.336,23.0,81,0.3611111111111111,171,Moderate
2025-10-30 09:00:00,78.7,85.2,39.2,2.032,24.8,74,0.41666666666666663,171,Moderate
2025-10-30 10:00:00,71.2,82.7,32.9,1.439,25.9,70,0.5555555555555556,171,Moderate
2025-10-30 11:00:00,69.4,82.0,28.4,0.965,27.5,65,1.1388888888888888,171,Moderate
2025-10-30 12:00:00,68.9,78.0,27.2,0.762,27.1,65,1.1111111111111112,171,Moderate
2025-10-30 13:00:00,69.8,78.0,27.8,0.678,27.0,64,1.2222222222222223,171,Moderate
2025-10-30 14:00:00,70.3,77.5,30.1,0.667,26.9,65,0.9166666666666666,171,Moderate
2025-10-30 15:00:00,70.8,77.1,33.3,0.684,26.5,66,0.8333333333333333,171,Moderate
2025-10-30 16:00:00,72.6,78.5,38.4,0.775,26.0,69,0.6111111111111112,171,Moderate
2025-10-30 17:00:00,83.6,87.3,50.7,1.025,25.2,73,0.75,171,Moderate
2025-10-30 18:00:00,103.4,106.9,69.8,1.579,24.9,77,0.888888888888889,171,Moderate
2025-10-30 19:00:00,121.5,124.8,96.3,2.294,24.0,85,0.888888888888889,172,Moderate
2025-10-30 20:00:00,137.8,141.6,117.4,2.824,23.6,89,1.5277777777777777,172,Moderate
2025-10-30 21:00:00,153.7,156.9,127.7,3.008,23.2,92,1.3888888888888888,173,Moderate
2025-10-30 22:00:00,164.4,167.2,132.5,3.007,23.0,94,1.1944444444444444,174,Moderate
2025-10-30 23:00:00,163.0,165.8,134.8,2.963,22.8,95,1.6388888888888888,174,Moderate
2025-10-31 00:00:00,161.1,163.4,134.8,2.911,22.7,95,1.3888888888888888,175,Moderate
2025-10-31 01:00:00,161.6,163.9,133.1,2.815,22.6,95,1.027777777777778,176,Moderate
2025-10-31 02:00:00,160.7,162.5,130.1,2.706,22.5,95,0.9444444444444444,177,Moderate
2025-10-31 03:00:00,159.7,162.1,127.1,2.614,22.3,96,0.6944444444444444,177,Moderate
2025-10-31 04:00:00,157.4,159.7,123.3,2.511,22.1,96,0.25,178,Moderate
2025-10-31 05:00:00,97.1,105.0,54.3,2.338,21.0,95,0.7222222222222222,179,Moderate
2025-10-31 06:00:00,102.7,112.5,52.0,2.043,21.1,98,0.25,179,Moderate
2025-10-31 07:00:00,108.7,121.1,48.5,1.68,22.1,94,1.1111111111111112,180,Moderate
2025-10-31 08:00:00,91.3,109.0,43.1,1.351,23.5,88,1.611111111111111,180,Moderate
2025-10-31 09:00:00,65.4,87.8,34.2,1.084,25.2,77,1.777777777777778,180,Moderate
2025-10-31 10:00:00,55.6,72.6,23.3,0.851,26.9,67,1.4166666666666665,180,Moderate
2025-10-31 11:00:00,56.5,73.8,14.9,0.671,27.9,64,1.0,179,Moderate
2025-10-31 12:00:00,56.1,76.4,10.2,0.555,29.0,58,1.0833333333333333,179,Moderate
2025-10-31 13:00:00,54.4,76.1,8.0,0.493,29.9,53,1.1111111111111112,179,Moderate
2025-10-31 14:00:00,53.3,76.6,8.4,0.473,30.1,50,1.1111111111111112,178,Moderate
2025-10-31 15:00:00,52.4,82.4,11.1,0.464,30.4,48,1.472222222222222,178,Moderate
2025-10-31 16:00:00,52.5,91.7,16.4,0.498,29.5,50,2.0277777777777777,178,Moderate
2025-10-31 17:00:00,84.8,120.1,37.2,0.661,28.5,57,0.8055555555555555,177,Moderate
2025-10-31 18:00:00,99.9,139.7,58.4,1.099,27.5,68,0.16666666666666666,177,Moderate
2025-10-31 19:00:00,117.3,160.2,87.2,1.667,26.5,71,0.75,177,Moderate
2025-10-31 20:00:00,126.2,170.0,105.1,2.017,26.0,71,1.1666666666666667,177,Moderate
2025-10-31 21:00:00,124.8,172.8,102.5,1.96,25.5,70,1.3611111111111112,177,Moderate
2025-10-31 22:00:00,120.1,183.0,89.0,1.685,24.9,72,1.4444444444444444,176,Moderate
2025-10-31 23:00:00,114.8,198.8,75.3,1.412,24.0,81,1.2222222222222223,175,Moderate
2025-11-01 00:00:00,109.9,210.9,64.0,1.194,23.6,80,1.25,174,Moderate
2025-11-01 01:00:00,107.8,223.5,52.6,0.978,23.0,82,1.1666666666666667,173,Moderate
2025-11-01 02:00:00,105.7,232.4,43.7,0.825,22.5,83,1.2222222222222223,172,Moderate
2025-11-01 03:00:00,104.8,236.6,38.5,0.742,22.0,85,1.3055555555555556,171,Moderate
2025-11-01 04:00:00,103.6,235.2,35.8,0.722,21.5,88,1.5277777777777777,169,Moderate
2025-11-01 05:00:00,116.4,273.8,50.2,0.801,21.1,93,1.1944444444444444,168,Moderate
2025-11-01 06:00:00,117.3,258.0,51.8,1.098,21.1,93,1.3333333333333333,169,Moderate
2025-11-01 07:00:00,122.5,237.5,53.4,1.493,21.6,89,1.6388888888888888,169,Moderate
2025-11-01 08:00:00,117.3,194.6,50.5,1.664,23.6,77,1.0,169,Moderate
2025-11-01 09:00:00,100.4,173.2,38.8,1.388,26.5,60,1.0,170,Moderate
2025-11-01 10:00:00,83.6,151.8,22.5,0.887,28.8,46,1.3611111111111112,171,Moderate
2025-11-01 11:00:00,71.9,119.2,10.3,0.506,30.2,35,2.1944444444444446,171,Moderate
2025-11-01 12:00:00,63.8,102.0,4.8,0.388,30.9,31,2.361111111111111,172,Moderate
2025-11-01 13:00:00,59.8,100.1,3.2,0.39,31.2,28,2.638888888888889,172,Moderate
2025-11-01 14:00:00,59.0,108.5,6.0,0.431,31.1,28,2.8055555555555554,172,Moderate
2025-11-01 15:00:00,60.1,124.3,15.5,0.492,30.6,28,2.888888888888889,172,Moderate
2025-11-01 16:00:00,63.3,138.3,29.3,0.592,29.9,28,2.8055555555555554,172,Moderate
2025-11-01 17:00:00,98.3,195.1,42.3,0.704,27.7,42,1.8055555555555556,172,Moderate
2025-11-01 18:00:00,104.8,209.5,44.1,0.851,26.2,48,1.777777777777778,173,Moderate
2025-11-01 19:00:00,108.0,224.4,46.5,1.01,25.1,52,1.6388888888888888,173,Moderate
2025-11-01 20:00:00,109.4,240.3,46.9,1.083,24.4,54,1.6944444444444442,173,Moderate
2025-11-01 21:00:00,111.8,251.5,44.2,1.0,24.2,53,1.8611111111111112,172,Moderate
2025-11-01 22:00:00,112.7,253.3,39.5,0.832,24.0,54,1.8888888888888888,172,Moderate
2025-11-01 23:00:00,111.1,244.0,34.3,0.694,23.4,63,1.7222222222222223,172,Moderate
2025-11-02 00:00:00,107.1,224.9,28.2,0.627,22.5,63,1.75,172,Moderate
2025-11-02 01:00:00,102.2,201.2,21.6,0.59,21.7,67,1.75,172,Moderate
2025-11-02 02:00:00,97.6,180.7,16.8,0.574,21.0,69,1.6666666666666665,172,Moderate
2025-11-02 03:00:00,93.6,169.5,14.5,0.556,20.5,71,1.6388888888888888,171,Moderate
2025-11-02 04:00:00,90.8,166.2,14.0,0.56,20.0,72,1.6944444444444442,171,Moderate
2025-11-02 05:00:00,93.6,171.8,16.0,0.647,20.2,75,1.611111111111111,171,Moderate
2025-11-02 06:00:00,95.5,162.5,24.4,0.927,19.8,78,1.3611111111111112,170,Moderate
2025-11-02 07:00:00,100.6,158.3,35.5,1.29,20.4,76,1.6666666666666665,170,Moderate
2025-11-02 08:00:00,99.4,144.8,40.5,1.473,21.9,72,1.4444444444444444,169,Moderate
2025-11-02 09:00:00,93.8,137.4,33.4,1.302,24.0,64,1.472222222222222,169,Moderate
2025-11-02 10:00:00,88.0,129.5,20.2,0.95,26.1,57,1.5833333333333333,169,Moderate
2025-11-02 11:00:00,77.1,123.4,9.9,0.673,28.0,48,2.5833333333333335,169,Moderate
2025-11-02 12:00:00,69.4,129.0,5.6,0.568,29.1,38,3.5277777777777777,169,Moderate
2025-11-02 13:00:00,65.9,147.6,4.3,0.538,29.5,36,3.555555555555556,169,Moderate
2025-11-02 14:00:00,65.7,182.5,6.1,0.548,29.5,35,3.555555555555556,169,Moderate
2025-11-02 15:00:00,66.8,220.7,12.8,0.6,29.2,36,3.416666666666667,169,Moderate
2025-11-02 16:00:00,69.8,251.5,22.7,0.693,28.3,39,2.638888888888889,170,Moderate
2025-11-02 17:00:00,91.7,307.3,31.3,0.785,27.0,45,2.25,170,Moderate
2025-11-02 18:00:00,97.3,321.3,34.0,0.881,25.5,50,2.0833333333333335,170,Moderate
2025-11-02 19:00:00,99.9,334.3,37.7,0.977,24.6,53,2.055555555555556,169,Moderate
2025-11-02 20:00:00,101.3,340.9,39.8,1.014,23.9,54,2.055555555555556,169,Moderate
2025-11-02 21:00:00,101.7,333.4,39.2,0.951,23.2,54,2.138888888888889,169,Moderate
2025-11-02 22:00:00,99.7,308.3,37.0,0.83,22.6,54,2.25,169,Moderate
2025-11-02 23:00:00,97.1,274.7,34.4,0.72,22.5,57,2.4722222222222223,169,Moderate
2025-11-03 00:00:00,93.8,240.3,31.1,0.635,21.8,59,2.361111111111111,168,Moderate
2025-11-03 01:00:00,90.8,212.8,27.3,0.56,21.4,59,2.361111111111111,168,Moderate
2025-11-03 02:00:00,87.8,193.2,24.5,0.523,20.5,61,2.388888888888889,168,Moderate
2025-11-03 03:00:00,85.2,179.7,23.1,0.517,19.7,64,2.25,168,Moderate
2025-11-03 04:00:00,82.4,168.6,22.7,0.548,19.0,66,2.138888888888889,167,Moderate
2025-11-03 05:00:00,83.8,169.5,20.1,0.662,18.8,70,2.2222222222222223,167,Moderate
2025-11-03 06:00:00,86.6,164.8,26.2,0.964,18.4,72,1.9444444444444444,167,Moderate
2025-11-03 07:00:00,90.3,157.9,34.3,1.349,18.9,70,2.055555555555556,167,Moderate
2025-11-03 08:00:00,88.0,140.2,37.9,1.547,20.4,66,1.777777777777778,167,Moderate
2025-11-03 09:00:00,82.7,130.9,32.8,1.389,22.6,58,1.4166666666666665,166,Moderate
2025-11-03 10:00:00,76.1,121.5,23.2,1.045,25.0,49,1.472222222222222,166,Moderate
2025-11-03 11:00:00,68.7,114.8,15.3,0.75,27.4,43,1.6944444444444442,166,Moderate
2025-11-03 12:00:00,59.8,115.9,10.2,0.575,29.0,38,2.138888888888889,166,Moderate
2025-11-03 13:00:00,54.1,128.5,6.7,0.449,30.1,34,2.833333333333333,165,Moderate
2025-11-03 14:00:00,50.1,148.5,7.5,0.399,30.6,28,3.6944444444444446,165,Moderate
2025-11-03 15:00:00,47.6,169.0,14.7,0.461,30.4,27,3.5,165,Moderate
2025-11-03 16:00:00,49.7,186.3,26.1,0.598,29.1,30,2.833333333333333,164,Moderate
2025-11-03 17:00:00,65.0,181.6,40.1,0.726,27.0,39,1.8333333333333333,164,Moderate
2025-11-03 18:00:00,70.5,190.9,48.5,0.781,25.5,45,1.8055555555555556,163,Moderate
2025-11-03 19:00:00,76.4,207.2,60.1,0.826,24.5,49,1.6944444444444442,163,Moderate
2025-11-03 20:00:00,85.4,236.1,69.0,0.964,23.9,53,0.9444444444444444,162,Moderate
2025-11-03 21:00:00,97.3,263.6,72.6,1.297,23.4,53,0.6944444444444444,162,Moderate
2025-11-03 22:00:00,108.5,286.8,73.5,1.724,22.3,58,0.888888888888889,162,Moderate
2025-11-03 23:00:00,117.1,306.4,73.5,2.039,22.5,59,0.3611111111111111,162,Moderate
2025-11-04 00:00:00,121.1,313.9,72.9,2.154,21.2,62,0.22222222222222224,162,Moderate
2025-11-04 01:00:00,120.6,304.5,71.4,2.158,20.4,64,0.05555555555555556,163,Moderate
2025-11-04 02:00:00,115.9,279.4,70.3,2.111,19.2,70,0.41666666666666663,164,Moderate
2025-11-04 03:00:00,109.9,250.5,70.4,1.981,17.9,77,0.9722222222222222,164,Moderate
2025-11-04 04:00:00,105.0,226.3,70.8,1.801,18.6,76,1.2222222222222223,165,Moderate
2025-11-04 05:00:00,100.4,233.3,63.5,1.723,18.1,84,1.027777777777778,165,Moderate
2025-11-04 06:00:00,101.5,227.7,60.8,1.906,18.9,79,1.7222222222222223,166,Moderate
2025-11-04 07:00:00,103.6,224.4,56.8,2.192,19.6,72,2.305555555555556,166,Moderate
2025-11-04 08:00:00,103.8,195.1,51.5,2.26,21.5,67,1.5555555555555554,166,Moderate
2025-11-04 09:00:00,97.3,207.2,44.0,1.891,23.1,62,0.888888888888889,167,Moderate
2025-11-04 10:00:00,82.9,201.2,35.2,1.303,25.4,55,1.0,167,Moderate
2025-11-04 11:00:00,65.7,167.6,27.5,0.837,27.5,45,1.0,167,Moderate
2025-11-04 12:00:00,48.1,122.0,19.7,0.607,28.6,42,1.2777777777777777,167,Moderate
2025-11-04 13:00:00,39.3,95.5,13.0,0.498,28.5,46,2.861111111111111,167,Moderate
2025-11-04 14:00:00,35.0,83.6,13.3,0.5,28.2,46,2.888888888888889,166,Moderate
2025-11-04 15:00:00,32.8,78.7,25.9,0.645,28.0,41,2.5833333333333335,166,Moderate
2025-11-04 16:00:00,35.2,77.5,45.4,0.901,27.0,44,1.9444444444444444,166,Moderate
2025-11-04 17:00:00,67.8,112.7,56.6,1.165,26.1,54,1.4166666666666665,165,Moderate
2025-11-04 18:00:00,71.7,120.1,56.4,1.41,25.0,57,1.9166666666666667,166,Moderate
2025-11-04 19:00:00,71.7,123.4,56.1,1.662,23.8,63,1.4444444444444444,166,Moderate
2025-11-04 20:00:00,73.1,124.3,55.9,1.896,22.9,67,1.75,165,Moderate
2025-11-04 21:00:00,76.4,123.4,56.4,2.148,22.2,73,1.2777777777777777,165,Moderate
2025-11-04 22:00:00,81.3,120.6,57.0,2.382,21.5,79,0.9722222222222222,165,Moderate
2025-11-04 23:00:00,84.1,118.7,55.9,2.467,22.4,77,1.2222222222222223,164,Moderate
2025-11-05 00:00:00,86.8,119.2,51.6,2.285,21.6,82,0.888888888888889,163,Moderate
2025-11-05 01:00:00,90.1,123.4,45.5,1.954,21.3,83,0.3055555555555556,163,Moderate
2025-11-05 02:00:00,93.8,129.9,40.5,1.694,20.6,84,2.2777777777777777,162,Moderate
2025-11-05 03:00:00,97.3,133.2,36.8,1.567,19.5,88,2.1666666666666665,162,Moderate
2025-11-05 04:00:00,100.8,140.6,34.2,1.512,19.0,89,1.8611111111111112,161,Moderate
2025-11-05 05:00:00,103.4,133.6,42.2,1.566,19.0,94,0.8611111111111112,161,Moderate
2025-11-05 06:00:00,108.3,143.0,45.8,1.868,18.8,95,0.6944444444444444,161,Moderate
2025-11-05 07:00:00,117.6,155.1,50.4,2.28,19.8,90,1.3055555555555556,161,Moderate
2025-11-05 08:00:00,122.5,155.1,51.0,2.422,22.2,80,0.8611111111111112,162,Moderate
2025-11-05 09:00:00,119.2,162.5,44.1,2.032,24.6,69,0.8333333333333333,162,Moderate
2025-11-05 10:00:00,83.1,115.3,33.3,1.373,26.5,61,0.5555555555555556,163,Moderate
2025-11-05 11:00:00,61.5,82.7,23.7,0.852,28.3,54,1.1388888888888888,163,Moderate
2025-11-05 12:00:00,53.3,73.6,15.9,0.63,29.5,41,1.8333333333333333,162,Moderate
2025-11-05 13:00:00,42.5,62.6,9.3,0.547,29.5,38,2.2222222222222223,163,Moderate
2025-11-05 14:00:00,37.7,59.0,7.9,0.53,29.4,38,2.611111111111111,163,Moderate
2025-11-05 15:00:00,36.6,60.8,15.3,0.574,28.9,38,3.0,163,Moderate
2025-11-05 16:00:00,38.3,65.9,27.8,0.684,28.0,40,2.611111111111111,163,Moderate
2025-11-05 17:00:00,49.8,129.0,32.2,0.797,27.2,43,1.972222222222222,163,Moderate
2025-11-05 18:00:00,57.7,184.4,31.2,0.926,26.0,46,2.4166666666666665,162,Moderate
2025-11-05 19:00:00,69.4,270.1,29.6,1.059,24.9,48,2.944444444444444,162,Moderate
2025-11-05 20:00:00,81.3,351.1,27.6,1.097,23.7,50,2.694444444444444,162,Moderate
2025-11-05 21:00:00,88.5,380.0,25.0,0.963,22.6,52,2.361111111111111,162,Moderate
2025-11-05 22:00:00,90.1,361.4,21.9,0.734,22.0,53,2.6666666666666665,163,Moderate
2025-11-05 23:00:00,88.2,331.6,19.1,0.545,21.5,59,2.5,163,Moderate
2025-11-06 00:00:00,85.9,310.1,16.4,0.445,20.6,60,2.694444444444444,163,Moderate
2025-11-06 01:00:00,84.5,303.6,14.0,0.385,19.6,57,2.75,163,Moderate
2025-11-06 02:00:00,83.1,300.8,12.4,0.354,18.8,51,2.694444444444444,163,Moderate
2025-11-06 03:00:00,81.7,295.2,11.7,0.336,17.7,49,2.694444444444444,162,Moderate
2025-11-06 04:00:00,79.9,283.1,11.8,0.348,16.9,52,2.6666666666666665,162,Moderate
2025-11-06 05:00:00,70.8,223.5,14.2,0.426,16.6,63,2.833333333333333,162,Moderate
2025-11-06 06:00:00,69.6,203.5,20.2,0.656,16.0,65,2.5,161,Moderate
2025-11-06 07:00:00,69.8,181.6,28.1,0.954,16.4,63,2.5277777777777777,160,Moderate
2025-11-06 08:00:00,67.3,143.4,31.6,1.102,17.9,60,1.9444444444444444,159,Moderate
2025-11-06 09:00:00,58.1,129.0,26.2,0.956,20.0,53,1.7222222222222223,158,Moderate
2025-11-06 10:00:00,44.0,94.1,16.4,0.661,22.5,44,2.0277777777777777,157,Moderate
2025-11-06 11:00:00,33.1,74.5,8.9,0.432,24.6,35,2.7222222222222223,156,Moderate
2025-11-06 12:00:00,32.5,83.4,5.9,0.346,25.8,29,2.5833333333333335,155,Moderate
2025-11-06 13:00:00,32.9,100.1,5.4,0.326,26.4,26,2.5277777777777777,155,Moderate
2025-11-06 14:00:00,35.0,127.1,7.8,0.355,26.5,27,2.5833333333333335,154,Moderate
2025-11-06 15:00:00,40.5,164.8,15.1,0.453,26.2,28,2.75,154,Moderate
2025-11-06 16:00:00,46.7,193.7,25.5,0.601,25.4,32,2.611111111111111,154,Moderate
2025-11-06 17:00:00,49.2,171.8,34.9,0.716,23.9,36,2.0833333333333335,155,Moderate
2025-11-06 18:00:00,56.6,199.8,36.6,0.772,23.0,41,1.972222222222222,155,Moderate
2025-11-06 19:00:00,61.5,226.8,38.9,0.797,22.0,44,2.055555555555556,155,Moderate
2025-11-06 20:00:00,64.5,245.9,39.3,0.792,21.3,46,2.361111111111111,154,Moderate
2025-11-06 21:00:00,66.1,252.4,36.5,0.749,20.6,47,2.5,154,Moderate
2025-11-06 22:00:00,66.1,245.9,32.0,0.677,19.8,48,2.5277777777777777,154,Moderate
2025-11-06 23:00:00,63.8,224.9,27.5,0.607,19.4,50,2.7222222222222223,153,Moderate
2025-11-07 00:00:00,60.1,197.0,23.4,0.538,18.4,52,2.4166666666666665,152,Moderate
2025-11-07 01:00:00,56.7,172.3,19.4,0.47,17.6,53,2.361111111111111,152,Moderate
2025-11-07 02:00:00,54.1,157.4,16.6,0.434,17.0,55,2.25,151,Moderate
2025-11-07 03:00:00,53.6,156.5,15.0,0.43,16.3,57,2.1666666666666665,151,Moderate
2025-11-07 04:00:00,54.7,165.8,14.5,0.457,15.8,59,2.0833333333333335,150,Moderate
2025-11-07 05:00:00,55.1,165.8,15.1,0.541,15.9,63,2.361111111111111,147,Moderate
2025-11-07 06:00:00,57.3,166.7,20.7,0.749,15.4,63,2.2777777777777777,146,Moderate
2025-11-07 07:00:00,61.0,165.8,28.0,1.014,15.7,62,2.4722222222222223,145,Moderate
2025-11-07 08:00:00,62.6,150.4,31.5,1.161,17.1,57,1.9444444444444444,144,Moderate
2025-11-07 09:00:00,60.3,160.7,27.3,1.083,19.4,49,1.8055555555555556,143,Moderate
2025-11-07 10:00:00,53.9,139.7,19.1,0.887,22.0,41,1.9166666666666667,143,Moderate
2025-11-07 11:00:00,42.6,105.7,12.6,0.715,25.0,35,2.138888888888889,144,Moderate
2025-11-07 12:00:00,36.3,91.5,8.9,0.601,26.8,28,2.2222222222222223,145,Moderate
2025-11-07 13:00:00,34.5,95.7,6.9,0.512,27.8,23,2.3333333333333335,146,Moderate
2025-11-07 14:00:00,34.0,108.0,8.6,0.488,28.0,22,2.361111111111111,146,Moderate
2025-11-07 15:00:00,35.5,126.7,16.9,0.582,27.7,22,2.361111111111111,146,Moderate
2025-11-07 16:00:00,38.9,140.6,28.8,0.742,26.6,25,2.1666666666666665,145,Moderate
2025-11-07 17:00:00,50.4,151.3,41.4,0.854,25.0,32,2.0,144,Moderate
2025-11-07 18:00:00,53.8,172.3,39.6,0.868,23.6,36,2.3333333333333335,145,Moderate
2025-11-07 19:00:00,55.3,191.4,37.1,0.835,22.5,38,2.305555555555556,144,Moderate
2025-11-07 20:00:00,55.8,203.0,34.5,0.79,21.4,41,2.1944444444444446,144,Moderate
2025-11-07 21:00:00,56.1,202.6,32.1,0.744,20.5,43,2.111111111111111,143,Moderate
2025-11-07 22:00:00,55.4,190.5,29.7,0.686,19.5,45,1.972222222222222,142,Moderate
2025-11-07 23:00:00,53.2,171.4,27.1,0.626,19.0,49,2.3333333333333335,141,Moderate
2025-11-08 00:00:00,50.5,149.9,23.9,0.554,18.0,51,2.2777777777777777,140,Moderate
2025-11-08 01:00:00,47.4,129.9,20.4,0.48,17.4,53,2.305555555555556,138,Moderate
2025-11-08 02:00:00,44.7,112.0,17.8,0.436,16.9,54,2.361111111111111,138,Moderate
2025-11-08 03:00:00,43.0,98.3,15.8,0.404,16.3,55,2.1944444444444446,137,Moderate
2025-11-08 04:00:00,43.0,91.0,14.6,0.403,15.8,55,1.9166666666666667,135,Moderate
2025-11-08 05:00:00,43.4,92.4,15.1,0.521,15.1,60,1.8333333333333333,134,Moderate
2025-11-08 06:00:00,48.4,93.4,22.3,0.909,14.4,63,1.3888888888888888,133,Moderate
2025-11-08 07:00:00,56.5,98.0,32.0,1.417,15.2,59,1.3611111111111112,132,Moderate
2025-11-08 08:00:00,60.1,93.1,36.7,1.678,17.0,53,1.4166666666666665,132,Moderate
2025-11-08 09:00:00,56.6,91.0,31.7,1.455,19.6,44,1.0555555555555556,131,Moderate
2025-11-08 10:00:00,49.9,78.0,21.7,0.986,22.5,35,1.3333333333333333,131,Moderate
2025-11-08 11:00:00,40.3,62.4,13.8,0.621,25.0,24,2.1944444444444446,131,Moderate
2025-11-08 12:00:00,36.8,59.8,9.7,0.491,26.4,22,2.25,130,Moderate
2025-11-08 13:00:00,37.0,66.6,7.8,0.464,27.1,21,2.361111111111111,130,Moderate
2025-11-08 14:00:00,37.8,77.3,9.6,0.495,27.1,21,2.4444444444444446,131,Moderate
2025-11-08 15:00:00,39.1,92.7,18.1,0.595,26.6,22,2.5833333333333335,131,Moderate
2025-11-08 16:00:00,42.0,106.6,30.5,0.752,25.7,24,2.4444444444444446,131,Moderate
2025-11-08 17:00:00,61.9,136.4,45.3,0.886,24.0,31,1.6666666666666665,132,Moderate
2025-11-08 18:00:00,68.2,156.5,44.9,0.978,22.7,36,1.3888888888888888,133,Moderate
2025-11-08 19:00:00,70.5,177.9,44.2,1.046,21.8,40,1.4444444444444444,134,Moderate
2025-11-08 20:00:00,73.3,194.6,42.6,1.066,20.9,43,1.611111111111111,136,Moderate
2025-11-08 21:00:00,75.2,201.2,39.6,1.015,19.9,46,1.5,138,Moderate
2025-11-08 22:00:00,76.1,197.9,35.6,0.917,19.3,47,1.5833333333333333,140,Moderate
2025-11-08 23:00:00,74.5,183.9,31.4,0.817,18.8,52,1.611111111111111,142,Moderate
2025-11-09 00:00:00,73.8,164.8,26.7,0.717,18.0,51,1.8888888888888888,144,Moderate
2025-11-09 01:00:00,72.4,143.9,21.8,0.615,17.5,53,2.0277777777777777,147,Moderate
2025-11-09 02:00:00,70.8,126.2,18.2,0.551,16.8,54,1.8611111111111112,149,Moderate
2025-11-09 03:00:00,69.6,114.3,16.2,0.519,16.1,56,1.8055555555555556,150,Moderate
2025-11-09 04:00:00,68.9,108.3,15.5,0.526,15.6,57,1.6944444444444442,151,Moderate
2025-11-09 05:00:00,73.1,105.9,18.5,0.631,14.9,64,1.5555555555555554,152,Moderate
2025-11-09 06:00:00,75.4,104.5,24.9,0.957,14.5,65,1.5555555555555554,152,Moderate
2025-11-09 07:00:00,79.4,106.9,33.3,1.382,15.0,63,1.8055555555555556,153,Moderate
2025-11-09 08:00:00,79.2,103.8,36.9,1.599,16.8,58,1.5,153,Moderate
2025-11-09 09:00:00,72.4,98.3,30.9,1.412,19.4,50,1.027777777777778,154,Moderate
2025-11-09 10:00:00,59.3,83.6,20.0,1.018,22.2,41,1.1944444444444444,154,Moderate
2025-11-09 11:00:00,37.8,59.0,11.6,0.699,25.0,31,2.3333333333333335,154,Moderate
2025-11-09 12:00:00,34.5,63.3,7.5,0.545,26.3,27,2.3333333333333335,154,Moderate
2025-11-09 13:00:00,33.9,75.4,5.9,0.465,27.0,25,2.305555555555556,154,Moderate
2025-11-09 14:00:00,34.1,91.0,8.8,0.471,27.2,25,2.3333333333333335,154,Moderate
2025-11-09 15:00:00,36.9,110.1,19.6,0.613,26.9,26,2.4166666666666665,154,Moderate
2025-11-09 16:00:00,39.9,118.3,35.0,0.84,26.0,29,2.2777777777777777,154,Moderate
2025-11-09 17:00:00,67.5,135.0,45.5,1.012,24.1,37,1.3055555555555556,154,Moderate
2025-11-09 18:00:00,75.2,150.9,46.5,1.07,23.1,39,1.4166666666666665,154,Moderate
2025-11-09 19:00:00,78.7,165.8,47.8,1.073,22.2,40,1.75,154,Moderate
2025-11-09 20:00:00,79.9,177.4,47.4,1.058,21.4,42,2.055555555555556,154,Moderate
2025-11-09 21:00:00,82.2,184.4,44.2,1.035,20.4,43,1.8611111111111112,155,Moderate
2025-11-09 22:00:00,84.8,185.8,39.4,0.994,19.5,45,1.8055555555555556,155,Moderate
2025-11-09 23:00:00,85.7,179.7,34.3,0.938,19.2,47,1.8888888888888888,155,Moderate
2025-11-10 00:00:00,85.2,169.0,28.7,0.852,18.1,51,1.972222222222222,155,Moderate
2025-11-10 01:00:00,83.8,153.7,22.8,0.751,17.1,54,1.75,155,Moderate
2025-11-10 02:00:00,82.7,136.9,18.7,0.686,16.5,56,1.611111111111111,156,Moderate
2025-11-10 03:00:00,81.7,122.9,16.7,0.641,15.9,58,1.5277777777777777,156,Moderate
2025-11-10 04:00:00,81.5,112.9,16.5,0.631,15.2,61,1.4166666666666665,156,Moderate
2025-11-10 05:00:00,80.1,104.8,16.7,0.756,14.8,68,1.2222222222222223,156,Moderate
2025-11-10 06:00:00,85.7,106.2,25.4,1.183,13.9,71,1.1388888888888888,157,Moderate
2025-11-10 07:00:00,95.5,114.1,37.0,1.743,14.8,66,1.1944444444444444,157,Moderate
2025-11-10 08:00:00,94.5,110.1,42.5,2.033,16.7,59,1.2777777777777777,157,Moderate
2025-11-10 09:00:00,88.9,102.7,36.2,1.795,19.5,49,0.8611111111111112,157,Moderate
2025-11-10 10:00:00,75.4,86.6,23.9,1.285,22.3,40,0.8055555555555555,158,Moderate
2025-11-10 11:00:00,51.1,60.3,14.2,0.869,24.9,32,1.472222222222222,158,Moderate
2025-11-10 12:00:00,44.0,56.1,8.8,0.661,26.4,26,1.8333333333333333,158,Moderate
2025-11-10 13:00:00,43.5,61.5,5.9,0.546,27.1,23,2.0833333333333335,159,Moderate
2025-11-10 14:00:00,43.5,68.0,9.0,0.55,27.4,23,2.1944444444444446,159,Moderate
2025-11-10 15:00:00,44.4,75.2,22.1,0.717,27.1,21,2.111111111111111,159,Moderate
2025-11-10 16:00:00,48.3,79.6,41.2,1.003,26.1,23,1.8055555555555556,159,Moderate
2025-11-10 17:00:00,90.6,121.5,64.6,1.292,23.7,40,0.8055555555555555,159,Moderate
2025-11-10 18:00:00,107.8,142.5,72.7,1.593,22.7,41,0.4722222222222222,160,Moderate
2025-11-10 19:00:00,120.6,159.3,83.4,1.898,21.7,44,0.5277777777777778,161,Moderate
2025-11-10 20:00:00,126.2,168.6,89.0,2.069,20.8,46,0.6111111111111112,162,Moderate
2025-11-10 21:00:00,125.7,172.8,85.6,2.028,19.8,49,0.75,163,Moderate
2025-11-10 22:00:00,122.5,174.2,77.0,1.852,18.9,52,0.7777777777777777,164,Moderate
2025-11-10 23:00:00,116.6,171.8,66.8,1.636,18.3,57,1.027777777777778,164,Moderate
2025-11-11 00:00:00,109.9,167.2,54.6,1.371,16.8,60,1.0555555555555556,165,Moderate
2025-11-11 01:00:00,105.7,162.1,40.8,1.065,16.1,61,0.9444444444444444,166,Moderate
2025-11-11 02:00:00,103.6,156.0,30.5,0.843,15.1,62,1.3055555555555556,166,Moderate
2025-11-11 03:00:00,102.2,148.1,25.7,0.725,14.7,63,1.3611111111111112,167,Moderate
2025-11-11 04:00:00,101.0,138.8,24.3,0.689,14.4,63,1.4166666666666665,167,Moderate
2025-11-11 05:00:00,105.2,143.4,26.7,0.796,14.3,68,1.5277777777777777,167,Moderate
2025-11-11 06:00:00,107.3,137.8,32.4,1.202,14.1,69,1.4444444444444444,168,Moderate
2025-11-11 07:00:00,112.9,137.4,39.8,1.751,14.7,66,1.6666666666666665,168,Moderate
2025-11-11 08:00:00,109.0,127.6,42.3,2.032,16.7,60,1.8055555555555556,169,Moderate
2025-11-11 09:00:00,103.8,118.7,35.2,1.787,19.5,50,1.027777777777778,169,Moderate
2025-11-11 10:00:00,90.6,103.8,23.3,1.275,22.6,40,1.1944444444444444,169,Moderate
2025-11-11 11:00:00,66.1,77.5,13.9,0.86,25.4,31,1.9166666666666667,170,Moderate
2025-11-11 12:00:00,56.0,72.6,8.9,0.669,26.9,26,2.4166666666666665,170,Moderate
2025-11-11 13:00:00,53.1,80.8,6.4,0.574,27.5,23,2.5555555555555554,170,Moderate
2025-11-11 14:00:00,52.0,95.9,8.7,0.564,27.8,22,2.611111111111111,171,Moderate
2025-11-11 15:00:00,52.4,114.1,19.6,0.674,27.4,23,2.6666666666666665,171,Moderate
2025-11-11 16:00:00,56.2,124.8,35.3,0.867,26.5,25,2.305555555555556,171,Moderate
2025-11-11 17:00:00,85.2,142.0,48.5,1.021,24.6,30,1.6666666666666665,171,Moderate
2025-11-11 18:00:00,91.3,153.2,47.0,1.095,23.5,34,1.8611111111111112,171,Moderate
2025-11-11 19:00:00,94.5,164.8,44.8,1.131,22.5,37,2.0833333333333335,171,Moderate
2025-11-11 20:00:00,97.3,175.1,41.8,1.128,21.6,42,2.0277777777777777,170,Moderate
2025-11-11 21:00:00,101.5,180.2,37.6,1.074,20.8,46,2.111111111111111,169,Moderate
2025-11-11 22:00:00,105.2,180.2,32.6,0.982,20.0,48,2.1944444444444446,169,Moderate
2025-11-11 23:00:00,106.9,173.2,27.8,0.889,19.2,51,2.4444444444444446,169,Moderate
2025-11-12 00:00:00,107.1,163.0,23.2,0.794,18.0,54,2.1944444444444446,168,Moderate
2025-11-12 01:00:00,107.1,152.7,18.9,0.699,17.2,56,1.8333333333333333,168,Moderate
2025-11-12 02:00:00,106.9,145.3,15.8,0.645,16.6,58,1.6944444444444442,168,Moderate
2025-11-12 03:00:00,106.6,141.1,14.1,0.63,16.0,60,1.5833333333333333,168,Moderate
2025-11-12 04:00:00,105.9,138.8,13.7,0.655,15.4,62,1.5,168,Moderate
2025-11-12 05:00:00,100.8,131.3,14.1,0.769,14.9,66,1.611111111111111,169,Moderate
2025-11-12 06:00:00,105.5,132.7,22.0,1.079,14.5,68,1.7222222222222223,169,Moderate
2025-11-12 07:00:00,111.8,136.9,32.6,1.477,14.9,66,2.0,168,Moderate
2025-11-12 08:00:00,111.8,131.8,38.0,1.684,16.6,61,1.8055555555555556,168,Moderate
2025-11-12 09:00:00,107.8,128.1,33.2,1.525,19.4,52,1.4444444444444444,168,Moderate
2025-11-12 10:00:00,96.2,115.9,23.2,1.175,22.4,42,1.6666666666666665,169,Moderate
2025-11-12 11:00:00,86.8,106.6,15.0,0.874,25.2,34,2.4166666666666665,169,Moderate
2025-11-12 12:00:00,77.1,100.8,9.7,0.692,26.9,28,3.1666666666666665,169,Moderate
2025-11-12 13:00:00,68.9,99.7,6.2,0.559,27.5,25,3.4444444444444446,170,Moderate
2025-11-12 14:00:00,62.9,102.7,7.7,0.51,27.6,24,3.3888888888888884,170,Moderate
2025-11-12 15:00:00,61.0,108.5,18.2,0.592,27.2,24,3.2777777777777777,170,Moderate
2025-11-12 16:00:00,64.5,114.6,33.8,0.759,26.4,27,2.7777777777777777,170,Moderate
2025-11-12 17:00:00,102.4,141.1,49.5,0.902,24.6,32,2.0277777777777777,171,Moderate
2025-11-12 18:00:00,107.6,148.1,50.1,0.991,23.6,35,1.8055555555555556,171,Moderate
2025-11-12 19:00:00,111.3,155.5,50.9,1.057,22.6,39,1.7222222222222223,171,Moderate
2025-11-12 20:00:00,115.3,163.0,50.4,1.088,21.2,44,1.4166666666666665,172,Moderate
2025-11-12 21:00:00,120.1,170.0,48.2,1.068,20.2,50,1.2222222222222223,172,Moderate
2025-11-12 22:00:00,124.8,175.6,44.7,1.014,19.8,52,0.888888888888889,172,Moderate
2025-11-12 23:00:00,126.7,175.1,40.2,0.965,19.3,57,0.8611111111111112,173,Moderate
2025-11-13 00:00:00,126.2,170.0,33.8,0.933,17.5,58,1.3888888888888888,173,Moderate
2025-11-13 01:00:00,125.3,162.5,26.4,0.907,16.8,61,1.4444444444444444,174,Moderate
2025-11-13 02:00:00,123.9,154.6,21.0,0.893,16.0,64,1.4166666666666665,174,Moderate
2025-11-13 03:00:00,122.0,147.6,18.4,0.862,15.2,68,1.3055555555555556,175,Moderate
2025-11-13 04:00:00,121.5,143.0,17.8,0.845,14.7,70,1.3055555555555556,175,Moderate
2025-11-13 05:00:00,119.7,137.8,18.4,0.934,14.3,74,1.5277777777777777,175,Moderate
2025-11-13 06:00:00,124.3,139.7,25.6,1.273,13.6,76,1.4444444444444444,176,Moderate
2025-11-13 07:00:00,132.2,146.2,35.1,1.719,14.1,72,1.6388888888888888,176,Moderate
2025-11-13 08:00:00,130.9,142.5,39.8,1.942,15.9,65,1.472222222222222,176,Moderate
2025-11-13 09:00:00,127.6,137.8,35.1,1.736,18.6,54,1.1388888888888888,177,Moderate
2025-11-13 10:00:00,116.2,126.7,25.6,1.307,21.6,44,1.0555555555555556,177,Moderate
2025-11-13 11:00:00,97.6,108.3,17.5,0.947,24.4,35,2.0833333333333335,178,Moderate
2025-11-13 12:00:00,87.8,100.8,11.3,0.743,25.6,30,2.361111111111111,178,Moderate
2025-11-13 13:00:00,79.4,96.6,6.6,0.609,26.4,27,2.3333333333333335,178,Moderate
2025-11-13 14:00:00,74.5,96.9,8.6,0.574,26.6,24,2.361111111111111,178,Moderate
2025-11-13 15:00:00,72.4,99.7,23.0,0.697,26.4,24,2.4444444444444446,179,Moderate
2025-11-13 16:00:00,76.1,102.9,44.1,0.919,25.5,27,2.2222222222222223,179,Moderate
2025-11-13 17:00:00,100.8,126.7,57.5,1.095,23.2,35,1.3333333333333333,179,Moderate
2025-11-13 18:00:00,106.6,134.6,56.7,1.172,22.6,35,1.75,179,Moderate
2025-11-13 19:00:00,107.1,138.3,55.3,1.202,21.8,38,2.0833333333333335,179,Moderate
2025-11-13 20:00:00,107.6,141.6,52.7,1.195,21.0,41,2.1666666666666665,179,Moderate
2025-11-13 21:00:00,109.4,143.9,48.2,1.143,20.0,45,1.9166666666666667,179,Moderate
2025-11-13 22:00:00,110.1,143.0,42.4,1.053,19.3,47,2.055555555555556,179,Moderate
2025-11-13 23:00:00,108.0,137.8,36.5,0.964,18.8,50,2.1666666666666665,178,Moderate
2025-11-14 00:00:00,104.8,130.4,30.1,0.876,17.5,55,1.972222222222222,178,Moderate
2025-11-14 01:00:00,101.0,122.0,23.6,0.789,16.5,58,1.6666666666666665,177,Moderate
2025-11-14 02:00:00,97.3,114.1,19.0,0.732,15.8,61,1.5277777777777777,177,Moderate
2025-11-14 03:00:00,94.1,107.3,16.8,0.688,15.1,63,1.472222222222222,176,Moderate
2025-11-14 04:00:00,91.7,102.4,16.6,0.676,14.6,65,1.5,176,Moderate
2025-11-14 05:00:00,98.5,107.1,20.7,0.777,14.0,73,1.3888888888888888,175,Moderate
2025-11-14 06:00:00,101.0,107.6,27.4,1.135,13.9,72,1.3333333333333333,175,Moderate
2025-11-14 07:00:00,107.1,112.0,36.3,1.607,14.4,69,1.5555555555555554,174,Moderate
2025-11-14 08:00:00,105.9,109.4,40.3,1.851,16.0,64,1.3888888888888888,174,Moderate
2025-11-14 09:00:00,100.8,104.5,34.9,1.651,18.6,54,1.0,173,Moderate
2025-11-14 10:00:00,88.2,92.7,24.7,1.222,21.5,44,1.1111111111111112,172,Moderate
2025-11-14 11:00:00,68.2,73.6,16.3,0.869,24.0,35,1.7222222222222223,172,Moderate
2025-11-14 12:00:00,50.9,57.2,10.2,0.689,25.5,26,2.138888888888889,171,Moderate
2025-11-14 13:00:00,45.3,52.9,5.9,0.586,26.1,25,2.388888888888889,170,Moderate
2025-11-14 14:00:00,42.6,51.8,8.6,0.573,26.5,24,2.388888888888889,170,Moderate
2025-11-14 15:00:00,41.8,53.2,23.8,0.698,26.2,23,2.4166666666666665,169,Moderate
2025-11-14 16:00:00,46.0,57.3,46.0,0.914,25.4,26,2.2777777777777777,168,Moderate
2025-11-14 17:00:00,85.9,95.7,65.8,1.096,23.1,37,1.2777777777777777,168,Moderate
2025-11-14 18:00:00,99.0,109.2,70.1,1.21,22.1,38,1.1944444444444444,167,Moderate
2025-11-14 19:00:00,107.1,117.3,75.7,1.29,21.5,39,1.3611111111111112,167,Moderate
2025-11-14 20:00:00,108.5,119.0,76.6,1.315,21.0,41,1.5555555555555554,167,Moderate
2025-11-14 21:00:00,105.9,116.4,69.1,1.264,19.9,45,1.4444444444444444,167,Moderate
2025-11-14 22:00:00,101.5,112.0,56.9,1.159,19.0,49,1.4444444444444444,167,Moderate
2025-11-14 23:00:00,96.6,107.1,45.6,1.042,18.2,53,1.5555555555555554,167,Moderate
2025-11-15 00:00:00,93.4,103.1,36.3,0.906,17.4,54,1.6666666666666665,167,Moderate
2025-11-15 01:00:00,91.7,100.6,27.9,0.759,16.5,57,1.5555555555555554,166,Moderate
2025-11-15 02:00:00,91.3,99.0,22.0,0.665,15.7,61,1.4444444444444444,166,Moderate
2025-11-15 03:00:00,91.3,98.0,19.3,0.619,15.0,63,1.3888888888888888,166,Moderate
2025-11-15 04:00:00,91.7,98.0,19.2,0.626,14.4,67,1.2222222222222223,166,Moderate
2025-11-15 05:00:00,97.8,102.0,22.4,0.766,13.9,73,1.25,166,Moderate
2025-11-15 06:00:00,103.8,107.6,28.3,1.201,13.5,73,1.3055555555555556,166,Moderate
2025-11-15 07:00:00,113.4,116.9,36.0,1.769,13.9,71,1.611111111111111,166,Moderate
2025-11-15 08:00:00,111.8,114.6,39.4,2.063,15.6,65,1.6666666666666665,166,Moderate
2025-11-15 09:00:00,107.6,110.4,34.3,1.824,18.4,55,1.1111111111111112,166,Moderate
2025-11-15 10:00:00,95.0,98.5,24.9,1.31,21.4,44,1.2222222222222223,166,Moderate
2025-11-15 11:00:00,74.3,77.8,17.1,0.889,24.0,34,1.6388888888888888,167,Moderate
2025-11-15 12:00:00,63.8,67.1,11.7,0.679,25.7,27,1.9166666666666667,167,Moderate
2025-11-15 13:00:00,57.7,60.5,8.0,0.562,26.6,25,2.361111111111111,167,Moderate
2025-11-15 14:00:00,53.0,55.2,9.7,0.55,27.0,23,2.611111111111111,167,Moderate
2025-11-15 15:00:00,49.7,51.5,21.1,0.709,26.7,25,2.7222222222222223,167,Moderate
2025-11-15 16:00:00,50.5,51.9,37.9,0.974,25.9,27,2.4166666666666665,168,Moderate
2025-11-15 17:00:00,84.5,87.5,57.4,1.159,23.5,39,1.2222222222222223,168,Moderate
2025-11-15 18:00:00,94.3,97.1,60.6,1.179,23.0,36,1.4444444444444444,168,Moderate
2025-11-15 19:00:00,95.7,98.3,64.7,1.119,22.2,38,1.6666666666666665,168,Moderate
2025-11-15 20:00:00,94.5,96.9,65.3,1.055,20.9,43,1.4444444444444444,167,Moderate
2025-11-15 21:00:00,91.5,93.6,59.7,1.014,19.6,48,1.3611111111111112,167,Moderate
2025-11-15 22:00:00,87.5,89.6,50.7,0.969,18.6,51,1.3333333333333333,167,Moderate
2025-11-15 23:00:00,82.9,84.8,42.0,0.914,18.0,53,1.4444444444444444,166,Moderate
2025-11-16 00:00:00,78.9,80.8,34.4,0.833,16.7,58,1.4444444444444444,166,Moderate
2025-11-16 01:00:00,76.8,78.7,27.2,0.741,15.8,62,1.3611111111111112,166,Moderate
2025-11-16 02:00:00,75.9,77.5,22.2,0.677,15.2,64,1.3333333333333333,166,Moderate
2025-11-16 03:00:00,75.7,77.3,20.0,0.617,14.5,67,1.1944444444444444,165,Moderate
2025-11-16 04:00:00,76.1,77.8,20.0,0.585,13.9,69,1.1666666666666667,165,Moderate
2025-11-16 05:00:00,80.3,81.7,20.2,0.694,13.4,76,1.2222222222222223,164,Moderate
2025-11-16 06:00:00,86.8,88.5,26.7,1.115,13.1,76,1.2222222222222223,164,Moderate
2025-11-16 07:00:00,96.9,98.5,35.3,1.676,13.7,72,1.6388888888888888,164,Moderate
2025-11-16 08:00:00,95.0,96.2,39.3,1.974,15.6,65,1.777777777777778,163,Moderate
2025-11-16 09:00:00,89.4,90.8,34.2,1.758,18.5,53,1.1944444444444444,163,Moderate
2025-11-16 10:00:00,76.4,78.2,24.4,1.28,21.5,44,1.5833333333333333,163,Moderate
2025-11-16 11:00:00,60.3,62.4,16.3,0.887,24.0,36,2.0833333333333335,162,Moderate
2025-11-16 12:00:00,49.7,51.6,10.9,0.694,25.9,29,2.75,162,Moderate
2025-11-16 13:00:00,42.7,44.4,7.3,0.588,26.6,25,3.0555555555555554,162,Moderate
2025-11-16 14:00:00,38.6,40.2,8.6,0.575,27.0,24,2.972222222222222,161,Moderate
2025-11-16 15:00:00,36.8,38.1,19.0,0.715,26.5,25,3.0277777777777777,161,Moderate
2025-11-16 16:00:00,38.1,39.1,34.3,0.949,25.8,27,2.5555555555555554,161,Moderate
2025-11-16 17:00:00,52.2,53.8,44.1,1.109,23.4,36,1.3055555555555556,160,Moderate
2025-11-16 18:00:00,59.6,61.0,47.1,1.113,22.6,36,1.4166666666666665,160,Moderate
2025-11-16 19:00:00,62.4,63.8,51.0,1.043,22.0,37,1.7222222222222223,159,Moderate
2025-11-16 20:00:00,64.5,65.7,53.1,0.975,21.0,40,1.6944444444444442,158,Moderate
2025-11-16 21:00:00,67.5,68.9,51.9,0.938,20.0,43,1.6944444444444442,158,Moderate
2025-11-16 22:00:00,70.8,72.2,48.9,0.902,19.5,44,1.972222222222222,157,Moderate
2025-11-16 23:00:00,72.2,73.6,45.1,0.856,18.4,48,1.7222222222222223,157,Moderate
2025-11-17 00:00:00,72.2,73.6,40.0,0.781,16.4,55,1.4166666666666665,156,Moderate
2025-11-17 01:00:00,72.9,74.3,34.3,0.695,15.5,58,1.3055555555555556,156,Moderate
2025-11-17 02:00:00,74.7,76.1,30.7,0.641,14.9,60,1.2777777777777777,156,Moderate
2025-11-17 03:00:00,77.3,78.7,30.9,0.594,14.2,62,1.2777777777777777,156,Moderate
2025-11-17 04:00:00,79.6,81.3,33.3,0.579,13.8,64,1.25,156,Moderate
2025-11-17 05:00:00,80.8,82.4,28.7,0.713,13.3,72,1.25,156,Moderate
2025-11-17 06:00:00,91.0,92.7,34.0,1.18,13.1,71,1.3611111111111112,156,Moderate
2025-11-17 07:00:00,105.2,106.6,40.9,1.796,13.4,69,1.6666666666666665,156,Moderate
2025-11-17 08:00:00,103.6,104.5,43.6,2.124,15.1,65,1.8888888888888888,157,Moderate
2025-11-17 09:00:00,98.3,99.4,38.2,1.892,18.0,54,1.1111111111111112,157,Moderate
2025-11-17 10:00:00,90.1,91.7,28.6,1.373,20.9,44,0.9722222222222222,157,Moderate
2025-11-17 11:00:00,77.3,79.4,20.6,0.95,23.4,36,1.027777777777778,157,Moderate
2025-11-17 12:00:00,61.9,64.0,13.5,0.736,25.1,30,1.472222222222222,158,Moderate
2025-11-17 13:00:00,59.5,61.2,8.1,0.618,26.0,28,1.611111111111111,158,Moderate
2025-11-17 14:00:00,58.6,60.1,12.4,0.644,26.2,27,1.4444444444444444,158,Moderate
2025-11-17 15:00:00,58.2,59.6,34.3,0.883,26.0,28,1.3333333333333333,159,Moderate
2025-11-17 16:00:00,65.2,66.4,65.8,1.266,25.1,31,1.0833333333333333,159,Moderate
2025-11-17 17:00:00,115.0,117.1,82.9,1.629,22.8,46,0.6666666666666666,160,Moderate
2025-11-17 18:00:00,143.4,145.3,89.1,1.901,21.3,52,0.5277777777777778,161,Moderate
2025-11-17 19:00:00,164.4,166.7,97.5,2.152,20.2,56,0.5555555555555556,163,Moderate
2025-11-17 20:00:00,180.7,183.0,102.9,2.433,19.4,59,0.38888888888888884,165,Moderate
2025-11-17 21:00:00,193.2,195.6,102.7,2.814,18.5,63,0.2777777777777778,168,Moderate
2025-11-17 22:00:00,201.2,203.5,99.6,3.1689999999999996,17.9,65,0.22222222222222224,170,Moderate
2025-11-17 23:00:00,204.0,206.3,95.9,3.1689999999999996,17.6,67,0.4444444444444445,173,Moderate
2025-11-18 00:00:00,203.0,205.8,92.2,3.1689999999999996,16.8,69,0.16666666666666666,176,Moderate
2025-11-18 01:00:00,202.1,204.4,88.0,3.1689999999999996,16.0,71,0.16666666666666666,179,Moderate
2025-11-18 02:00:00,200.2,202.6,84.0,3.1689999999999996,15.4,73,0.16666666666666666,182,Moderate
2025-11-18 03:00:00,195.6,198.4,80.0,3.1689999999999996,14.8,75,0.2777777777777778,185,Moderate
2025-11-18 04:00:00,191.4,193.7,76.2,3.003,13.9,79,0.5833333333333334,187,Moderate
2025-11-18 05:00:00,184.9,187.2,72.9,2.934,14.1,82,0.3333333333333333,190,Moderate
2025-11-18 06:00:00,185.3,187.7,74.2,3.1689999999999996,13.5,83,0.6666666666666666,192,Moderate
2025-11-18 07:00:00,190.5,192.3,75.3,3.1689999999999996,13.8,81,0.888888888888889,194,Moderate
2025-11-18 08:00:00,173.7,174.6,71.5,3.1689999999999996,15.6,71,1.1111111111111112,196,Moderate
2025-11-18 09:00:00,149.9,151.3,58.3,3.106,18.4,58,0.8611111111111112,197,Moderate
2025-11-18 10:00:00,122.5,124.3,40.1,2.019,21.1,47,1.027777777777778,199,Moderate
2025-11-18 11:00:00,96.6,98.5,25.6,1.178,23.7,39,1.3333333333333333,199,Moderate
2025-11-18 12:00:00,82.2,84.3,16.0,0.846,25.3,33,1.5555555555555554,200,Moderate
2025-11-18 13:00:00,76.1,78.0,10.2,0.76,26.0,33,1.7222222222222223,200,Moderate
2025-11-18 14:00:00,71.9,73.8,13.2,0.774,26.2,33,1.8611111111111112,201,Poor
2025-11-18 15:00:00,70.1,71.7,31.3,0.848,25.9,36,1.9166666666666667,202,Poor
2025-11-18 16:00:00,74.5,75.7,58.4,1.02,25.0,42,1.9444444444444444,202,Poor
2025-11-18 17:00:00,107.1,108.7,78.2,1.26,23.0,52,1.25,203,Poor
2025-11-18 18:00:00,124.3,125.7,85.8,1.581,21.7,61,0.888888888888889,202,Poor
2025-11-18 19:00:00,141.6,143.0,96.1,1.97,20.7,67,0.6666666666666666,201,Poor
2025-11-18 20:00:00,156.9,158.3,103.1,2.355,20.1,69,0.2777777777777778,200,Moderate
2025-11-18 21:00:00,170.0,171.8,104.4,2.793,19.9,70,0.11111111111111112,200,Moderate
2025-11-18 22:00:00,178.3,179.7,102.5,3.1689999999999996,19.1,72,0.3611111111111111,199,Moderate
2025-11-18 23:00:00,177.9,179.3,98.2,3.1689999999999996,18.4,76,0.6666666666666666,199,Moderate
2025-11-19 00:00:00,169.0,170.4,90.9,3.1689999999999996,17.4,78,0.6111111111111112,198,Moderate
2025-11-19 01:00:00,159.7,161.1,81.2,2.731,16.7,80,0.5555555555555556,197,Moderate
2025-11-19 02:00:00,152.7,154.1,72.8,2.312,15.6,84,1.0555555555555556,196,Moderate
2025-11-19 03:00:00,148.1,149.5,66.5,1.968,15.1,86,1.0555555555555556,195,Moderate
2025-11-19 04:00:00,143.9,145.3,61.3,1.672,14.6,86,0.6388888888888888,194,Moderate
2025-11-19 05:00:00,159.3,160.7,65.4,1.627,14.1,87,0.6111111111111112,193,Moderate
2025-11-19 06:00:00,164.8,166.2,67.8,2.123,13.7,87,0.6111111111111112,193,Moderate
2025-11-19 07:00:00,182.5,183.9,70.7,2.871,13.9,87,0.6944444444444444,192,Moderate
2025-11-19 08:00:00,186.7,187.7,69.1,3.1689999999999996,15.9,76,0.41666666666666663,192,Moderate
2025-11-19 09:00:00,149.0,149.5,59.0,2.699,18.8,62,0.05555555555555556,192,Moderate
2025-11-19 10:00:00,116.4,117.3,44.5,1.78,21.6,52,0.3055555555555556,192,Moderate
2025-11-19 11:00:00,93.4,94.5,33.1,1.051,23.9,48,1.3055555555555556,192,Moderate
2025-11-19 12:00:00,73.1,74.3,24.9,0.731,25.2,41,1.5,192,Moderate
2025-11-19 13:00:00,68.5,69.4,19.9,0.602,25.9,39,1.3333333333333333,192,Moderate
2025-11-19 14:00:00,65.9,66.8,25.3,0.614,26.1,38,1.1944444444444444,192,Moderate
2025-11-19 15:00:00,65.2,66.1,49.7,0.804,26.0,38,1.0833333333333333,192,Moderate
2025-11-19 16:00:00,73.1,73.8,84.6,1.134,25.2,41,1.0833333333333333,192,Moderate
2025-11-19 17:00:00,116.4,117.6,105.9,1.442,23.2,55,0.7777777777777777,192,Moderate
2025-11-19 18:00:00,145.3,146.7,111.9,1.651,22.1,61,0.6944444444444444,192,Moderate
2025-11-19 19:00:00,162.5,163.4,119.9,1.838,21.1,66,0.7222222222222222,192,Moderate
2025-11-19 20:00:00,172.8,173.7,124.3,2.074,20.4,70,0.5555555555555556,193,Moderate
2025-11-19 21:00:00,181.1,182.1,121.8,2.443,19.6,73,0.3333333333333333,193,Moderate
2025-11-19 22:00:00,188.6,190.0,115.6,2.86,19.0,75,0.1388888888888889,193,Moderate
2025-11-19 23:00:00,192.8,194.2,109.9,3.144,18.8,77,0.19444444444444442,194,Moderate
2025-11-20 00:00:00,193.7,195.1,106.2,3.1689999999999996,18.0,80,0.05555555555555556,194,Moderate
2025-11-20 01:00:00,193.7,194.6,103.1,3.128,17.4,83,0.11111111111111112,194,Moderate
2025-11-20 02:00:00,191.4,192.8,100.0,3.011,16.6,85,0.41666666666666663,195,Moderate
2025-11-20 03:00:00,189.1,190.5,96.3,2.81,16.0,86,0.6666666666666666,196,Moderate
2025-11-20 04:00:00,187.2,188.6,92.7,2.567,15.4,87,0.8611111111111112,197,Moderate
2025-11-20 05:00:00,204.0,205.4,123.3,2.493,15.0,89,0.8055555555555555,198,Moderate
2025-11-20 06:00:00,207.2,208.6,123.6,2.836,14.4,88,1.0,199,Moderate
2025-11-20 07:00:00,220.3,221.2,123.1,3.1689999999999996,15.1,84,1.0555555555555556,200,Moderate
2025-11-20 08:00:00,209.1,209.5,115.8,3.1689999999999996,16.9,75,0.9444444444444444,201,Poor
2025-11-20 09:00:00,181.6,182.5,95.9,2.941,19.5,63,0.3333333333333333,202,Poor
2025-11-20 10:00:00,155.5,156.5,69.2,2.021,22.4,54,0.11111111111111112,203,Poor
2025-11-20 11:00:00,128.1,129.0,47.2,1.302,24.5,45,1.1388888888888888,205,Poor
2025-11-20 12:00:00,109.4,110.8,30.8,0.999,25.8,40,1.3611111111111112,206,Poor
2025-11-20 13:00:00,106.2,107.6,19.1,0.897,26.3,38,1.2777777777777777,208,Poor
2025-11-20 14:00:00,104.8,106.2,20.8,0.904,26.5,37,1.1666666666666667,210,Poor
2025-11-20 15:00:00,105.5,106.9,44.8,0.995,26.2,38,1.25,211,Poor
2025-11-20 16:00:00,119.7,121.1,82.3,1.196,25.5,40,1.5277777777777777,213,Poor
2025-11-20 17:00:00,156.9,158.8,98.8,1.491,24.1,44,1.777777777777778,215,Poor
2025-11-20 18:00:00,186.7,189.1,109.1,1.916,23.0,50,1.2222222222222223,216,Poor
2025-11-20 19:00:00,207.2,209.5,123.3,2.436,21.9,57,1.0,218,Poor
2025-11-20 20:00:00,218.4,220.3,133.5,2.933,21.0,61,0.3611111111111111,220,Poor
2025-11-20 21:00:00,221.7,224.0,134.8,3.1689999999999996,20.0,66,0.11111111111111112,222,Poor
2025-11-20 22:00:00,221.2,223.5,134.5,3.1689999999999996,19.2,69,0.25,224,Poor
2025-11-20 23:00:00,219.3,221.7,131.9,3.1689999999999996,19.1,71,0.08333333333333333,225,Poor
2025-11-21 00:00:00,217.0,219.8,128.9,3.1689999999999996,18.0,74,0.16666666666666666,226,Poor
2025-11-21 01:00:00,217.0,219.3,124.9,3.1689999999999996,17.3,77,0.1388888888888889,227,Poor
2025-11-21 02:00:00,217.5,220.3,121.2,3.1689999999999996,16.5,81,0.11111111111111112,228,Poor
2025-11-21 03:00:00,217.9,221.2,118.2,3.1689999999999996,15.8,83,0.08333333333333333,229,Poor
2025-11-21 04:00:00,219.8,222.6,115.5,3.1689999999999996,15.4,85,0.16666666666666666,230,Poor
2025-11-21 05:00:00,215.6,218.4,105.3,3.1689999999999996,15.2,88,0.25,232,Poor
2025-11-21 06:00:00,213.3,216.5,103.4,3.1689999999999996,14.8,88,0.5833333333333334,232,Poor
2025-11-21 07:00:00,212.3,215.1,100.1,3.1689999999999996,15.1,86,0.9722222222222222,232,Poor
2025-11-21 08:00:00,193.2,195.1,92.1,3.1689999999999996,17.5,71,1.1944444444444444,232,Poor
2025-11-21 09:00:00,171.8,173.7,75.7,2.848,20.3,61,0.6111111111111112,231,Poor
2025-11-21 10:00:00,146.7,149.5,54.6,1.724,22.8,54,0.888888888888889,231,Poor
2025-11-21 11:00:00,118.3,122.0,37.3,0.895,24.5,47,1.5277777777777777,231,Poor
2025-11-21 12:00:00,96.2,99.4,23.3,0.615,25.7,40,1.2777777777777777,230,Poor
2025-11-21 13:00:00,90.8,93.4,13.1,0.63,26.2,37,0.9444444444444444,230,Poor
2025-11-21 14:00:00,89.2,91.7,16.1,0.772,26.5,36,0.75,229,Poor
2025-11-21 15:00:00,89.9,92.2,43.1,1.053,26.2,36,0.7777777777777777,228,Poor
2025-11-21 16:00:00,102.0,104.1,83.2,1.461,25.6,38,0.6388888888888888,228,Poor
2025-11-21 17:00:00,156.0,158.3,115.7,1.787,23.8,51,0.3611111111111111,227,Poor
2025-11-21 18:00:00,188.6,191.4,120.9,1.934,22.4,56,0.3611111111111111,227,Poor
2025-11-21 19:00:00,210.5,213.7,127.7,2.0,21.5,55,1.1388888888888888,227,Poor
2025-11-21 20:00:00,223.5,226.8,129.8,2.065,20.4,62,1.1666666666666667,227,Poor
2025-11-21 21:00:00,226.8,230.0,123.2,2.156,19.6,67,1.0555555555555556,227,Poor
2025-11-21 22:00:00,223.5,226.8,111.9,2.247,18.6,72,0.9722222222222222,228,Poor
2025-11-21 23:00:00,219.3,222.6,101.9,2.339,18.2,76,0.5277777777777778,228,Poor
2025-11-22 00:00:00,215.6,218.9,94.7,2.464,17.2,79,0.38888888888888884,228,Poor
2025-11-22 01:00:00,215.1,218.4,88.9,2.59,16.6,82,0.3333333333333333,228,Poor
2025-11-22 02:00:00,217.5,221.2,85.7,2.62,16.2,83,0.08333333333333333,228,Poor
2025-11-22 03:00:00,220.7,224.4,86.4,2.421,15.9,84,0.25,228,Poor
2025-11-22 04:00:00,223.1,226.3,89.7,2.125,15.8,83,0.3611111111111111,228,Poor
2025-11-22 05:00:00,208.6,211.9,77.8,2.032,15.1,86,0.8055555555555555,228,Poor
2025-11-22 06:00:00,220.3,223.1,86.0,2.444,14.9,87,1.1111111111111112,228,Poor
2025-11-22 07:00:00,237.0,240.3,96.3,3.059,15.4,85,1.1944444444444444,228,Poor
2025-11-22 08:00:00,241.2,243.1,96.7,3.1689999999999996,17.5,74,1.4166666666666665,229,Poor
2025-11-22 09:00:00,210.5,212.8,77.8,2.66,20.4,62,0.8611111111111112,231,Poor
2025-11-22 10:00:00,168.1,170.9,49.0,1.647,23.1,49,0.9722222222222222,232,Poor
2025-11-22 11:00:00,134.6,137.8,26.2,0.877,24.9,35,1.5,233,Poor
2025-11-22 12:00:00,117.3,121.1,13.9,0.615,25.9,30,1.3888888888888888,234,Poor
2025-11-22 13:00:00,106.2,110.6,7.6,0.596,26.4,27,1.5,235,Poor
2025-11-22 14:00:00,98.3,102.9,9.8,0.67,26.4,27,1.6944444444444442,236,Poor
2025-11-22 15:00:00,94.1,98.5,25.6,0.794,26.0,27,1.8611111111111112,236,Poor
2025-11-22 16:00:00,102.9,106.4,49.8,1.011,25.2,29,1.8333333333333333,236,Poor
2025-11-22 17:00:00,151.3,156.5,83.0,1.299,23.3,42,0.9444444444444444,236,Poor
2025-11-22 18:00:00,173.2,177.9,88.9,1.713,22.5,44,0.3611111111111111,236,Poor
2025-11-22 19:00:00,191.4,196.0,96.7,2.199,21.7,48,0.16666666666666666,235,Poor
2025-11-22 20:00:00,204.4,208.6,100.9,2.573,20.7,50,0.16666666666666666,235,Poor
2025-11-22 21:00:00,212.3,216.1,98.7,2.777,19.8,52,0.16666666666666666,234,Poor
2025-11-22 22:00:00,216.1,219.3,92.9,2.868,18.5,57,0.3611111111111111,233,Poor
2025-11-22 23:00:00,214.2,217.5,86.0,2.834,17.6,64,0.7222222222222222,233,Poor
2025-11-23 00:00:00,207.7,210.5,78.2,2.61,16.0,70,0.6388888888888888,233,Poor
2025-11-23 01:00:00,197.9,200.2,69.2,2.261,15.2,74,1.0,232,Poor
2025-11-23 02:00:00,186.7,188.6,61.0,1.966,15.1,75,0.5277777777777778,232,Poor
2025-11-23 03:00:00,176.5,178.3,52.7,1.732,14.8,76,0.5277777777777778,230,Poor
2025-11-23 04:00:00,170.4,172.3,45.2,1.553,14.2,78,1.1111111111111112,228,Poor
2025-11-23 05:00:00,208.2,210.5,65.6,1.587,13.9,84,0.888888888888889,226,Poor
2025-11-23 06:00:00,220.7,223.5,70.7,2.084,13.6,84,0.888888888888889,226,Poor
2025-11-23 07:00:00,242.1,244.9,77.2,2.795,14.1,82,0.8611111111111112,226,Poor
2025-11-23 08:00:00,245.0,249.6,77.5,3.129,16.1,71,0.8611111111111112,226,Poor
2025-11-23 09:00:00,209.5,211.4,66.2,2.72,19.2,59,0.3611111111111111,227,Poor
2025-11-23 10:00:00,170.0,172.3,48.6,1.934,22.1,47,0.25,227,Poor
2025-11-23 11:00:00,137.4,139.7,33.7,1.281,23.6,42,0.3333333333333333,227,Poor
2025-11-23 12:00:00,128.5,131.3,22.3,0.93,25.6,32,0.888888888888889,227,Poor
2025-11-23 13:00:00,117.8,121.1,13.5,0.712,26.2,27,1.3611111111111112,227,Poor
2025-11-23 14:00:00,104.3,107.6,13.2,0.632,26.3,26,1.5833333333333333,228,Poor
2025-11-23 15:00:00,96.9,99.9,28.0,0.724,25.9,27,1.8333333333333333,228,Poor
2025-11-23 16:00:00,104.3,106.6,51.3,0.954,24.9,31,1.972222222222222,228,Poor
2025-11-23 17:00:00,154.1,156.9,73.5,1.225,22.8,42,1.1666666666666667,228,Poor
2025-11-23 18:00:00,168.1,170.9,76.6,1.566,21.6,45,1.0555555555555556,228,Poor
2025-11-23 19:00:00,174.6,177.0,80.5,1.948,20.5,53,0.9166666666666666,228,Poor
2025-11-23 20:00:00,181.1,183.5,82.0,2.193,19.4,58,0.8611111111111112,227,Poor
2025-11-23 21:00:00,187.2,189.1,79.1,2.193,18.5,60,1.0,226,Poor
2025-11-23 22:00:00,189.5,191.9,73.7,2.055,17.6,64,1.1111111111111112,225,Poor
2025-11-23 23:00:00,186.7,189.1,67.6,1.924,17.1,68,1.1944444444444444,224,Poor
2025-11-24 00:00:00,180.7,183.0,60.5,1.85,16.0,72,1.1388888888888888,223,Poor
2025-11-24 01:00:00,174.6,177.4,52.6,1.783,15.7,73,0.7222222222222222,222,Poor
2025-11-24 02:00:00,170.9,173.7,46.5,1.712,14.9,76,1.1111111111111112,221,Poor
2025-11-24 03:00:00,168.1,170.9,42.9,1.576,14.3,78,1.0833333333333333,220,Poor
2025-11-24 04:00:00,166.2,169.0,41.2,1.437,13.8,79,1.0555555555555556,220,Poor
2025-11-24 05:00:00,175.6,178.3,41.9,1.465,13.3,85,1.1111111111111112,220,Poor
2025-11-24 06:00:00,181.1,183.9,48.6,1.88,12.9,86,1.0833333333333333,219,Poor
2025-11-24 07:00:00,196.0,198.8,57.2,2.462,13.2,84,1.0833333333333333,217,Poor
2025-11-24 08:00:00,195.1,197.0,59.4,2.725,15.0,76,1.0833333333333333,215,Poor
2025-11-24 09:00:00,171.4,173.2,49.2,2.353,17.8,63,0.5277777777777778,213,Poor
2025-11-24 10:00:00,133.2,135.0,32.6,1.662,20.6,51,0.3611111111111111,211,Poor
2025-11-24 11:00:00,97.3,99.0,19.5,1.113,22.8,42,0.888888888888889,210,Poor
2025-11-24 12:00:00,79.4,80.8,12.3,0.872,24.2,35,1.0,208,Poor
2025-11-24 13:00:00,72.6,74.0,8.6,0.773,24.9,31,1.1944444444444444,206,Poor
2025-11-24 14:00:00,68.9,70.3,11.4,0.777,25.1,29,1.3055555555555556,204,Poor
2025-11-24 15:00:00,65.7,67.1,24.6,0.893,24.9,29,1.5555555555555554,203,Poor
2025-11-24 16:00:00,68.5,69.4,44.3,1.111,24.0,31,1.7222222222222223,201,Poor
2025-11-24 17:00:00,87.1,88.5,61.4,1.367,21.9,43,1.1388888888888888,200,Moderate
2025-11-24 18:00:00,100.8,102.0,69.3,1.702,20.9,49,0.9722222222222222,198,Moderate
2025-11-24 19:00:00,112.5,113.9,80.1,2.074,19.9,53,0.8611111111111112,197,Moderate
2025-11-24 20:00:00,123.4,124.8,86.8,2.294,18.9,55,1.0,196,Moderate
2025-11-24 21:00:00,133.2,134.6,86.2,2.258,17.9,58,1.027777777777778,194,Moderate
2025-11-24 22:00:00,139.7,141.1,81.6,2.07,17.0,61,1.0555555555555556,193,Moderate
2025-11-24 23:00:00,139.2,140.2,75.6,1.854,16.5,64,0.9166666666666666,192,Moderate
2025-11-25 00:00:00,131.3,132.2,68.4,1.618,15.5,66,0.75,191,Moderate
2025-11-25 01:00:00,123.9,124.8,59.9,1.354,14.4,69,1.2222222222222223,190,Moderate
2025-11-25 02:00:00,118.7,119.7,52.3,1.161,13.9,73,0.8055555555555555,189,Moderate
2025-11-25 03:00:00,115.9,117.1,45.8,1.051,13.1,75,1.0555555555555556,188,Moderate
2025-11-25 04:00:00,114.8,115.7,40.2,1.013,12.6,77,1.1388888888888888,187,Moderate
2025-11-25 05:00:00,116.2,117.3,35.6,1.111,12.2,81,1.2222222222222223,185,Moderate
2025-11-25 06:00:00,123.4,124.3,39.9,1.505,12.0,81,1.2222222222222223,184,Moderate
2025-11-25 07:00:00,132.7,133.6,45.5,2.035,12.3,79,1.6388888888888888,183,Moderate
2025-11-25 08:00:00,126.2,126.7,46.4,2.29,14.0,71,1.611111111111111,181,Moderate
2025-11-25 09:00:00,115.0,115.5,38.4,2.001,16.9,59,0.9722222222222222,180,Moderate
2025-11-25 10:00:00,96.4,97.1,25.8,1.437,19.8,49,1.0555555555555556,179,Moderate
2025-11-25 11:00:00,71.7,72.4,15.9,0.988,22.1,42,1.75,178,Moderate
2025-11-25 12:00:00,54.8,55.5,10.1,0.794,23.5,36,2.0277777777777777,177,Moderate
2025-11-25 13:00:00,49.2,49.9,7.0,0.715,24.1,34,2.055555555555556,177,Moderate
2025-11-25 14:00:00,48.0,48.8,9.6,0.729,24.2,33,2.0833333333333335,176,Moderate
2025-11-25 15:00:00,47.8,48.8,21.3,0.864,24.0,32,2.111111111111111,176,Moderate
2025-11-25 16:00:00,51.0,51.7,38.7,1.091,23.1,33,2.111111111111111,175,Moderate
2025-11-25 17:00:00,65.7,66.1,51.4,1.297,21.5,39,1.3611111111111112,175,Moderate
2025-11-25 18:00:00,81.0,81.5,58.1,1.461,20.8,42,1.4444444444444444,175,Moderate
2025-11-25 19:00:00,89.9,90.3,66.9,1.604,20.0,44,1.5277777777777777,174,Moderate
2025-11-25 20:00:00,92.9,93.1,70.7,1.683,19.0,48,1.5277777777777777,174,Moderate
2025-11-25 21:00:00,92.2,92.7,65.3,1.665,18.0,53,1.472222222222222,173,Moderate
2025-11-25 22:00:00,92.0,92.4,54.9,1.582,17.0,57,1.4444444444444444,172,Moderate
2025-11-25 23:00:00,90.3,90.8,45.2,1.483,16.5,60,1.4444444444444444,171,Moderate
2025-11-26 00:00:00,88.2,88.5,37.8,1.366,15.6,63,1.6388888888888888,170,Moderate
2025-11-26 01:00:00,87.8,88.0,31.1,1.233,14.9,65,1.5277777777777777,169,Moderate
2025-11-26 02:00:00,88.5,88.9,26.3,1.143,14.0,69,1.2777777777777777,168,Moderate
2025-11-26 03:00:00,89.4,90.1,23.2,1.08,13.1,74,1.1111111111111112,168,Moderate
2025-11-26 04:00:00,91.0,91.5,21.9,1.06,12.5,77,0.9722222222222222,167,Moderate
2025-11-26 05:00:00,97.1,97.8,24.6,1.193,12.2,82,0.9722222222222222,166,Moderate
2025-11-26 06:00:00,105.7,106.4,33.7,1.677,11.6,84,0.9722222222222222,166,Moderate
2025-11-26 07:00:00,123.4,124.3,45.8,2.315,12.0,82,1.0555555555555556,166,Moderate
2025-11-26 08:00:00,129.9,130.9,51.4,2.625,13.6,75,1.2222222222222223,165,Moderate
2025-11-26 09:00:00,122.0,122.5,44.5,2.289,16.5,62,0.6944444444444444,166,Moderate
2025-11-26 10:00:00,110.4,111.3,31.1,1.626,19.4,51,0.5,166,Moderate
2025-11-26 11:00:00,93.6,94.8,20.4,1.108,21.3,42,0.8333333333333333,166,Moderate
2025-11-26 12:00:00,70.3,71.5,13.7,0.918,23.0,34,0.9722222222222222,166,Moderate
2025-11-26 13:00:00,61.5,62.9,9.7,0.872,23.8,31,1.0,167,Moderate
2025-11-26 14:00:00,60.1,61.7,13.6,0.898,24.0,30,0.9722222222222222,167,Moderate
2025-11-26 15:00:00,59.5,61.0,30.8,1.004,23.8,30,1.1666666666666667,167,Moderate
2025-11-26 16:00:00,67.1,68.2,55.9,1.181,22.9,33,1.611111111111111,168,Moderate
2025-11-26 17:00:00,84.5,85.9,76.0,1.326,21.1,40,1.8888888888888888,168,Moderate
2025-11-26 18:00:00,109.7,111.1,85.7,1.354,20.0,45,1.3055555555555556,168,Moderate
2025-11-26 19:00:00,131.3,132.2,99.1,1.351,18.5,52,1.0833333333333333,169,Moderate
2025-11-26 20:00:00,149.0,150.4,108.8,1.469,17.5,56,0.9722222222222222,170,Moderate
2025-11-26 21:00:00,166.2,167.6,111.4,1.839,16.6,63,0.5833333333333334,171,Moderate
2025-11-26 22:00:00,183.5,184.4,110.4,2.331,16.0,66,0.19444444444444442,173,Moderate
2025-11-26 23:00:00,195.1,196.5,109.1,2.709,15.9,69,0.0,175,Moderate
2025-11-27 00:00:00,198.8,200.2,109.0,2.876,15.1,70,0.1388888888888889,177,Moderate
2025-11-27 01:00:00,198.4,199.8,108.5,2.93,14.5,71,0.08333333333333333,179,Moderate
2025-11-27 02:00:00,196.0,197.4,106.5,2.928,13.6,75,0.22222222222222224,182,Moderate
2025-11-27 03:00:00,191.9,193.2,101.8,2.836,12.9,79,0.19444444444444442,184,Moderate
2025-11-27 04:00:00,189.5,190.9,95.6,2.688,12.1,83,0.3611111111111111,186,Moderate
2025-11-27 05:00:00,185.8,186.7,84.9,2.645,11.4,89,0.38888888888888884,189,Moderate
2025-11-27 06:00:00,187.2,188.1,85.3,2.903,11.1,90,0.4444444444444445,191,Moderate
2025-11-27 07:00:00,194.2,194.6,85.1,3.1689999999999996,11.1,90,0.7222222222222222,192,Moderate
2025-11-27 08:00:00,179.7,180.2,79.4,3.1689999999999996,13.4,76,0.7777777777777777,194,Moderate
2025-11-27 09:00:00,140.2,140.6,62.6,2.713,16.7,60,0.6111111111111112,195,Moderate
2025-11-27 10:00:00,98.3,99.0,40.3,1.794,19.4,50,0.6944444444444444,195,Moderate
2025-11-27 11:00:00,67.3,68.2,23.9,1.098,21.1,44,0.7777777777777777,195,Moderate
2025-11-27 12:00:00,56.0,56.9,16.9,0.845,22.8,39,0.6944444444444444,195,Moderate
2025-11-27 13:00:00,50.4,51.5,15.8,0.814,23.5,36,0.6388888888888888,194,Moderate
2025-11-27 14:00:00,47.7,48.9,22.1,0.884,23.9,35,0.8055555555555555,194,Moderate
2025-11-27 15:00:00,46.8,48.1,40.2,1.072,23.8,35,1.0555555555555556,194,Moderate
2025-11-27 16:00:00,51.1,52.3,65.6,1.361,23.0,37,1.4166666666666665,193,Moderate
2025-11-27 17:00:00,103.6,106.4,90.4,1.584,21.5,44,1.4166666666666665,193,Moderate
2025-11-27 18:00:00,129.9,132.7,97.9,1.675,20.1,51,1.3055555555555556,194,Moderate
2025-11-27 19:00:00,147.6,149.9,107.8,1.699,18.8,58,1.1111111111111112,194,Moderate
2025-11-27 20:00:00,157.4,159.3,112.7,1.682,17.6,64,1.0555555555555556,194,Moderate
2025-11-27 21:00:00,159.3,161.1,108.5,1.612,16.7,69,1.027777777777778,195,Moderate
2025-11-27 22:00:00,154.6,156.5,99.3,1.5,15.9,73,1.1111111111111112,194,Moderate
2025-11-27 23:00:00,142.5,143.9,89.3,1.406,15.2,78,1.0,194,Moderate
2025-11-28 00:00:00,129.5,130.9,79.7,1.35,14.1,80,1.1388888888888888,193,Moderate
2025-11-28 01:00:00,122.0,123.4,69.3,1.311,13.5,80,1.1666666666666667,191,Moderate
2025-11-28 02:00:00,117.1,118.3,59.2,1.286,13.0,80,1.0833333333333333,189,Moderate
2025-11-28 03:00:00,113.4,114.6,48.2,1.234,12.8,82,1.1666666666666667,188,Moderate
2025-11-28 04:00:00,110.4,111.3,37.4,1.196,12.5,85,1.3055555555555556,186,Moderate
2025-11-28 05:00:00,101.3,102.2,22.3,1.294,11.9,89,1.1111111111111112,184,Moderate
2025-11-28 06:00:00,105.5,106.2,30.7,1.709,11.6,89,1.1111111111111112,182,Moderate
2025-11-28 07:00:00,115.9,116.6,41.8,2.26,12.0,86,1.0833333333333333,181,Moderate
2025-11-28 08:00:00,115.7,116.4,46.9,2.523,13.9,75,1.472222222222222,179,Moderate
2025-11-28 09:00:00,107.6,108.0,40.1,2.226,16.6,62,1.0833333333333333,177,Moderate
2025-11-28 10:00:00,86.1,86.8,27.2,1.642,19.5,50,1.1666666666666667,177,Moderate
2025-11-28 11:00:00,60.1,61.2,17.2,1.163,21.9,42,1.2777777777777777,176,Moderate
2025-11-28 12:00:00,46.9,48.8,12.6,0.924,24.0,34,1.3055555555555556,176,Moderate
2025-11-28 13:00:00,42.7,44.8,10.9,0.79,24.8,31,1.5833333333333333,176,Moderate
2025-11-28 14:00:00,40.5,42.7,13.3,0.754,25.5,28,1.8055555555555556,176,Moderate
2025-11-28 15:00:00,40.3,42.3,22.7,0.852,25.4,28,1.9444444444444444,176,Moderate
2025-11-28 16:00:00,42.7,44.5,36.2,1.047,24.5,31,1.9166666666666667,176,Moderate
2025-11-28 17:00:00,61.5,63.1,53.4,1.218,21.5,52,0.6111111111111112,175,Moderate
2025-11-28 18:00:00,68.7,70.1,53.5,1.337,20.7,54,0.888888888888889,175,Moderate
2025-11-28 19:00:00,69.4,70.5,53.4,1.432,20.1,53,1.2222222222222223,173,Moderate
2025-11-28 20:00:00,68.7,69.6,51.6,1.468,19.7,54,1.5,171,Moderate
2025-11-28 21:00:00,67.5,68.5,47.0,1.411,18.8,57,1.6388888888888888,170,Moderate
2025-11-28 22:00:00,66.6,67.8,40.7,1.293,18.0,60,1.6666666666666665,168,Moderate
2025-11-28 23:00:00,65.0,66.1,34.7,1.181,17.1,65,1.4166666666666665,166,Moderate
2025-11-29 00:00:00,63.6,64.5,29.5,1.087,16.4,67,1.8611111111111112,164,Moderate
2025-11-29 01:00:00,62.9,63.8,24.6,0.997,15.9,67,2.055555555555556,162,Moderate
2025-11-29 02:00:00,62.6,63.3,20.8,0.937,15.4,68,2.055555555555556,161,Moderate
2025-11-29 03:00:00,61.9,62.6,18.0,0.899,14.9,68,2.1666666666666665,160,Moderate
2025-11-29 04:00:00,61.2,61.9,16.4,0.892,14.6,69,2.1666666666666665,159,Moderate
2025-11-29 05:00:00,64.0,64.7,18.8,0.961,14.0,72,2.1944444444444446,158,Moderate
2025-11-29 06:00:00,64.3,65.0,24.4,1.199,13.6,73,2.111111111111111,157,Moderate
2025-11-29 07:00:00,67.8,68.2,31.8,1.514,13.6,73,2.1666666666666665,156,Moderate
2025-11-29 08:00:00,71.9,72.2,35.6,1.68,14.9,68,2.0,155,Moderate
2025-11-29 09:00:00,68.2,68.5,32.3,1.569,17.2,59,1.6666666666666665,154,Moderate
2025-11-29 10:00:00,63.3,64.0,25.3,1.309,20.0,49,1.6944444444444442,153,Moderate
2025-11-29 11:00:00,54.1,55.3,19.1,1.063,23.0,39,1.7222222222222223,153,Moderate
2025-11-29 12:00:00,43.1,44.7,14.0,0.857,25.1,32,2.111111111111111,153,Moderate
2025-11-29 13:00:00,39.6,41.6,9.8,0.664,26.0,30,2.944444444444444,152,Moderate
2025-11-29 14:00:00,37.6,39.5,10.0,0.575,25.9,32,3.1111111111111107,152,Moderate
2025-11-29 15:00:00,36.4,38.1,17.9,0.655,25.4,33,2.9166666666666665,152,Moderate
2025-11-29 16:00:00,37.0,38.5,30.3,0.837,24.5,34,2.5,152,Moderate
2025-11-29 17:00:00,47.0,48.2,47.5,1.011,23.0,39,1.25,152,Moderate
2025-11-29 18:00:00,52.6,53.7,49.4,1.159,22.0,42,1.2222222222222223,152,Moderate
2025-11-29 19:00:00,55.2,56.1,51.8,1.298,21.1,44,1.4444444444444444,151,Moderate
2025-11-29 20:00:00,54.8,55.6,51.7,1.366,20.1,46,1.5833333333333333,151,Moderate
2025-11-29 21:00:00,53.0,53.7,47.1,1.318,19.2,47,1.6666666666666665,151,Moderate
2025-11-29 22:00:00,52.9,53.4,40.0,1.198,18.1,50,1.5555555555555554,150,Moderate
2025-11-29 23:00:00,53.1,53.6,33.3,1.076,17.5,52,1.5555555555555554,150,Moderate
2025-11-30 00:00:00,53.1,53.4,27.7,0.964,16.3,54,1.8611111111111112,150,Moderate
2025-11-30 01:00:00,53.6,53.8,22.5,0.849,15.2,56,1.972222222222222,148,Moderate
2025-11-30 02:00:00,54.1,54.5,18.7,0.765,14.4,56,1.6388888888888888,148,Moderate
2025-11-30 03:00:00,55.2,55.5,16.4,0.7,13.7,57,1.4166666666666665,147,Moderate
2025-11-30 04:00:00,56.6,56.9,15.6,0.665,13.1,59,1.3333333333333333,146,Moderate
2025-11-30 05:00:00,58.6,59.0,16.1,0.732,12.9,65,1.6388888888888888,145,Moderate
2025-11-30 06:00:00,63.1,63.6,23.1,1.013,12.1,68,1.5277777777777777,145,Moderate
2025-11-30 07:00:00,70.5,71.0,32.5,1.396,12.1,68,1.8055555555555556,145,Moderate
2025-11-30 08:00:00,76.6,77.1,37.3,1.61,13.4,63,1.8611111111111112,145,Moderate
2025-11-30 09:00:00,74.3,75.0,33.4,1.5,15.7,55,1.611111111111111,146,Moderate
2025-11-30 10:00:00,68.7,69.4,25.0,1.222,18.5,45,1.5555555555555554,146,Moderate
2025-11-30 11:00:00,54.9,56.2,17.8,0.97,21.5,35,2.111111111111111,147,Moderate
2025-11-30 12:00:00,39.2,40.5,12.8,0.789,23.5,28,2.6666666666666665,147,Moderate
2025-11-30 13:00:00,36.1,37.0,9.1,0.635,24.1,27,3.5277777777777777,146,Moderate
2025-11-30 14:00:00,34.8,35.6,9.3,0.567,23.9,28,3.611111111111111,146,Moderate
2025-11-30 15:00:00,33.9,34.6,16.0,0.642,23.6,28,3.4444444444444446,146,Moderate
2025-11-30 16:00:00,36.0,36.4,26.6,0.805,22.8,30,2.75,146,Moderate
2025-11-30 17:00:00,45.6,46.1,37.7,0.946,21.2,34,2.0277777777777777,145,Moderate
2025-11-30 18:00:00,57.2,57.6,42.9,1.036,20.1,38,1.8333333333333333,145,Moderate
2025-11-30 19:00:00,63.3,63.8,50.0,1.104,19.1,41,1.6666666666666665,146,Moderate
2025-11-30 20:00:00,69.4,69.6,54.4,1.137,18.2,42,1.5555555555555554,147,Moderate
2025-11-30 21:00:00,75.0,75.4,54.1,1.123,17.4,42,1.6388888888888888,148,Moderate
2025-11-30 22:00:00,79.9,80.1,51.1,1.072,16.5,42,1.5277777777777777,150,Moderate
2025-11-30 23:00:00,80.6,81.0,46.7,1.004,15.8,46,1.5,151,Moderate
2025-12-01 00:00:00,77.8,78.0,39.8,0.898,14.6,46,1.5277777777777777,151,Moderate
2025-12-01 01:00:00,76.1,76.4,31.5,0.773,13.6,50,1.4444444444444444,152,Moderate
2025-12-01 02:00:00,76.6,76.8,26.0,0.709,12.5,55,1.4166666666666665,152,Moderate
2025-12-01 03:00:00,78.7,79.2,24.8,0.648,11.5,61,1.1666666666666667,153,Moderate
2025-12-01 04:00:00,82.0,82.2,26.4,0.647,10.8,66,1.0,153,Moderate
2025-12-01 05:00:00,91.3,91.5,29.6,0.954,10.1,77,0.7222222222222222,154,Moderate
2025-12-01 06:00:00,102.2,102.7,40.3,1.956,9.8,78,0.11111111111111112,155,Moderate
2025-12-01 07:00:00,126.2,126.7,54.6,3.1689999999999996,9.9,78,0.19444444444444442,155,Moderate
2025-12-01 08:00:00,141.6,141.6,61.1,3.1689999999999996,11.9,68,0.5277777777777778,157,Moderate
2025-12-01 09:00:00,117.1,117.6,52.6,3.1689999999999996,14.8,56,0.25,158,Moderate
2025-12-01 10:00:00,91.3,91.7,36.4,2.4,17.7,45,0.3055555555555556,159,Moderate
2025-12-01 11:00:00,71.9,72.6,23.3,1.501,20.7,36,0.5,160,Moderate
2025-12-01 12:00:00,59.0,59.5,15.2,1.071,23.1,28,0.8611111111111112,160,Moderate
2025-12-01 13:00:00,49.0,49.5,10.2,0.83,24.2,24,1.1944444444444444,160,Moderate
2025-12-01 14:00:00,43.5,43.9,13.1,0.732,24.6,23,1.5,161,Moderate
2025-12-01 15:00:00,42.0,42.5,28.8,0.8,24.4,24,1.5833333333333333,161,Moderate
2025-12-01 16:00:00,48.5,48.9,52.4,1.011,23.2,27,1.4444444444444444,161,Moderate
2025-12-01 17:00:00,84.5,85.2,73.8,1.257,20.5,38,1.1388888888888888,161,Moderate
2025-12-01 18:00:00,112.0,112.7,84.9,1.518,19.1,48,0.888888888888889,162,Moderate
2025-12-01 19:00:00,135.0,136.0,100.0,1.813,18.1,55,0.6111111111111112,163,Moderate
2025-12-01 20:00:00,152.3,153.2,109.9,2.095,17.3,58,0.5555555555555556,165,Moderate
2025-12-01 21:00:00,163.4,164.4,109.9,2.401,16.4,61,0.6944444444444444,167,Moderate
2025-12-01 22:00:00,170.0,170.9,104.7,2.694,15.6,65,0.7222222222222222,169,Moderate
2025-12-01 23:00:00,172.8,173.7,98.9,2.809,15.3,67,0.5,171,Moderate
2025-12-02 00:00:00,170.0,170.4,93.9,2.615,13.9,73,0.5833333333333334,173,Moderate
2025-12-02 01:00:00,165.3,166.2,88.3,2.244,13.4,73,1.1388888888888888,175,Moderate
2025-12-02 02:00:00,154.6,155.5,82.1,1.93,13.1,70,1.25,177,Moderate
2025-12-02 03:00:00,141.1,142.0,74.0,1.708,12.7,71,1.0555555555555556,178,Moderate
2025-12-02 04:00:00,129.0,129.9,65.3,1.542,12.5,72,0.6388888888888888,180,Moderate
2025-12-02 05:00:00,110.6,111.5,35.7,1.559,12.1,78,0.6944444444444444,181,Moderate
2025-12-02 06:00:00,118.5,119.2,45.9,1.968,12.1,76,0.8611111111111112,181,Moderate
2025-12-02 07:00:00,138.8,139.7,59.5,2.559,12.3,76,0.6388888888888888,182,Moderate
2025-12-02 08:00:00,158.3,158.8,66.3,2.832,14.1,66,0.5,182,Moderate
2025-12-02 09:00:00,137.4,137.8,60.1,2.47,17.1,54,0.3611111111111111,182,Moderate
2025-12-02 10:00:00,101.5,102.4,47.1,1.79,20.2,41,0.4722222222222222,183,Moderate
2025-12-02 11:00:00,77.1,77.8,36.0,1.24,22.7,41,0.8333333333333333,183,Moderate
2025-12-02 12:00:00,61.2,61.9,28.1,0.99,24.5,41,0.75,183,Moderate
2025-12-02 13:00:00,59.6,60.3,22.1,0.872,25.3,41,0.4722222222222222,183,Moderate
2025-12-02 14:00:00,61.7,62.4,22.6,0.826,25.7,39,0.3055555555555556,183,Moderate
2025-12-02 15:00:00,60.5,61.0,35.4,0.857,25.5,37,1.027777777777778,184,Moderate
2025-12-02 16:00:00,65.0,65.7,54.7,0.96,24.2,42,2.305555555555556,184,Moderate
2025-12-02 17:00:00,115.9,116.6,80.7,1.071,21.7,52,2.5,184,Moderate
2025-12-02 18:00:00,118.0,118.7,76.7,1.181,20.6,55,1.8611111111111112,185,Moderate
2025-12-02 19:00:00,115.5,116.2,70.9,1.299,19.6,56,1.472222222222222,185,Moderate
2025-12-02 20:00:00,111.3,111.8,64.3,1.377,18.5,57,1.2222222222222223,185,Moderate
2025-12-02 21:00:00,105.9,106.4,56.6,1.404,17.7,59,1.0555555555555556,184,Moderate
2025-12-02 22:00:00,101.5,102.2,48.1,1.392,17.2,58,1.1666666666666667,183,Moderate
2025-12-02 23:00:00,98.3,99.0,40.3,1.332,16.4,61,1.25,181,Moderate
2025-12-03 00:00:00,95.7,96.6,33.6,1.184,15.1,63,1.3888888888888888,179,Moderate
2025-12-03 01:00:00,95.7,96.4,27.6,0.988,14.2,63,1.6666666666666665,178,Moderate
2025-12-03 02:00:00,96.6,97.3,23.2,0.859,13.3,63,1.3611111111111112,176,Moderate
2025-12-03 03:00:00,97.3,98.3,20.3,0.82,12.4,65,1.25,175,Moderate
2025-12-03 04:00:00,97.8,98.7,18.9,0.848,11.7,68,1.3055555555555556,174,Moderate
2025-12-03 05:00:00,93.4,94.1,16.1,0.988,11.1,76,1.25,173,Moderate
2025-12-03 06:00:00,98.5,99.0,23.8,1.381,10.6,78,1.2222222222222223,173,Moderate
2025-12-03 07:00:00,108.7,109.2,34.1,1.887,10.8,77,1.3333333333333333,173,Moderate
2025-12-03 08:00:00,113.9,114.1,39.4,2.131,12.4,69,1.5555555555555554,172,Moderate
2025-12-03 09:00:00,112.9,113.4,34.8,1.867,15.1,58,0.9722222222222222,171,Moderate
2025-12-03 10:00:00,109.0,109.4,25.0,1.34,18.0,48,1.2777777777777777,170,Moderate
2025-12-03 11:00:00,99.2,99.7,17.1,0.917,20.5,38,2.0833333333333335,171,Moderate
2025-12-03 12:00:00,78.5,78.9,12.1,0.725,22.0,32,2.1666666666666665,171,Moderate
2025-12-03 13:00:00,68.9,69.4,8.8,0.636,22.8,28,2.361111111111111,171,Moderate
2025-12-03 14:00:00,64.0,64.7,10.7,0.629,23.0,27,2.5277777777777777,172,Moderate
2025-12-03 15:00:00,61.5,61.9,21.9,0.734,22.6,29,2.5555555555555554,172,Moderate
2025-12-03 16:00:00,63.3,63.8,38.1,0.921,21.8,32,2.4166666666666665,172,Moderate
2025-12-03 17:00:00,76.8,77.3,44.8,1.083,20.1,37,1.5833333333333333,172,Moderate
2025-12-03 18:00:00,82.7,83.1,43.6,1.19,19.5,41,1.6666666666666665,171,Moderate
2025-12-03 19:00:00,85.7,85.9,41.8,1.271,18.8,44,1.7222222222222223,170,Moderate
2025-12-03 20:00:00,89.2,89.4,39.1,1.309,17.8,47,1.777777777777778,169,Moderate
2025-12-03 21:00:00,93.1,93.4,35.0,1.284,16.8,49,1.777777777777778,169,Moderate
2025-12-03 22:00:00,97.1,97.6,30.0,1.216,16.0,51,1.6944444444444442,169,Moderate
2025-12-03 23:00:00,99.9,100.1,25.3,1.142,15.1,56,1.8055555555555556,169,Moderate
2025-12-04 00:00:00,100.8,101.3,21.2,1.065,13.6,62,1.777777777777778,169,Moderate
2025-12-04 01:00:00,102.0,102.4,17.4,0.983,12.6,65,1.7222222222222223,169,Moderate
2025-12-04 02:00:00,102.7,103.1,14.6,0.929,12.1,67,1.8333333333333333,169,Moderate
2025-12-04 03:00:00,103.1,103.4,12.6,0.899,11.6,69,1.8611111111111112,169,Moderate
2025-12-04 04:00:00,102.9,103.4,11.5,0.897,11.1,70,1.8333333333333333,169,Moderate
2025-12-04 05:00:00,107.6,108.0,13.4,0.968,10.9,71,1.8611111111111112,169,Moderate
2025-12-04 06:00:00,110.1,110.6,20.5,1.201,10.3,73,1.9444444444444444,170,Moderate
2025-12-04 07:00:00,116.2,116.6,30.1,1.507,10.2,73,2.1944444444444446,170,Moderate
2025-12-04 08:00:00,118.3,118.5,34.9,1.665,11.6,67,2.388888888888889,170,Moderate
2025-12-04 09:00:00,114.8,115.0,30.5,1.542,13.9,58,1.5,170,Moderate
2025-12-04 10:00:00,103.1,103.6,21.4,1.271,16.8,49,1.7222222222222223,170,Moderate
2025-12-04 11:00:00,82.9,83.4,14.1,1.032,19.5,42,2.388888888888889,170,Moderate
2025-12-04 12:00:00,65.4,66.1,9.8,0.867,21.1,36,2.4722222222222223,170,Moderate
2025-12-04 13:00:00,57.7,58.4,7.3,0.734,22.1,31,2.75,169,Moderate
2025-12-04 14:00:00,52.4,53.1,9.7,0.684,22.4,29,2.833333333333333,169,Moderate
2025-12-04 15:00:00,49.9,50.5,20.4,0.763,22.0,29,2.75,169,Moderate
2025-12-04 16:00:00,52.6,53.1,36.0,0.925,21.0,33,2.7222222222222223,169,Moderate
2025-12-04 17:00:00,63.6,64.0,42.2,1.087,19.4,36,1.4444444444444444,168,Moderate
2025-12-04 18:00:00,78.9,79.4,50.7,1.251,18.1,43,1.1111111111111112,168,Moderate
2025-12-04 19:00:00,89.9,90.3,62.2,1.416,17.4,46,1.1666666666666667,168,Moderate
2025-12-04 20:00:00,98.3,98.7,68.6,1.49,16.7,48,1.3888888888888888,168,Moderate
2025-12-04 21:00:00,102.7,103.1,65.8,1.406,15.9,50,1.3888888888888888,168,Moderate
2025-12-04 22:00:00,103.1,103.4,57.9,1.231,15.1,52,1.3888888888888888,168,Moderate
2025-12-04 23:00:00,100.1,100.4,49.5,1.082,14.4,58,1.2777777777777777,169,Moderate
2025-12-05 00:00:00,96.2,96.4,41.0,0.996,12.8,61,1.3611111111111112,169,Moderate
2025-12-05 01:00:00,94.1,94.5,32.0,0.936,12.3,61,1.3888888888888888,168,Moderate
2025-12-05 02:00:00,93.6,94.1,25.7,0.902,11.5,63,1.3055555555555556,168,Moderate
2025-12-05 03:00:00,94.3,94.5,23.2,0.859,10.7,66,1.1388888888888888,168,Moderate
2025-12-05 04:00:00,96.6,96.9,23.4,0.843,9.9,69,1.1111111111111112,168,Moderate
2025-12-05 05:00:00,106.9,107.3,26.1,0.96,9.6,75,1.1666666666666667,168,Moderate
2025-12-05 06:00:00,115.3,115.7,34.6,1.381,9.1,77,1.1111111111111112,168,Moderate
2025-12-05 07:00:00,131.3,131.8,45.9,1.934,9.2,76,1.1944444444444444,168,Moderate
2025-12-05 08:00:00,133.2,133.2,50.8,2.217,10.9,69,1.3611111111111112,168,Moderate
2025-12-05 09:00:00,122.5,122.9,43.3,1.967,13.6,57,0.8055555555555555,169,Moderate
2025-12-05 10:00:00,100.4,100.8,29.4,1.447,16.8,46,0.8611111111111112,169,Moderate
2025-12-05 11:00:00,78.5,79.2,18.5,1.032,19.5,36,1.1388888888888888,169,Moderate
2025-12-05 12:00:00,63.3,64.3,12.9,0.857,21.2,30,1.2222222222222223,169,Moderate
2025-12-05 13:00:00,58.0,58.8,10.3,0.787,22.0,29,1.2222222222222223,168,Moderate
2025-12-05 14:00:00,56.8,57.5,12.8,0.803,22.4,30,1.2777777777777777,169,Moderate
2025-12-05 15:00:00,56.5,57.2,24.5,0.938,22.2,32,1.5555555555555554,169,Moderate
2025-12-05 16:00:00,59.6,60.1,41.3,1.159,21.4,36,1.8888888888888888,169,Moderate
2025-12-05 17:00:00,91.7,92.4,52.7,1.339,19.8,41,1.5833333333333333,169,Moderate
2025-12-05 18:00:00,99.7,100.4,52.5,1.444,18.7,46,1.2222222222222223,170,Moderate
2025-12-05 19:00:00,103.6,104.3,52.0,1.508,18.0,49,1.3611111111111112,170,Moderate
2025-12-05 20:00:00,103.6,104.3,49.5,1.512,17.1,53,1.5277777777777777,170,Moderate
2025-12-05 21:00:00,99.9,100.4,43.6,1.426,16.3,55,1.5277777777777777,170,Moderate
2025-12-05 22:00:00,96.2,96.9,35.8,1.28,15.6,57,1.611111111111111,170,Moderate
2025-12-05 23:00:00,92.2,92.7,28.8,1.138,14.9,59,1.6666666666666665,170,Moderate
2025-12-06 00:00:00,88.2,88.7,23.4,1.011,13.9,62,1.777777777777778,170,Moderate
2025-12-06 01:00:00,85.7,86.1,18.7,0.889,13.1,63,1.7222222222222223,170,Moderate
2025-12-06 02:00:00,83.6,84.3,15.3,0.801,12.4,64,1.777777777777778,170,Moderate
2025-12-06 03:00:00,81.7,82.2,12.9,0.746,11.9,66,2.0,169,Moderate
2025-12-06 04:00:00,79.9,80.3,11.7,0.725,11.4,68,2.25,169,Moderate
2025-12-06 05:00:00,83.6,84.1,13.0,0.774,10.9,73,2.361111111111111,169,Moderate
2025-12-06 06:00:00,85.0,85.7,19.4,0.965,10.5,75,2.4444444444444446,168,Moderate
2025-12-06 07:00:00,88.9,89.4,28.0,1.227,10.6,73,2.694444444444444,168,Moderate
2025-12-06 08:00:00,92.4,92.7,32.4,1.381,12.2,66,2.888888888888889,167,Moderate
2025-12-06 09:00:00,90.3,90.6,28.6,1.326,14.4,56,2.1944444444444446,166,Moderate
2025-12-06 10:00:00,85.4,85.7,20.7,1.163,17.0,47,2.2777777777777777,165,Moderate
2025-12-06 11:00:00,78.2,78.7,14.4,1.016,20.0,39,2.5,165,Moderate
2025-12-06 12:00:00,68.7,69.2,11.1,0.916,22.4,33,2.5833333333333335,165,Moderate
2025-12-06 13:00:00,60.1,60.8,9.4,0.831,23.7,29,3.0555555555555554,165,Moderate
2025-12-06 14:00:00,56.1,57.0,10.8,0.79,24.2,27,3.222222222222222,165,Moderate
2025-12-06 15:00:00,53.6,54.6,17.8,0.825,23.7,30,3.416666666666667,165,Moderate
2025-12-06 16:00:00,54.5,55.3,27.9,0.904,22.7,34,2.972222222222222,165,Moderate
2025-12-06 17:00:00,58.8,60.1,33.3,0.96,21.1,39,2.6666666666666665,165,Moderate
2025-12-06 18:00:00,62.6,63.6,33.8,0.96,20.2,40,2.8055555555555554,164,Moderate
2025-12-06 19:00:00,66.4,67.5,34.4,0.936,19.2,41,2.611111111111111,163,Moderate
2025-12-06 20:00:00,70.5,71.7,33.8,0.917,18.5,43,2.5277777777777777,162,Moderate
2025-12-06 21:00:00,75.7,76.6,31.3,0.92,17.5,46,2.5,162,Moderate
2025-12-06 22:00:00,79.4,80.3,27.6,0.929,16.6,48,2.4722222222222223,161,Moderate
2025-12-06 23:00:00,80.6,81.5,24.0,0.922,16.0,52,2.361111111111111,161,Moderate
2025-12-07 00:00:00,80.3,81.3,20.5,0.88,15.1,55,2.0833333333333335,160,Moderate
2025-12-07 01:00:00,80.6,81.3,17.0,0.823,14.2,58,1.972222222222222,160,Moderate
2025-12-07 02:00:00,80.6,81.5,14.5,0.792,13.6,61,2.1944444444444446,160,Moderate
2025-12-07 03:00:00,80.8,81.3,12.9,0.785,13.2,63,2.4166666666666665,160,Moderate
2025-12-07 04:00:00,80.8,81.5,12.2,0.804,12.8,65,2.5277777777777777,160,Moderate
2025-12-07 05:00:00,82.4,82.9,12.7,0.902,12.1,69,2.5277777777777777,160,Moderate
2025-12-07 06:00:00,86.1,86.6,17.8,1.169,11.4,73,2.25,160,Moderate
2025-12-07 07:00:00,92.9,93.4,24.7,1.514,11.2,74,2.4166666666666665,160,Moderate
2025-12-07 08:00:00,96.2,96.6,28.4,1.716,12.6,68,2.7222222222222223,160,Moderate
2025-12-07 09:00:00,97.8,98.3,25.9,1.65,14.8,59,1.8611111111111112,160,Moderate
2025-12-07 10:00:00,94.1,94.8,20.1,1.441,17.6,49,2.0,160,Moderate
2025-12-07 11:00:00,84.1,85.0,15.4,1.244,20.6,41,2.2222222222222223,161,Moderate
2025-12-07 12:00:00,70.3,71.5,12.2,1.084,22.9,35,2.361111111111111,161,Moderate
2025-12-07 13:00:00,63.1,64.5,10.1,0.935,24.2,32,2.4722222222222223,161,Moderate
2025-12-07 14:00:00,58.2,59.8,11.5,0.874,24.8,30,2.5555555555555554,161,Moderate
2025-12-07 15:00:00,56.3,58.0,19.8,0.972,24.5,32,2.694444444444444,161,Moderate
2025-12-07 16:00:00,58.0,59.4,31.7,1.157,23.2,38,2.5555555555555554,161,Moderate
2025-12-07 17:00:00,57.4,58.1,38.7,1.295,21.7,43,2.0277777777777777,161,Moderate
2025-12-07 18:00:00,58.9,59.4,37.5,1.332,21.0,48,2.1944444444444446,161,Moderate
2025-12-07 19:00:00,59.3,59.8,35.8,1.321,20.1,51,2.25,161,Moderate
2025-12-07 20:00:00,60.5,61.0,33.5,1.29,19.0,54,2.138888888888889,161,Moderate
2025-12-07 21:00:00,62.6,63.3,30.6,1.244,18.2,56,2.055555555555556,161,Moderate
2025-12-07 22:00:00,65.2,65.9,27.2,1.178,17.5,57,2.055555555555556,160,Moderate
2025-12-07 23:00:00,65.7,66.4,23.8,1.1,16.8,59,2.2777777777777777,160,Moderate
2025-12-08 00:00:00,63.8,64.7,20.0,1.0,15.7,61,2.4166666666666665,160,Moderate
2025-12-08 01:00:00,62.2,63.3,16.2,0.89,15.3,60,2.4444444444444446,159,Moderate
2025-12-08 02:00:00,60.5,61.9,13.5,0.81,14.9,60,2.388888888888889,159,Moderate
2025-12-08 03:00:00,60.1,61.7,12.0,0.761,14.5,61,2.4166666666666665,158,Moderate
2025-12-08 04:00:00,60.8,62.2,11.7,0.744,14.1,62,2.388888888888889,158,Moderate
2025-12-08 05:00:00,63.3,64.7,13.1,0.801,13.2,67,2.361111111111111,158,Moderate
2025-12-08 06:00:00,68.2,69.8,18.4,1.012,12.6,70,2.305555555555556,157,Moderate
2025-12-08 07:00:00,76.4,77.8,25.5,1.297,12.4,72,2.4722222222222223,157,Moderate
2025-12-08 08:00:00,80.8,82.2,29.2,1.463,13.7,66,2.8055555555555554,156,Moderate
2025-12-08 09:00:00,83.1,84.5,26.5,1.401,16.0,57,2.0277777777777777,156,Moderate
2025-12-08 10:00:00,79.9,81.7,20.4,1.219,18.9,47,2.1666666666666665,156,Moderate
2025-12-08 11:00:00,73.1,75.2,15.4,1.045,22.0,39,2.305555555555556,155,Moderate
2025-12-08 12:00:00,62.6,65.0,12.2,0.9,24.3,32,2.5,155,Moderate
2025-12-08 13:00:00,56.0,58.7,10.1,0.763,25.5,27,2.7777777777777777,155,Moderate
2025-12-08 14:00:00,52.0,54.8,11.0,0.693,25.9,26,3.1666666666666665,155,Moderate
2025-12-08 15:00:00,51.2,53.8,17.6,0.741,25.3,28,3.5277777777777777,155,Moderate
2025-12-08 16:00:00,53.4,55.5,27.2,0.856,24.2,32,3.138888888888889,155,Moderate
2025-12-08 17:00:00,55.2,57.0,31.1,0.949,22.6,36,2.5,154,Moderate
2025-12-08 18:00:00,58.4,59.8,30.9,0.991,21.6,41,2.611111111111111,154,Moderate
2025-12-08 19:00:00,60.5,61.7,30.5,1.011,20.5,46,2.4166666666666665,154,Moderate
2025-12-08 20:00:00,62.2,63.3,29.3,1.002,19.5,48,2.4722222222222223,154,Moderate
2025-12-08 21:00:00,64.3,65.2,26.7,0.951,18.6,49,2.8055555555555554,154,Moderate
2025-12-08 22:00:00,65.7,66.4,23.2,0.871,17.6,49,2.7777777777777777,155,Moderate
2025-12-08 23:00:00,65.0,65.7,19.9,0.8,16.9,51,2.8055555555555554,155,Moderate
2025-12-09 00:00:00,63.6,64.5,17.0,0.746,15.9,53,2.8055555555555554,155,Moderate
2025-12-09 01:00:00,63.1,64.0,14.3,0.701,15.1,55,2.8055555555555554,155,Moderate
2025-12-09 02:00:00,62.9,63.8,12.4,0.675,14.5,58,2.7777777777777777,155,Moderate
2025-12-09 03:00:00,62.6,63.6,11.1,0.657,13.9,61,2.833333333333333,155,Moderate
2025-12-09 04:00:00,62.4,63.3,10.6,0.657,13.4,64,2.888888888888889,155,Moderate
2025-12-09 05:00:00,62.9,63.6,11.7,0.718,13.1,66,2.8055555555555554,155,Moderate
2025-12-09 06:00:00,64.3,65.0,16.4,0.903,12.5,68,2.7222222222222223,155,Moderate
2025-12-09 07:00:00,68.5,69.2,22.7,1.148,12.4,68,2.944444444444444,155,Moderate
2025-12-09 08:00:00,69.8,70.5,26.1,1.305,13.6,63,3.1666666666666665,154,Moderate
2025-12-09 09:00:00,70.3,71.0,24.1,1.302,15.6,57,2.2222222222222223,154,Moderate
2025-12-09 10:00:00,64.5,65.2,19.2,1.211,18.2,48,2.138888888888889,154,Moderate
2025-12-09 11:00:00,54.1,54.9,15.0,1.1,21.1,41,2.4166666666666665,154,Moderate
2025-12-09 12:00:00,41.8,42.6,11.7,0.96,23.4,34,2.7222222222222223,153,Moderate
2025-12-09 13:00:00,35.5,36.4,9.2,0.8,24.6,29,3.0277777777777777,153,Moderate
2025-12-09 14:00:00,31.9,32.9,10.3,0.711,25.0,28,3.138888888888889,152,Moderate
2025-12-09 15:00:00,30.3,31.4,18.1,0.746,24.7,30,3.2777777777777777,152,Moderate
2025-12-09 16:00:00,33.2,34.2,29.5,0.852,23.6,34,3.0555555555555554,151,Moderate
2025-12-09 17:00:00,41.3,42.6,36.4,0.958,22.1,39,2.3333333333333335,151,Moderate
2025-12-09 18:00:00,45.4,46.4,37.1,1.051,21.4,43,2.305555555555556,151,Moderate
2025-12-09 19:00:00,47.8,48.8,37.9,1.143,20.4,47,2.1666666666666665,150,Moderate
2025-12-09 20:00:00,50.4,51.3,37.5,1.205,19.6,49,2.2777777777777777,150,Moderate
2025-12-09 21:00:00,52.9,53.8,35.2,1.22,19.0,51,2.388888888888889,149,Moderate
2025-12-09 22:00:00,54.9,55.9,31.6,1.204,18.2,52,2.4444444444444446,148,Moderate
2025-12-09 23:00:00,54.9,55.9,27.9,1.171,17.2,55,2.638888888888889,147,Moderate
2025-12-10 00:00:00,53.3,54.4,23.8,1.113,15.9,60,2.6666666666666665,146,Moderate
2025-12-10 01:00:00,51.9,53.0,19.6,1.038,15.2,62,2.6666666666666665,144,Moderate
2025-12-10 02:00:00,50.8,51.8,16.5,0.985,14.6,64,2.5833333333333335,143,Moderate
2025-12-10 03:00:00,50.2,51.2,14.9,0.946,14.1,66,2.5555555555555554,142,Moderate
2025-12-10 04:00:00,50.5,51.6,14.5,0.929,13.6,67,2.5277777777777777,141,Moderate
2025-12-10 05:00:00,49.1,50.2,14.2,0.995,13.4,67,2.5277777777777777,140,Moderate
2025-12-10 06:00:00,53.8,54.7,19.3,1.238,12.9,69,2.5,138,Moderate
2025-12-10 07:00:00,61.9,62.6,26.2,1.564,12.5,70,2.5833333333333335,137,Moderate
2025-12-10 08:00:00,65.7,66.4,29.8,1.755,13.6,66,2.611111111111111,136,Moderate
2025-12-10 09:00:00,68.2,68.7,27.2,1.687,15.6,58,1.611111111111111,136,Moderate
2025-12-10 10:00:00,65.2,65.7,21.4,1.485,18.4,49,1.4166666666666665,136,Moderate
2025-12-10 11:00:00,58.9,59.5,16.5,1.299,21.0,41,1.3333333333333333,136,Moderate
2025-12-10 12:00:00,50.5,51.2,12.0,1.159,23.2,34,1.8055555555555556,136,Moderate
2025-12-10 13:00:00,45.5,46.3,8.3,1.036,24.3,31,1.972222222222222,137,Moderate
2025-12-10 14:00:00,43.5,44.2,10.7,0.996,24.8,30,2.305555555555556,138,Moderate
2025-12-10 15:00:00,43.7,44.4,24.1,1.097,24.4,31,2.638888888888889,139,Moderate
2025-12-10 16:00:00,49.4,49.9,43.5,1.281,23.3,38,2.4444444444444446,141,Moderate
2025-12-10 17:00:00,64.3,65.0,44.2,1.44,21.9,45,1.6666666666666665,142,Moderate
2025-12-10 18:00:00,75.2,75.7,48.6,1.541,21.2,48,1.5277777777777777,145,Moderate
2025-12-10 19:00:00,81.0,81.7,54.7,1.616,20.1,52,1.3333333333333333,148,Moderate
2025-12-10 20:00:00,88.7,89.4,58.8,1.653,19.1,55,1.3333333333333333,150,Moderate
2025-12-10 21:00:00,100.1,100.8,59.6,1.646,18.4,57,1.3611111111111112,151,Moderate
2025-12-10 22:00:00,108.7,109.4,58.5,1.601,17.8,57,1.3888888888888888,152,Moderate
2025-12-10 23:00:00,110.4,111.1,55.8,1.526,17.1,58,1.4444444444444444,153,Moderate
2025-12-11 00:00:00,111.3,112.2,50.8,1.398,15.9,61,1.5833333333333333,155,Moderate
2025-12-11 01:00:00,112.5,113.4,44.2,1.241,14.4,68,1.3611111111111112,156,Moderate
2025-12-11 02:00:00,112.5,113.4,38.4,1.131,13.7,73,1.3333333333333333,157,Moderate
2025-12-11 03:00:00,109.7,110.6,33.3,1.073,13.0,76,1.25,159,Moderate
2025-12-11 04:00:00,106.4,107.3,29.1,1.062,12.7,76,1.3611111111111112,160,Moderate
2025-12-11 05:00:00,119.7,120.6,30.6,1.164,12.2,80,1.5,161,Moderate
2025-12-11 06:00:00,130.9,131.8,38.2,1.514,11.8,81,1.5555555555555554,163,Moderate
2025-12-11 07:00:00,147.6,149.0,48.3,1.977,11.5,82,1.5555555555555554,164,Moderate
2025-12-11 08:00:00,147.6,148.1,52.3,2.211,12.9,75,1.7222222222222223,166,Moderate
2025-12-11 09:00:00,136.4,137.4,44.7,2.007,15.4,63,0.75,168,Moderate
2025-12-11 10:00:00,113.4,114.3,31.1,1.574,18.5,52,0.9166666666666666,169,Moderate
2025-12-11 11:00:00,84.3,85.2,20.1,1.198,21.5,43,1.1388888888888888,171,Moderate
2025-12-11 12:00:00,65.7,66.4,13.6,0.958,23.6,36,1.6944444444444442,171,Moderate
2025-12-11 13:00:00,55.3,55.9,9.8,0.775,24.8,32,2.2777777777777777,171,Moderate
2025-12-11 14:00:00,49.7,50.2,11.5,0.697,25.1,31,2.694444444444444,172,Moderate
2025-12-11 15:00:00,46.9,47.4,22.4,0.763,24.8,32,2.7222222222222223,172,Moderate
2025-12-11 16:00:00,49.4,49.8,38.9,0.933,23.8,36,2.2777777777777777,172,Moderate
2025-12-11 17:00:00,70.8,71.0,48.0,1.135,21.6,47,1.2222222222222223,172,Moderate
2025-12-11 18:00:00,81.3,81.5,53.8,1.392,20.8,50,1.0555555555555556,172,Moderate
2025-12-11 19:00:00,87.3,87.5,61.7,1.682,20.0,54,1.027777777777778,172,Moderate
2025-12-11 20:00:00,94.3,94.5,66.2,1.862,19.1,57,1.0555555555555556,172,Moderate
2025-12-11 21:00:00,100.8,101.0,64.9,1.856,18.2,61,0.6666666666666666,172,Moderate
2025-12-11 22:00:00,105.2,105.5,60.3,1.741,17.2,65,0.6111111111111112,172,Moderate
2025-12-11 23:00:00,106.4,106.9,54.7,1.606,16.5,70,0.19444444444444442,172,Moderate
2025-12-12 00:00:00,105.9,106.4,47.7,1.462,15.5,73,0.3333333333333333,172,Moderate
2025-12-12 01:00:00,106.9,107.3,39.6,1.298,14.6,77,0.8333333333333333,172,Moderate
2025-12-12 02:00:00,109.0,109.4,33.9,1.172,13.9,78,1.3611111111111112,172,Moderate
2025-12-12 03:00:00,111.8,112.5,31.6,1.061,13.1,80,1.2222222222222223,172,Moderate
2025-12-12 04:00:00,115.9,116.6,31.8,0.988,12.3,83,1.0833333333333333,172,Moderate
2025-12-12 05:00:00,131.8,132.2,37.5,1.077,11.7,88,1.25,172,Moderate
2025-12-12 06:00:00,143.0,143.9,45.3,1.509,11.1,89,1.1388888888888888,172,Moderate
2025-12-12 07:00:00,161.1,161.6,55.5,2.103,10.9,89,0.9722222222222222,173,Moderate
2025-12-12 08:00:00,166.7,167.2,59.5,2.436,12.8,79,1.25,173,Moderate
2025-12-12 09:00:00,156.0,156.5,51.6,2.261,15.6,66,0.6944444444444444,173,Moderate
2025-12-12 10:00:00,137.4,138.3,37.6,1.824,18.8,53,0.6388888888888888,174,Moderate
2025-12-12 11:00:00,114.3,115.5,26.1,1.443,21.2,45,0.6388888888888888,174,Moderate
2025-12-12 12:00:00,95.5,97.1,17.3,1.164,23.2,36,0.75,175,Moderate
2025-12-12 13:00:00,86.8,89.2,11.0,0.94,24.1,32,0.6944444444444444,176,Moderate
2025-12-12 14:00:00,82.2,84.8,14.9,0.949,24.5,30,0.8333333333333333,176,Moderate
2025-12-12 15:00:00,80.6,83.4,34.8,1.365,24.5,31,0.9444444444444444,177,Moderate
2025-12-12 16:00:00,90.8,93.4,65.0,2.015,23.8,33,0.8611111111111112,178,Moderate
2025-12-12 17:00:00,167.2,171.4,98.6,2.554,21.3,47,1.0,188,Moderate
2025-12-12 18:00:00,212.8,217.0,122.8,2.873,20.1,51,1.1111111111111112,197,Moderate
2025-12-12 19:00:00,245.0,260.8,134.8,3.082,19.0,59,0.888888888888889,191,Moderate
2025-12-12 20:00:00,245.0,295.2,134.8,3.168,18.1,64,0.6388888888888888,187,Moderate
2025-12-12 21:00:00,245.0,315.7,134.8,3.099,16.9,70,0.7777777777777777,192,Moderate
2025-12-12 22:00:00,245.0,323.2,134.8,2.908,15.8,76,0.8333333333333333,196,Moderate
2025-12-12 23:00:00,245.0,315.7,134.8,2.68,15.2,80,0.5,202,Poor
2025-12-13 00:00:00,245.0,294.3,129.6,2.395,13.8,87,0.6666666666666666,211,Poor
2025-12-13 01:00:00,245.0,272.9,113.4,2.073,13.1,89,0.75,218,Poor
2025-12-13 02:00:00,245.0,253.3,98.8,1.866,12.8,89,0.25,225,Poor
2025-12-13 03:00:00,237.0,239.3,86.1,1.799,12.2,91,0.3611111111111111,231,Poor
2025-12-13 04:00:00,228.6,231.4,75.1,1.848,11.8,92,0.3055555555555556,236,Poor
2025-12-13 05:00:00,222.6,224.9,62.6,2.086,11.7,91,0.08333333333333333,241,Poor
2025-12-13 06:00:00,229.1,231.4,68.8,2.765,11.1,92,0.1388888888888889,245,Poor
2025-12-13 07:00:00,242.1,244.0,76.8,3.1689999999999996,11.1,93,0.1388888888888889,248,Poor
2025-12-13 08:00:00,238.4,239.3,77.7,3.1689999999999996,12.7,86,0.9444444444444444,252,Poor
2025-12-13 09:00:00,211.4,212.8,65.0,3.1689999999999996,15.6,71,0.6111111111111112,255,Poor
2025-12-13 10:00:00,188.6,190.0,45.3,2.372,18.5,59,0.6666666666666666,257,Poor
2025-12-13 11:00:00,162.1,164.4,30.1,1.545,20.9,53,0.9444444444444444,259,Poor
2025-12-13 12:00:00,136.0,138.8,21.3,1.244,22.8,44,0.75,261,Poor
2025-12-13 13:00:00,122.5,125.3,16.8,1.182,23.8,39,0.4444444444444445,263,Poor
2025-12-13 14:00:00,113.4,116.6,22.4,1.224,24.2,37,0.6111111111111112,264,Poor
2025-12-13 15:00:00,109.7,112.9,45.5,1.355,24.0,38,0.9166666666666666,266,Poor
2025-12-13 16:00:00,128.5,131.3,78.5,1.59,23.2,42,1.5555555555555554,267,Poor
2025-12-13 17:00:00,200.7,204.9,91.6,1.844,20.9,54,1.1111111111111112,268,Poor
2025-12-13 18:00:00,231.4,235.2,101.4,2.112,20.0,58,1.1111111111111112,270,Poor
2025-12-13 19:00:00,245.0,260.8,114.5,2.398,18.6,68,0.9722222222222222,270,Poor
2025-12-13 20:00:00,245.0,271.0,121.6,2.626,17.6,75,0.888888888888889,271,Poor
2025-12-13 21:00:00,245.0,265.4,117.8,2.764,16.8,80,0.75,270,Poor
2025-12-13 22:00:00,245.0,254.3,108.1,2.845,15.9,83,0.8611111111111112,267,Poor
2025-12-13 23:00:00,244.0,245.9,97.8,2.891,15.4,86,0.7222222222222222,265,Poor
2025-12-14 00:00:00,237.5,240.3,88.1,2.891,14.2,90,0.7222222222222222,262,Poor
2025-12-14 01:00:00,232.8,235.2,77.9,2.855,13.6,93,0.5,260,Poor
2025-12-14 02:00:00,230.5,233.3,69.4,2.844,12.9,95,0.3333333333333333,258,Poor
2025-12-14 03:00:00,230.0,232.4,62.9,2.814,12.2,97,0.41666666666666663,257,Poor
2025-12-14 04:00:00,230.0,232.4,58.2,2.808,11.9,98,0.25,257,Poor
2025-12-14 05:00:00,227.2,229.6,47.5,3.01,11.4,96,0.8333333333333333,257,Poor
2025-12-14 06:00:00,230.0,231.9,56.3,3.1689999999999996,10.8,97,0.9444444444444444,257,Poor
2025-12-14 07:00:00,241.2,243.1,67.7,3.1689999999999996,10.8,97,0.75,257,Poor
2025-12-14 08:00:00,245.0,254.3,72.0,3.1689999999999996,12.6,90,0.7777777777777777,257,Poor
2025-12-14 09:00:00,226.8,228.2,62.1,3.1689999999999996,16.1,73,0.3611111111111111,258,Poor
2025-12-14 10:00:00,206.3,208.2,45.1,2.755,19.2,61,0.2777777777777778,258,Poor
2025-12-14 11:00:00,180.7,183.9,31.6,1.653,20.9,54,0.5277777777777778,259,Poor
2025-12-14 12:00:00,164.4,169.5,23.3,1.3,22.6,46,0.3333333333333333,260,Poor
2025-12-14 13:00:00,152.3,157.9,18.5,1.299,23.5,42,0.16666666666666666,261,Poor
2025-12-14 14:00:00,139.7,145.3,23.4,1.412,24.0,40,0.3333333333333333,262,Poor
2025-12-14 15:00:00,133.6,138.8,44.3,1.595,24.0,39,0.41666666666666663,263,Poor
2025-12-14 16:00:00,150.4,155.1,74.9,1.891,23.2,42,1.027777777777778,264,Poor
2025-12-14 17:00:00,216.5,221.7,125.2,2.198,21.2,54,0.3611111111111111,265,Poor
2025-12-14 18:00:00,245.0,265.4,134.8,2.502,19.9,59,0.75,266,Poor
2025-12-14 19:00:00,245.0,297.1,134.8,2.815,19.0,65,0.8333333333333333,267,Poor
2025-12-14 20:00:00,245.0,319.4,134.8,3.072,18.0,73,0.7222222222222222,269,Poor
2025-12-14 21:00:00,245.0,333.4,134.8,3.1689999999999996,17.3,76,0.2777777777777778,271,Poor
2025-12-14 22:00:00,245.0,337.1,134.8,3.1689999999999996,16.6,79,0.19444444444444442,273,Poor
2025-12-14 23:00:00,245.0,334.3,132.1,3.1689999999999996,15.9,83,0.16666666666666666,277,Poor
2025-12-15 00:00:00,245.0,323.2,122.2,3.1689999999999996,14.9,85,0.2777777777777778,280,Poor
2025-12-15 01:00:00,245.0,308.3,111.9,2.954,14.4,86,0.5833333333333334,284,Poor
2025-12-15 02:00:00,245.0,288.7,102.6,2.681,13.3,92,1.1944444444444444,287,Poor
2025-12-15 03:00:00,245.0,261.7,95.0,2.458,12.8,96,1.3888888888888888,289,Poor
2025-12-15 04:00:00,233.3,236.6,88.3,2.268,12.2,98,1.2777777777777777,290,Poor
2025-12-15 05:00:00,193.2,196.0,51.5,2.21,12.0,95,1.25,290,Poor
2025-12-15 06:00:00,200.2,203.0,54.1,2.44,11.5,95,1.25,289,Poor
2025-12-15 07:00:00,207.7,210.5,57.2,2.803,11.4,96,1.5,288,Poor
2025-12-15 08:00:00,204.0,206.8,55.9,2.937,12.2,94,1.8055555555555556,286,Poor
2025-12-15 09:00:00,192.3,194.6,46.1,2.617,14.1,85,1.1666666666666667,284,Poor
2025-12-15 10:00:00,162.1,165.8,31.9,2.067,17.1,71,1.1388888888888888,283,Poor
2025-12-15 11:00:00,119.2,124.3,20.6,1.597,20.0,60,1.4166666666666665,281,Poor
2025-12-15 12:00:00,97.3,102.9,13.8,1.299,22.1,48,1.6388888888888888,278,Poor
2025-12-15 13:00:00,84.1,89.6,9.8,1.082,23.4,42,1.777777777777778,276,Poor
2025-12-15 14:00:00,74.0,79.2,11.0,0.977,23.9,41,1.9444444444444444,273,Poor
2025-12-15 15:00:00,68.5,73.1,20.8,1.033,23.8,42,1.9166666666666667,270,Poor
2025-12-15 16:00:00,69.4,72.9,35.7,1.202,23.0,43,1.8611111111111112,267,Poor
2025-12-15 17:00:00,85.7,89.9,48.8,1.371,20.6,52,1.25,264,Poor
2025-12-15 18:00:00,92.2,95.7,47.8,1.541,19.6,56,1.1111111111111112,258,Poor
2025-12-15 19:00:00,91.5,94.3,46.2,1.712,19.0,58,1.25,252,Poor
2025-12-15 20:00:00,90.6,92.9,43.6,1.769,18.2,61,1.4444444444444444,243,Poor
2025-12-15 21:00:00,92.9,95.0,39.4,1.623,17.6,63,1.6944444444444442,234,Poor
2025-12-15 22:00:00,97.1,99.0,34.1,1.362,17.0,64,2.111111111111111,224,Poor
2025-12-15 23:00:00,97.8,99.7,28.8,1.138,16.1,67,2.361111111111111,214,Poor
2025-12-16 00:00:00,95.5,97.1,23.5,0.997,14.9,71,2.138888888888889,204,Poor
2025-12-16 01:00:00,92.9,94.8,18.3,0.892,14.1,75,2.138888888888889,197,Moderate
2025-12-16 02:00:00,90.6,92.2,14.3,0.835,13.4,79,2.1666666666666665,193,Moderate
2025-12-16 03:00:00,88.0,89.4,11.7,0.824,12.9,83,2.2777777777777777,189,Moderate
2025-12-16 04:00:00,85.4,86.6,10.3,0.86,12.5,86,2.361111111111111,185,Moderate
2025-12-16 05:00:00,90.3,91.7,11.7,0.956,12.1,88,2.388888888888889,182,Moderate
2025-12-16 06:00:00,92.0,93.1,16.4,1.181,11.9,89,2.361111111111111,179,Moderate
2025-12-16 07:00:00,98.3,99.4,22.7,1.466,11.9,89,2.611111111111111,177,Moderate
2025-12-16 08:00:00,100.6,101.7,26.0,1.62,13.2,81,2.833333333333333,175,Moderate
2025-12-16 09:00:00,101.5,102.4,23.3,1.528,15.4,71,2.2777777777777777,172,Moderate
2025-12-16 10:00:00,92.7,93.8,17.5,1.306,17.9,60,2.5277777777777777,170,Moderate
2025-12-16 11:00:00,81.5,82.9,12.9,1.109,20.2,53,2.694444444444444,169,Moderate
2025-12-16 12:00:00,74.5,76.1,10.2,0.974,22.3,45,2.972222222222222,168,Moderate
2025-12-16 13:00:00,69.8,71.7,8.7,0.865,23.5,40,3.0277777777777777,167,Moderate
2025-12-16 14:00:00,68.2,70.3,10.0,0.828,23.9,40,2.972222222222222,167,Moderate
2025-12-16 15:00:00,68.9,71.2,16.6,0.91,23.6,42,3.0277777777777777,167,Moderate
2025-12-16 16:00:00,70.1,72.9,26.0,1.064,22.6,48,3.0555555555555554,167,Moderate
2025-12-16 17:00:00,68.7,71.0,33.5,1.194,21.4,53,2.361111111111111,167,Moderate
2025-12-16 18:00:00,73.1,75.7,32.7,1.268,20.5,58,2.2777777777777777,167,Moderate
2025-12-16 19:00:00,76.4,79.2,31.5,1.318,19.5,64,2.305555555555556,166,Moderate
2025-12-16 20:00:00,80.1,83.1,30.0,1.345,18.6,67,2.388888888888889,166,Moderate
2025-12-16 21:00:00,85.9,88.9,28.1,1.347,17.9,70,2.388888888888889,166,Moderate
2025-12-16 22:00:00,92.0,95.2,25.9,1.325,17.0,72,2.361111111111111,166,Moderate
2025-12-16 23:00:00,94.5,97.6,23.3,1.291,16.2,76,2.1666666666666665,165,Moderate
2025-12-17 00:00:00,94.5,97.6,19.8,1.236,15.1,80,2.1666666666666665,165,Moderate
2025-12-17 01:00:00,94.8,97.8,16.0,1.168,14.4,82,2.138888888888889,165,Moderate
2025-12-17 02:00:00,95.0,98.0,13.2,1.12,13.9,84,2.3333333333333335,165,Moderate
2025-12-17 03:00:00,95.0,98.0,11.6,1.086,13.4,85,2.4166666666666665,165,Moderate
2025-12-17 04:00:00,95.2,98.0,11.0,1.072,13.1,85,2.388888888888889,166,Moderate
2025-12-17 05:00:00,97.8,100.6,12.3,1.134,12.1,87,2.361111111111111,166,Moderate
2025-12-17 06:00:00,99.9,102.7,17.4,1.359,11.8,88,2.305555555555556,166,Moderate
2025-12-17 07:00:00,104.8,107.6,24.2,1.659,11.8,88,2.3333333333333335,166,Moderate
2025-12-17 08:00:00,106.9,109.4,27.8,1.823,13.1,81,2.694444444444444,166,Moderate
2025-12-17 09:00:00,107.3,109.9,25.3,1.729,15.4,70,2.0,166,Moderate
2025-12-17 10:00:00,103.1,106.2,19.6,1.499,18.0,60,2.055555555555556,167,Moderate
2025-12-17 11:00:00,93.6,97.1,14.8,1.29,20.0,56,2.1666666666666665,167,Moderate
2025-12-17 12:00:00,79.6,83.4,11.3,1.135,21.8,52,2.1944444444444446,167,Moderate
2025-12-17 13:00:00,71.2,74.7,8.8,1.001,23.1,47,2.2222222222222223,167,Moderate
2025-12-17 14:00:00,65.7,69.2,10.3,0.951,23.8,45,2.2777777777777777,167,Moderate
2025-12-17 15:00:00,62.6,66.1,19.0,1.046,23.7,46,2.1666666666666665,167,Moderate
2025-12-17 16:00:00,63.1,66.4,31.7,1.225,22.9,49,1.9166666666666667,167,Moderate
2025-12-17 17:00:00,79.4,84.3,40.7,1.365,21.5,53,1.8611111111111112,167,Moderate
2025-12-17 18:00:00,79.9,84.3,40.4,1.419,20.4,59,1.75,167,Moderate
2025-12-17 19:00:00,80.6,85.2,39.8,1.434,19.5,63,1.75,167,Moderate
2025-12-17 20:00:00,82.7,87.8,39.1,1.433,18.5,67,1.611111111111111,167,Moderate
2025-12-17 21:00:00,86.6,92.2,38.3,1.42,17.6,69,1.5277777777777777,167,Moderate
2025-12-17 22:00:00,91.5,97.8,37.3,1.391,16.5,72,1.3333333333333333,167,Moderate
2025-12-17 23:00:00,94.1,100.6,35.6,1.353,15.6,77,1.25,167,Moderate
2025-12-18 00:00:00,93.8,101.0,32.4,1.304,14.6,81,1.2777777777777777,167,Moderate
2025-12-18 01:00:00,94.8,102.4,28.5,1.246,13.8,85,1.1388888888888888,167,Moderate
2025-12-18 02:00:00,95.5,103.4,25.5,1.2,13.1,88,1.1111111111111112,167,Moderate
2025-12-18 03:00:00,96.2,104.3,23.0,1.134,12.8,88,1.2222222222222223,167,Moderate
2025-12-18 04:00:00,97.1,105.5,21.4,1.08,12.6,88,1.3055555555555556,167,Moderate
2025-12-18 05:00:00,120.1,129.0,27.2,1.149,12.3,91,1.4166666666666665,167,Moderate
2025-12-18 06:00:00,139.2,148.5,35.2,1.488,11.9,93,1.25,168,Moderate
2025-12-18 07:00:00,177.0,186.7,45.8,1.951,11.8,94,1.1666666666666667,169,Moderate
2025-12-18 08:00:00,173.2,181.1,50.9,2.206,13.1,88,1.3055555555555556,170,Moderate
2025-12-18 09:00:00,177.9,183.9,45.6,2.059,15.2,78,0.9722222222222222,172,Moderate
2025-12-18 10:00:00,152.7,162.5,34.9,1.705,17.7,67,1.1388888888888888,173,Moderate
2025-12-18 11:00:00,130.4,142.5,25.6,1.401,19.2,59,1.3333333333333333,174,Moderate
2025-12-18 12:00:00,108.7,123.9,18.5,1.226,20.9,52,1.3333333333333333,175,Moderate
2025-12-18 13:00:00,92.2,108.5,12.9,1.1,22.1,47,1.4444444444444444,176,Moderate
2025-12-18 14:00:00,82.7,98.7,13.5,1.046,22.6,46,1.777777777777778,176,Moderate
2025-12-18 15:00:00,78.5,93.8,24.4,1.092,22.5,46,2.138888888888889,177,Moderate
2025-12-18 16:00:00,83.6,95.9,41.6,1.209,21.5,51,2.111111111111111,177,Moderate
2025-12-18 17:00:00,123.9,136.9,60.2,1.334,19.7,61,1.5,178,Moderate
2025-12-18 18:00:00,144.4,157.9,68.5,1.459,18.3,69,1.1666666666666667,179,Moderate
2025-12-18 19:00:00,166.2,178.8,79.8,1.592,17.5,75,1.0833333333333333,180,Moderate
2025-12-18 20:00:00,183.5,195.6,86.9,1.691,16.8,80,1.1944444444444444,182,Moderate
2025-12-18 21:00:00,196.0,208.2,87.2,1.742,16.0,85,1.1111111111111112,184,Moderate
2025-12-18 22:00:00,205.8,217.5,83.3,1.759,15.1,90,1.027777777777778,186,Moderate
2025-12-18 23:00:00,204.4,215.1,76.0,1.739,14.6,93,1.027777777777778,189,Moderate
2025-12-19 00:00:00,190.0,200.2,63.2,1.66,14.0,94,1.3055555555555556,191,Moderate
2025-12-19 01:00:00,171.8,180.7,47.0,1.544,13.6,95,1.3611111111111112,193,Moderate
2025-12-19 02:00:00,159.3,166.7,34.1,1.459,13.3,96,1.5833333333333333,195,Moderate
2025-12-19 03:00:00,151.3,157.9,27.1,1.409,12.9,98,1.6944444444444442,197,Moderate
2025-12-19 04:00:00,146.2,151.3,23.4,1.39,12.4,99,1.8611111111111112,198,Moderate
2025-12-19 05:00:00,143.4,147.6,21.9,1.452,11.9,98,2.0,199,Moderate
2025-12-19 06:00:00,140.2,143.4,26.8,1.687,11.4,98,1.75,199,Moderate
2025-12-19 07:00:00,139.7,142.5,33.4,2.003,11.3,100,1.7222222222222223,199,Moderate
2025-12-19 08:00:00,136.4,138.3,36.2,2.176,12.0,98,1.6388888888888888,199,Moderate
2025-12-19 09:00:00,134.1,135.5,31.9,2.084,13.9,91,1.1944444444444444,198,Moderate
2025-12-19 10:00:00,120.1,122.0,23.9,1.849,16.8,76,0.8611111111111112,197,Moderate
2025-12-19 11:00:00,101.7,104.3,17.4,1.608,18.4,65,1.3333333333333333,196,Moderate
2025-12-19 12:00:00,82.7,85.7,13.0,1.363,20.2,53,1.6666666666666665,195,Moderate
2025-12-19 13:00:00,74.0,76.6,10.0,1.112,21.5,46,1.8333333333333333,195,Moderate
2025-12-19 14:00:00,66.4,68.0,11.5,0.985,22.1,41,1.777777777777778,194,Moderate
2025-12-19 15:00:00,61.7,62.9,20.8,1.078,22.2,40,1.6944444444444442,194,Moderate
2025-12-19 16:00:00,60.8,61.5,34.6,1.295,21.3,44,1.777777777777778,194,Moderate
2025-12-19 17:00:00,111.8,113.2,57.7,1.481,18.9,60,1.2222222222222223,193,Moderate
2025-12-19 18:00:00,114.8,115.5,58.0,1.59,17.9,66,1.1944444444444444,193,Moderate
2025-12-19 19:00:00,117.8,118.3,58.5,1.668,17.0,71,1.2222222222222223,192,Moderate
2025-12-19 20:00:00,119.7,120.1,58.6,1.703,16.2,75,1.1944444444444444,191,Moderate
2025-12-19 21:00:00,123.4,123.4,58.8,1.678,15.4,80,1.2222222222222223,190,Moderate
2025-12-19 22:00:00,129.0,129.5,58.8,1.61,14.4,84,1.1111111111111112,188,Moderate
2025-12-19 23:00:00,130.4,130.4,56.8,1.534,14.1,84,1.3055555555555556,187,Moderate
2025-12-20 00:00:00,126.2,126.7,50.9,1.451,13.0,87,1.2777777777777777,185,Moderate
2025-12-20 01:00:00,122.0,122.9,43.2,1.36,12.4,88,1.2777777777777777,184,Moderate
2025-12-20 02:00:00,121.1,122.0,37.7,1.297,11.7,91,1.1666666666666667,182,Moderate
2025-12-20 03:00:00,123.4,124.3,36.0,1.225,11.2,92,1.1666666666666667,182,Moderate
2025-12-20 04:00:00,125.7,126.7,36.6,1.18,10.9,93,1.2777777777777777,181,Moderate
2025-12-20 05:00:00,139.2,140.6,42.1,1.313,10.1,98,1.1388888888888888,181,Moderate
2025-12-20 06:00:00,154.6,156.0,52.3,1.833,9.8,99,0.8611111111111112,180,Moderate
2025-12-20 07:00:00,183.9,185.3,65.8,2.53,9.6,100,0.5833333333333334,181,Moderate
2025-12-20 08:00:00,213.7,215.1,71.5,2.923,10.6,95,0.41666666666666663,182,Moderate
2025-12-20 09:00:00,170.4,171.8,62.1,2.723,12.9,87,0.08333333333333333,183,Moderate
2025-12-20 10:00:00,137.4,138.8,44.8,2.22,16.0,72,0.5277777777777778,184,Moderate
2025-12-20 11:00:00,113.9,115.3,31.0,1.798,17.9,63,1.0,185,Moderate
2025-12-20 12:00:00,97.1,98.5,22.0,1.575,19.6,56,0.8611111111111112,185,Moderate
2025-12-20 13:00:00,85.7,86.8,16.4,1.433,20.6,52,0.6666666666666666,185,Moderate
2025-12-20 14:00:00,78.5,79.4,20.9,1.405,21.1,49,0.3611111111111111,185,Moderate
2025-12-20 15:00:00,76.4,77.5,43.2,1.574,21.2,48,0.5277777777777778,186,Moderate
2025-12-20 16:00:00,88.0,88.9,75.7,1.857,20.7,51,0.9166666666666666,186,Moderate
2025-12-20 17:00:00,175.6,178.8,106.1,2.035,18.5,61,1.3055555555555556,187,Moderate
2025-12-20 18:00:00,214.7,217.5,112.3,1.989,17.0,71,1.6666666666666665,188,Moderate
2025-12-20 19:00:00,220.7,223.1,120.2,1.839,15.8,80,1.6388888888888888,190,Moderate
2025-12-20 20:00:00,207.7,209.5,120.8,1.717,14.7,86,1.7222222222222223,193,Moderate
2025-12-20 21:00:00,198.8,200.7,108.0,1.683,13.8,90,1.6666666666666665,194,Moderate
2025-12-20 22:00:00,194.2,196.0,87.8,1.677,12.9,93,1.777777777777778,196,Moderate
2025-12-20 23:00:00,190.5,192.3,69.8,1.663,12.2,95,1.7222222222222223,198,Moderate
2025-12-21 00:00:00,188.1,190.0,57.0,1.617,11.8,96,1.2777777777777777,199,Moderate
2025-12-21 01:00:00,188.6,190.5,46.3,1.561,11.4,97,1.2222222222222223,200,Moderate
2025-12-21 02:00:00,189.1,191.4,38.0,1.526,11.1,97,1.25,203,Poor
2025-12-21 03:00:00,190.0,191.9,31.7,1.521,10.8,98,1.2222222222222223,206,Poor
2025-12-21 04:00:00,190.9,193.2,27.8,1.537,10.5,98,1.25,209,Poor
2025-12-21 05:00:00,190.9,193.2,28.5,1.577,10.6,99,1.1944444444444444,211,Poor
2025-12-21 06:00:00,200.2,203.0,36.3,1.676,10.6,100,1.3888888888888888,214,Poor
2025-12-21 07:00:00,217.0,219.8,46.9,1.799,10.6,100,1.472222222222222,216,Poor
2025-12-21 08:00:00,219.8,222.1,52.7,1.849,11.0,98,1.3888888888888888,217,Poor
2025-12-21 09:00:00,218.4,220.7,49.5,1.766,12.6,90,1.5,217,Poor
2025-12-21 10:00:00,204.9,207.2,41.5,1.61,14.8,79,1.3888888888888888,219,Poor
2025-12-21 11:00:00,180.7,183.9,34.7,1.46,16.1,72,0.9722222222222222,222,Poor
2025-12-21 12:00:00,160.7,163.4,28.7,1.314,18.2,63,0.7777777777777777,225,Poor
2025-12-21 13:00:00,149.0,152.3,23.7,1.174,19.6,57,0.7777777777777777,227,Poor
2025-12-21 14:00:00,143.9,146.7,26.6,1.122,20.1,55,0.8611111111111112,230,Poor
2025-12-21 15:00:00,143.0,145.8,43.4,1.183,20.3,55,0.8611111111111112,233,Poor
2025-12-21 16:00:00,151.8,154.1,68.1,1.332,19.8,58,0.8333333333333333,236,Poor
2025-12-21 17:00:00,211.9,214.7,96.6,1.58,17.2,68,0.6666666666666666,238,Poor
2025-12-21 18:00:00,244.9,248.7,102.6,2.023,16.5,73,0.7777777777777777,240,Poor
2025-12-21 19:00:00,245.0,269.2,110.7,2.566,15.7,79,0.7222222222222222,241,Poor
2025-12-21 20:00:00,245.0,275.7,115.1,2.932,15.1,83,0.8055555555555555,243,Poor
2025-12-21 21:00:00,245.0,274.7,113.1,2.978,14.4,87,0.75,246,Poor
2025-12-21 22:00:00,245.0,270.1,107.4,2.847,13.9,90,0.9722222222222222,249,Poor
2025-12-21 23:00:00,245.0,260.8,99.9,2.696,13.4,92,1.3888888888888888,252,Poor
2025-12-22 00:00:00,241.2,244.0,89.7,2.564,12.8,95,1.2777777777777777,255,Poor
2025-12-22 01:00:00,230.0,232.4,77.6,2.412,12.5,95,1.1111111111111112,257,Poor
2025-12-22 02:00:00,223.1,225.4,68.3,2.272,12.1,97,0.9166666666666666,258,Poor
2025-12-22 03:00:00,224.0,226.3,63.3,2.153,11.4,99,0.8055555555555555,260,Poor
2025-12-22 04:00:00,230.5,233.3,60.9,2.047,11.2,100,0.75,261,Poor
2025-12-22 05:00:00,197.9,200.7,33.4,1.964,11.6,99,1.25,263,Poor
2025-12-22 06:00:00,207.2,209.5,42.1,1.921,11.5,99,1.0833333333333333,263,Poor
2025-12-22 07:00:00,223.1,225.8,53.6,1.9,11.4,99,0.9722222222222222,264,Poor
2025-12-22 08:00:00,224.4,226.8,59.3,1.857,11.6,98,1.0,264,Poor
2025-12-22 09:00:00,215.1,217.9,53.6,1.756,12.4,96,1.1944444444444444,264,Poor
2025-12-22 10:00:00,192.8,196.5,41.9,1.634,14.4,85,0.888888888888889,264,Poor
2025-12-22 11:00:00,177.0,180.7,32.0,1.554,15.5,79,0.19444444444444442,263,Poor
2025-12-22 12:00:00,165.3,169.5,24.3,1.535,18.0,68,0.3611111111111111,263,Poor
2025-12-22 13:00:00,155.5,159.7,18.4,1.559,19.7,60,0.6944444444444444,263,Poor
2025-12-22 14:00:00,146.2,150.4,20.6,1.631,20.7,56,0.8611111111111112,264,Poor
2025-12-22 15:00:00,143.0,146.7,36.9,1.779,21.0,56,0.75,264,Poor
2025-12-22 16:00:00,150.4,153.7,61.3,1.974,20.5,59,0.8611111111111112,264,Poor
2025-12-22 17:00:00,189.5,192.8,97.8,2.142,19.1,69,0.11111111111111112,264,Poor
2025-12-22 18:00:00,226.3,229.6,113.1,2.243,18.1,72,0.16666666666666666,263,Poor
2025-12-22 19:00:00,245.0,267.3,133.9,2.316,17.2,76,0.19444444444444442,262,Poor
2025-12-22 20:00:00,245.0,296.2,134.8,2.398,16.1,81,0.4444444444444445,262,Poor
2025-12-22 21:00:00,245.0,315.7,134.8,2.549,15.4,86,0.4444444444444445,263,Poor
2025-12-22 22:00:00,245.0,326.9,134.8,2.71,14.6,89,0.38888888888888884,264,Poor
2025-12-22 23:00:00,245.0,314.8,124.4,2.742,14.1,92,0.8055555555555555,267,Poor
2025-12-23 00:00:00,245.0,275.7,107.8,2.536,13.2,95,0.8055555555555555,269,Poor
2025-12-23 01:00:00,236.6,239.3,87.6,2.2,12.8,97,1.0555555555555556,270,Poor
2025-12-23 02:00:00,209.1,211.9,69.1,1.924,12.8,98,1.1944444444444444,271,Poor
2025-12-23 03:00:00,187.7,190.9,53.0,1.761,12.8,98,1.6944444444444442,270,Poor
2025-12-23 04:00:00,171.8,174.6,38.5,1.658,12.4,100,1.8888888888888888,269,Poor
2025-12-23 05:00:00,162.5,166.2,27.0,1.641,12.1,99,2.2222222222222223,266,Poor
2025-12-23 06:00:00,162.5,165.8,31.3,1.79,11.8,100,2.305555555555556,265,Poor
2025-12-23 07:00:00,162.5,165.8,37.0,2.027,11.9,100,2.5277777777777777,263,Poor
2025-12-23 08:00:00,155.1,157.9,39.0,2.14,12.6,99,2.4166666666666665,260,Poor
2025-12-23 09:00:00,148.5,150.9,33.9,2.025,14.3,91,1.7222222222222223,257,Poor
2025-12-23 10:00:00,130.9,134.1,25.2,1.787,17.2,74,1.6388888888888888,255,Poor
2025-12-23 11:00:00,108.5,112.7,18.0,1.533,19.5,64,1.8333333333333333,252,Poor
2025-12-23 12:00:00,90.3,94.1,13.5,1.259,21.6,55,1.8888888888888888,249,Poor
2025-12-23 13:00:00,80.6,84.1,10.5,0.969,23.1,50,2.2222222222222223,246,Poor
2025-12-23 14:00:00,73.3,76.4,11.1,0.779,23.7,48,2.5833333333333335,243,Poor
2025-12-23 15:00:00,69.2,71.9,18.2,0.764,23.4,50,2.75,240,Poor
2025-12-23 16:00:00,70.8,73.1,28.8,0.849,22.5,56,2.5555555555555554,237,Poor
2025-12-23 17:00:00,89.2,90.8,37.9,0.924,21.2,59,2.388888888888889,233,Poor
2025-12-23 18:00:00,92.9,94.5,35.7,0.954,20.1,65,2.361111111111111,229,Poor
2025-12-23 19:00:00,95.5,97.1,32.5,0.975,19.2,69,2.5833333333333335,224,Poor
2025-12-23 20:00:00,97.1,98.7,29.1,0.982,18.2,72,2.6666666666666665,217,Poor
2025-12-23 21:00:00,97.6,99.2,25.7,0.977,17.2,76,2.638888888888889,209,Poor
2025-12-23 22:00:00,96.6,98.5,22.2,0.958,16.4,80,2.6666666666666665,200,Moderate
2025-12-23 23:00:00,92.4,94.3,19.0,0.915,15.6,83,2.7222222222222223,195,Moderate
2025-12-24 00:00:00,85.7,87.8,16.2,0.825,14.8,86,2.7777777777777777,190,Moderate
2025-12-24 01:00:00,78.9,81.3,13.8,0.71,14.3,88,2.6666666666666665,186,Moderate
2025-12-24 02:00:00,72.6,75.2,12.3,0.627,13.9,89,2.7222222222222223,182,Moderate
2025-12-24 03:00:00,66.8,69.4,11.6,0.582,13.6,90,2.5555555555555554,179,Moderate
2025-12-24 04:00:00,62.2,64.5,11.8,0.569,13.1,90,2.4722222222222223,177,Moderate
2025-12-24 05:00:00,57.0,58.6,12.8,0.626,12.8,91,2.5555555555555554,174,Moderate
2025-12-24 06:00:00,56.6,57.9,16.7,0.829,12.2,90,2.5555555555555554,172,Moderate
2025-12-24 07:00:00,58.9,60.1,22.0,1.102,11.9,90,2.611111111111111,170,Moderate
2025-12-24 08:00:00,59.6,60.3,24.7,1.254,12.9,83,2.388888888888889,167,Moderate
2025-12-24 09:00:00,58.3,59.0,22.6,1.177,14.8,73,2.1944444444444446,165,Moderate
2025-12-24 10:00:00,52.6,53.4,18.0,0.978,17.0,63,2.1944444444444446,163,Moderate
2025-12-24 11:00:00,46.4,47.6,14.0,0.793,19.5,54,2.638888888888889,162,Moderate
2025-12-24 12:00:00,34.7,37.3,10.6,0.648,21.0,41,3.1111111111111107,160,Moderate
2025-12-24 13:00:00,25.5,29.6,7.7,0.517,21.5,37,3.0,159,Moderate
2025-12-24 14:00:00,24.3,28.3,8.1,0.452,21.6,36,2.944444444444444,158,Moderate
2025-12-24 15:00:00,24.0,27.5,14.0,0.481,21.2,38,2.944444444444444,157,Moderate
2025-12-24 16:00:00,26.0,28.7,23.1,0.577,20.3,41,2.888888888888889,156,Moderate
2025-12-24 17:00:00,36.4,39.5,35.4,0.709,19.3,46,2.2222222222222223,155,Moderate
2025-12-24 18:00:00,48.9,51.5,43.2,0.909,18.5,49,1.6666666666666665,154,Moderate
2025-12-24 19:00:00,60.5,63.1,54.0,1.144,17.3,55,1.2222222222222223,153,Moderate
2025-12-24 20:00:00,73.3,76.1,61.6,1.292,16.5,58,1.3055555555555556,152,Moderate
2025-12-24 21:00:00,85.7,88.7,63.5,1.283,15.8,62,1.4166666666666665,151,Moderate
2025-12-24 22:00:00,94.3,97.8,62.3,1.185,14.9,65,1.3888888888888888,151,Moderate
2025-12-24 23:00:00,94.3,98.0,59.8,1.082,14.2,69,1.3333333333333333,151,Moderate
2025-12-25 00:00:00,90.6,94.1,56.1,0.988,13.2,71,1.3055555555555556,151,Moderate
2025-12-25 01:00:00,85.4,88.7,51.2,0.888,12.9,71,1.611111111111111,151,Moderate
2025-12-25 02:00:00,80.3,83.4,46.3,0.819,12.3,73,1.75,151,Moderate
2025-12-25 03:00:00,76.4,79.2,41.3,0.774,11.6,74,1.6666666666666665,152,Moderate
2025-12-25 04:00:00,72.9,75.7,36.4,0.76,11.1,75,1.8055555555555556,152,Moderate
2025-12-25 05:00:00,71.0,73.6,38.4,0.833,10.6,80,2.055555555555556,152,Moderate
2025-12-25 06:00:00,71.2,73.6,39.2,1.094,10.2,80,1.9444444444444444,152,Moderate
2025-12-25 07:00:00,75.9,78.7,40.0,1.441,10.0,79,1.9444444444444444,153,Moderate
2025-12-25 08:00:00,79.2,81.7,39.1,1.632,11.1,72,2.055555555555556,153,Moderate
2025-12-25 09:00:00,76.1,78.7,34.9,1.523,13.4,61,1.1111111111111112,153,Moderate
2025-12-25 10:00:00,73.1,75.2,28.9,1.257,16.3,49,0.9722222222222222,154,Moderate
2025-12-25 11:00:00,68.0,69.8,23.5,1.016,18.8,42,1.1666666666666667,154,Moderate
2025-12-25 12:00:00,59.5,61.7,17.7,0.835,20.4,37,1.2222222222222223,155,Moderate
2025-12-25 13:00:00,50.4,52.6,12.3,0.68,21.3,33,1.3333333333333333,155,Moderate
2025-12-25 14:00:00,44.0,46.0,12.8,0.625,21.8,31,1.4444444444444444,156,Moderate
2025-12-25 15:00:00,40.4,42.4,22.9,0.724,21.5,32,1.5,156,Moderate
2025-12-25 16:00:00,43.5,44.9,38.8,0.924,20.8,34,1.5555555555555554,157,Moderate
2025-12-25 17:00:00,94.8,98.3,59.4,1.14,18.6,49,0.8333333333333333,157,Moderate
2025-12-25 18:00:00,126.2,129.0,70.8,1.358,17.4,52,0.888888888888889,158,Moderate
2025-12-25 19:00:00,146.2,148.5,86.3,1.592,16.7,57,0.7222222222222222,160,Moderate
2025-12-25 20:00:00,159.7,162.1,96.8,1.797,16.2,59,0.5,162,Moderate
2025-12-25 21:00:00,167.2,169.0,97.7,1.96,15.8,62,0.3055555555555556,164,Moderate
2025-12-25 22:00:00,177.4,179.3,93.6,2.095,15.1,66,0.16666666666666666,166,Moderate
2025-12-25 23:00:00,186.3,189.5,89.5,2.199,14.2,70,0.3055555555555556,167,Moderate
2025-12-26 00:00:00,189.5,193.2,87.1,2.272,12.2,94,0.5833333333333334,169,Moderate
2025-12-26 01:00:00,189.5,194.2,84.7,2.315,11.9,95,0.8611111111111112,172,Moderate
2025-12-26 02:00:00,186.3,191.4,81.5,2.329,11.4,98,0.7222222222222222,174,Moderate
2025-12-26 03:00:00,180.7,185.8,76.8,2.23,11.1,100,0.6388888888888888,176,Moderate
2025-12-26 04:00:00,173.2,177.9,71.3,2.102,11.1,100,0.5277777777777778,178,Moderate
2025-12-26 05:00:00,144.4,146.2,65.2,2.199,10.3,100,0.6944444444444444,181,Moderate
2025-12-26 06:00:00,133.6,134.6,64.7,2.835,10.1,100,0.8055555555555555,182,Moderate
2025-12-26 07:00:00,138.8,139.7,63.8,3.1689999999999996,9.8,100,0.4444444444444445,184,Moderate
2025-12-26 08:00:00,146.7,148.5,60.6,3.1689999999999996,10.3,99,0.6944444444444444,185,Moderate
2025-12-26 09:00:00,134.6,135.5,53.8,3.1689999999999996,12.0,92,0.5,186,Moderate
2025-12-26 10:00:00,116.9,117.3,44.9,2.65,14.1,81,0.5277777777777778,188,Moderate
2025-12-26 11:00:00,87.3,87.8,36.3,1.84,16.4,71,0.4444444444444445,189,Moderate
2025-12-26 12:00:00,67.1,67.8,26.5,1.374,18.2,63,0.9444444444444444,189,Moderate
2025-12-26 13:00:00,56.6,57.5,17.2,1.051,19.3,58,1.1944444444444444,189,Moderate
2025-12-26 14:00:00,51.3,52.2,15.6,0.872,19.6,56,1.3333333333333333,189,Moderate
2025-12-26 15:00:00,49.0,49.8,27.5,0.86,19.5,57,1.3333333333333333,190,Moderate
2025-12-26 16:00:00,55.5,56.1,47.2,0.991,19.0,58,1.1666666666666667,190,Moderate
2025-12-26 17:00:00,112.2,113.4,62.6,1.199,18.3,65,0.7222222222222222,190,Moderate
2025-12-26 18:00:00,133.6,134.6,69.1,1.528,17.0,72,0.6111111111111112,190,Moderate
2025-12-26 19:00:00,149.9,150.9,77.8,1.933,16.1,76,0.3611111111111111,191,Moderate
2025-12-26 20:00:00,156.5,157.4,81.8,2.21,15.4,79,0.22222222222222224,191,Moderate
2025-12-26 21:00:00,155.1,156.0,77.8,2.253,14.6,82,0.3055555555555556,191,Moderate
2025-12-26 22:00:00,152.7,153.7,69.1,2.167,13.9,85,0.3055555555555556,190,Moderate
2025-12-26 23:00:00,147.1,148.1,59.6,2.067,12.2,93,0.6111111111111112,190,Moderate
2025-12-27 00:00:00,137.8,138.8,49.4,1.98,11.6,96,0.7222222222222222,189,Moderate
2025-12-27 01:00:00,129.9,130.4,38.4,1.878,11.1,100,0.888888888888889,188,Moderate
2025-12-27 02:00:00,122.5,122.9,29.7,1.788,10.9,100,0.9166666666666666,187,Moderate
2025-12-27 03:00:00,115.9,116.6,24.0,1.674,10.6,100,1.0833333333333333,185,Moderate
2025-12-27 04:00:00,110.8,111.5,20.5,1.571,10.2,100,1.1666666666666667,184,Moderate
2025-12-27 05:00:00,112.0,112.7,18.6,1.612,9.8,100,0.8611111111111112,182,Moderate
2025-12-27 06:00:00,115.9,116.6,26.0,1.972,9.4,100,0.8055555555555555,182,Moderate
2025-12-27 07:00:00,125.7,126.2,35.8,2.476,9.4,100,0.8055555555555555,181,Moderate
2025-12-27 08:00:00,130.4,130.9,40.9,2.729,10.2,97,0.9166666666666666,181,Moderate
2025-12-27 09:00:00,129.0,129.5,36.7,2.49,12.1,90,0.6944444444444444,181,Moderate
2025-12-27 10:00:00,119.2,120.1,27.6,1.999,14.9,77,0.9166666666666666,180,Moderate
2025-12-27 11:00:00,109.0,110.1,20.0,1.584,17.2,66,1.1111111111111112,181,Moderate
2025-12-27 12:00:00,94.3,95.5,14.5,1.355,18.5,60,1.5277777777777777,181,Moderate
2025-12-27 13:00:00,80.3,81.5,10.5,1.202,19.5,56,1.6666666666666665,182,Moderate
2025-12-27 14:00:00,71.7,72.9,12.0,1.12,19.7,54,1.6944444444444442,182,Moderate
2025-12-27 15:00:00,69.2,70.1,22.8,1.097,19.6,54,1.5555555555555554,183,Moderate
2025-12-27 16:00:00,73.1,73.8,39.2,1.145,19.1,57,1.3333333333333333,183,Moderate
2025-12-27 17:00:00,146.7,149.0,80.1,1.291,18.2,63,0.8611111111111112,183,Moderate
2025-12-27 18:00:00,180.7,182.5,92.2,1.619,17.0,70,0.6666666666666666,184,Moderate
2025-12-27 19:00:00,216.5,218.4,108.9,2.045,16.0,75,0.6388888888888888,185,Moderate
2025-12-27 20:00:00,245.0,253.3,122.1,2.34,15.4,78,0.3055555555555556,187,Moderate
2025-12-27 21:00:00,245.0,283.1,129.2,2.41,14.6,81,0.1388888888888889,189,Moderate
2025-12-27 22:00:00,245.0,307.3,132.7,2.35,13.9,84,0.22222222222222224,191,Moderate
2025-12-27 23:00:00,245.0,320.4,132.4,2.216,11.9,92,0.6944444444444444,195,Moderate
2025-12-28 00:00:00,245.0,320.4,127.6,1.975,11.1,95,0.6944444444444444,199,Moderate
2025-12-28 01:00:00,245.0,312.0,118.8,1.661,10.4,100,0.888888888888889,205,Poor
2025-12-28 02:00:00,245.0,296.2,107.5,1.43,10.3,100,1.0555555555555556,212,Poor
2025-12-28 03:00:00,245.0,276.6,91.8,1.317,9.9,100,0.9722222222222222,220,Poor
2025-12-28 04:00:00,245.0,257.0,73.5,1.286,9.2,100,0.6666666666666666,226,Poor
2025-12-28 05:00:00,217.0,217.9,51.3,1.389,8.8,100,0.8611111111111112,232,Poor
2025-12-28 06:00:00,217.0,217.9,51.3,1.763,8.1,100,0.6111111111111112,237,Poor
2025-12-28 07:00:00,224.0,224.4,51.1,2.271,7.8,100,0.6944444444444444,241,Poor
2025-12-28 08:00:00,220.7,221.2,49.0,2.552,7.9,100,0.5,245,Poor
2025-12-28 09:00:00,205.4,206.3,43.6,2.403,9.5,98,0.41666666666666663,249,Poor
2025-12-28 10:00:00,179.3,179.7,36.2,2.026,12.8,84,0.5,252,Poor
2025-12-28 11:00:00,145.3,146.2,29.3,1.669,15.6,74,0.5,254,Poor
2025-12-28 12:00:00,111.8,112.7,21.6,1.377,17.8,62,0.9444444444444444,256,Poor
2025-12-28 13:00:00,88.7,89.9,14.4,1.104,19.0,55,1.3333333333333333,257,Poor
2025-12-28 14:00:00,76.6,77.8,13.5,0.964,19.6,53,1.3611111111111112,257,Poor
2025-12-28 15:00:00,71.9,73.1,23.7,1.023,19.7,51,1.3333333333333333,257,Poor
2025-12-28 16:00:00,74.5,75.4,40.4,1.213,19.1,53,1.1388888888888888,257,Poor
2025-12-28 17:00:00,164.4,166.2,72.2,1.45,17.3,68,0.8333333333333333,257,Poor
2025-12-28 18:00:00,182.5,184.4,80.6,1.73,15.4,79,0.9444444444444444,258,Poor
2025-12-28 19:00:00,200.7,202.1,92.0,2.055,14.1,89,0.9166666666666666,258,Poor
2025-12-28 20:00:00,218.9,220.3,99.7,2.347,13.1,94,1.027777777777778,257,Poor
2025-12-28 21:00:00,237.0,238.4,101.0,2.605,12.4,95,0.9166666666666666,256,Poor
2025-12-28 22:00:00,245.0,254.3,98.5,2.83,11.9,96,0.9444444444444444,254,Poor
2025-12-28 23:00:00,245.0,260.8,93.4,2.945,11.6,96,0.8333333333333333,252,Poor
2025-12-29 00:00:00,245.0,250.5,84.9,2.897,11.1,98,0.7222222222222222,250,Poor
2025-12-29 01:00:00,229.1,230.0,73.7,2.739,10.7,100,0.6944444444444444,247,Poor
2025-12-29 02:00:00,206.8,207.7,63.1,2.557,10.6,100,0.6388888888888888,243,Poor
2025-12-29 03:00:00,185.3,185.8,53.0,2.349,10.1,100,0.3611111111111111,240,Poor
2025-12-29 04:00:00,168.1,169.0,43.5,2.117,9.8,100,0.3055555555555556,236,Poor
2025-12-29 05:00:00,222.1,223.1,62.6,1.949,9.4,100,0.38888888888888884,232,Poor
2025-12-29 06:00:00,207.7,208.2,61.5,1.904,9.0,100,0.22222222222222224,233,Poor
2025-12-29 07:00:00,199.3,199.8,59.8,1.922,8.7,100,0.1388888888888889,232,Poor
2025-12-29 08:00:00,187.2,187.2,56.8,1.915,9.1,100,0.22222222222222224,231,Poor
2025-12-29 09:00:00,177.4,177.9,52.1,1.861,10.6,98,0.1388888888888889,230,Poor
2025-12-29 10:00:00,171.4,171.8,46.0,1.78,12.2,91,0.3055555555555556,229,Poor
2025-12-29 11:00:00,155.1,155.5,39.3,1.65,13.2,86,0.5,228,Poor
2025-12-29 12:00:00,127.6,128.5,29.4,1.397,15.4,76,0.3055555555555556,229,Poor
2025-12-29 13:00:00,105.2,106.6,18.9,1.094,16.8,70,0.5,229,Poor
2025-12-29 14:00:00,94.8,96.2,15.9,0.932,17.7,65,0.5,230,Poor
2025-12-29 15:00:00,89.6,91.0,26.1,0.997,17.9,66,0.5277777777777778,231,Poor
2025-12-29 16:00:00,92.2,93.4,43.9,1.204,17.6,67,0.5833333333333334,231,Poor
2025-12-29 17:00:00,172.8,175.1,69.2,1.487,16.2,75,0.6388888888888888,232,Poor
2025-12-29 18:00:00,199.3,201.2,78.1,1.893,14.9,84,0.6944444444444444,233,Poor
2025-12-29 19:00:00,218.9,221.2,90.1,2.376,13.5,92,0.9444444444444444,233,Poor
2025-12-29 20:00:00,224.9,226.8,96.7,2.732,12.3,98,1.0555555555555556,234,Poor
2025-12-29 21:00:00,224.0,225.4,93.3,2.869,11.8,98,1.0555555555555556,234,Poor
2025-12-29 22:00:00,221.2,222.1,84.5,2.879,11.4,97,1.0,234,Poor
2025-12-29 23:00:00,215.1,216.1,75.8,2.833,10.6,100,0.8055555555555555,232,Poor
2025-12-30 00:00:00,205.4,206.3,68.8,2.74,10.3,100,1.0,231,Poor
2025-12-30 01:00:00,197.4,198.4,61.9,2.591,10.1,99,0.9444444444444444,229,Poor
2025-12-30 02:00:00,192.3,192.8,55.2,2.431,9.9,98,0.8055555555555555,227,Poor
2025-12-30 03:00:00,186.3,186.7,47.7,2.243,9.4,98,0.7222222222222222,227,Poor
2025-12-30 04:00:00,178.8,179.3,40.4,2.043,9.1,99,0.6111111111111112,227,Poor
2025-12-30 05:00:00,169.5,170.4,28.3,1.924,9.8,99,0.6944444444444444,227,Poor
2025-12-30 06:00:00,169.5,170.4,36.3,1.971,9.9,97,0.8055555555555555,225,Poor
2025-12-30 07:00:00,182.1,183.0,46.9,2.099,9.5,99,1.1111111111111112,223,Poor
2025-12-30 08:00:00,193.7,194.2,51.7,2.147,9.4,100,1.1111111111111112,223,Poor
2025-12-30 09:00:00,176.5,177.4,45.2,2.044,9.8,98,1.0,223,Poor
2025-12-30 10:00:00,152.3,153.7,32.8,1.861,10.6,93,1.1111111111111112,223,Poor
2025-12-30 11:00:00,120.6,122.9,22.7,1.648,12.9,84,0.38888888888888884,222,Poor
2025-12-30 12:00:00,96.4,99.0,16.8,1.368,14.8,77,0.8055555555555555,221,Poor
2025-12-30 13:00:00,85.7,88.2,13.1,1.059,16.5,65,1.1111111111111112,219,Poor
2025-12-30 14:00:00,80.3,82.4,14.0,0.88,17.4,61,1.3055555555555556,219,Poor
2025-12-30 15:00:00,76.6,78.2,22.0,0.905,17.8,60,1.2222222222222223,218,Poor
2025-12-30 16:00:00,78.7,80.1,34.5,1.061,17.5,58,1.1388888888888888,217,Poor
2025-12-30 17:00:00,107.6,109.7,45.9,1.285,16.7,63,0.8055555555555555,217,Poor
2025-12-30 18:00:00,121.1,122.9,53.8,1.598,15.0,73,0.8333333333333333,214,Poor
2025-12-30 19:00:00,134.1,135.5,64.5,1.979,13.6,81,0.8611111111111112,211,Poor
2025-12-30 20:00:00,145.8,147.1,71.6,2.303,12.8,87,0.888888888888889,207,Poor
2025-12-30 21:00:00,155.1,156.5,71.5,2.505,12.1,91,0.8055555555555555,204,Poor
2025-12-30 22:00:00,166.2,167.6,67.8,2.651,11.6,92,0.9166666666666666,201,Poor
2025-12-30 23:00:00,176.0,177.4,64.4,2.814,10.6,96,0.8055555555555555,199,Moderate
2025-12-31 00:00:00,183.5,184.9,62.9,3.048,10.2,96,0.9166666666666666,199,Moderate
2025-12-31 01:00:00,192.3,193.7,61.7,3.1689999999999996,9.8,96,1.0,198,Moderate
2025-12-31 02:00:00,200.7,201.6,60.8,3.1689999999999996,9.4,97,1.0,198,Moderate
2025-12-31 03:00:00,206.8,208.2,59.7,3.1689999999999996,9.2,97,1.0,198,Moderate
2025-12-31 04:00:00,211.9,213.3,58.8,3.1689999999999996,9.1,98,1.1111111111111112,199,Moderate
2025-12-31 05:00:00,217.5,218.9,59.1,3.1689999999999996,9.1,98,1.1944444444444444,199,Moderate
2025-12-31 06:00:00,233.3,234.7,62.5,3.1689999999999996,9.2,99,1.4444444444444444,201,Poor
2025-12-31 07:00:00,245.0,269.2,67.1,3.1689999999999996,9.6,100,1.9166666666666667,203,Poor
2025-12-31 08:00:00,245.0,293.4,68.0,3.1689999999999996,10.0,98,2.1944444444444446,207,Poor
2025-12-31 09:00:00,225.8,226.8,62.0,3.1689999999999996,11.2,92,2.138888888888889,211,Poor
2025-12-31 10:00:00,194.6,195.6,52.4,3.006,13.1,85,2.1944444444444446,213,Poor
2025-12-31 11:00:00,160.7,162.1,43.8,2.154,15.2,78,2.4166666666666665,215,Poor
2025-12-31 12:00:00,128.5,129.9,35.3,1.612,16.6,73,2.138888888888889,217,Poor
2025-12-31 13:00:00,109.2,110.6,27.8,1.211,17.8,70,2.138888888888889,218,Poor
2025-12-31 14:00:00,99.7,100.8,29.1,0.972,18.3,69,2.2777777777777777,219,Poor
2025-12-31 15:00:00,95.5,96.4,46.9,0.951,18.2,70,2.1666666666666665,220,Poor
2025-12-31 16:00:00,107.3,108.3,73.5,1.091,17.9,72,2.25,221,Poor
2025-12-31 17:00:00,143.0,143.4,93.6,1.251,17.0,76,1.9444444444444444,222,Poor
2025-12-31 18:00:00,164.4,164.8,101.2,1.415,15.9,83,1.777777777777778,223,Poor
2025-12-31 19:00:00,169.5,170.0,102.2,1.597,14.9,86,1.8611111111111112,225,Poor
2025-12-31 20:00:00,170.4,170.9,99.1,1.698,14.2,89,1.777777777777778,226,Poor
2025-12-31 21:00:00,166.7,167.6,91.3,1.656,13.6,91,1.5555555555555554,228,Poor
2025-12-31 22:00:00,163.4,163.9,79.3,1.534,13.1,93,1.5,228,Poor
2025-12-31 23:00:00,158.3,158.8,66.9,1.417,12.8,94,1.5,228,Poor
